# Started at: 2022-06-26 17:24:36 +0000, Version: v0.1-182-g8091d52, Generated by: thermobench --verbose --randomize --time=180 --wait=50 --wait-timeout=60 --sensors_file=/root/thermobench/src/sensors.tx2 --cpu-usage --column=CPU0_work_done --column=CPU1_work_done --column=CPU2_work_done --column=CPU3_work_done --column=CPU4_work_done --column=CPU5_work_done --output=/root/JSA/lr_experiment/measurements_randomized/tx2//38_21_0_0_21_0.json.yaml.csv -- demos-sched -p high -c /root/JSA/lr_experiment/demos_configurations/tx2//38_21_0_0_21_0.json.yaml
time/ms,Cortex_A57_temp/m°C,Denver2_temp/m°C,GPU_temp/m°C,PLL_temp/m°C,Tboard_temp/m°C,Tdiode_temp/m°C,Thfan_temp/m°C,GPU_load/‰,GPU_freq/Hz,Cortex_A57_0_freq/Hz,Denver2_0_freq/Hz,Denver2_1_freq/Hz,Cortex_A57_1_freq/Hz,Cortex_A57_2_freq/Hz,Cortex_A57_3_freq/Hz,GPU_voltage/µV,CPU_voltage/µV,EMC_freq/Hz,SYS_GPU_current/mA,SYS_GPU_voltage/mV,SYS_GPU_power/mW,SYS_SOC_current/mA,SYS_SOC_voltage/mV,SYS_SOC_power/mW,4V0_WIFI_current/mA,4V0_WIFI_voltage/mV,4V0_WIFI_power/mW,IN_current/mA,IN_voltage/mV,IN_power/mW,SYS_CPU_current/mA,SYS_CPU_voltage/mV,SYS_CPU_power/mW,SYS_DDR_current/mA,SYS_DDR_voltage/mV,SYS_DDR_power/mW,CUR_PWM/%,CPU0_work_done,CPU1_work_done,CPU2_work_done,CPU3_work_done,CPU4_work_done,CPU5_work_done,CPU0_load/%,CPU1_load/%,CPU2_load/%,CPU3_load/%,CPU4_load/%,CPU5_load/%
51.8807,,,,,,,,,,,,,,,,,,,,,,,,,,,,,,,,,,,,,,0,,,,,,,,,,,
658.212,,,,,,,,,,,,,,,,,,,,,,,,,,,,,,,,,,,,,,,,,0,,,,,,,,
661.189,,,,,,,,,,,,,,,,,,,,,,,,,,,,,,,,,,,,,,,0,,,,,,,,,,
678.921,,,,,,,,,,,,,,,,,,,,,,,,,,,,,,,,,,,,,,3,,,,,,,,,,,
987.277,55000,55000,54000,55000,51000,53250,54400,0,1.4025e+08,2.035e+06,2.034e+06,2.036e+06,2.035e+06,2.035e+06,2.035e+06,630078,909375,1.6e+09,8,19176,153,36,19168,690,12,4816,57,264,19192,5066,124,19176,2377,168,4816,809,120,,,,,,,95.9596,96.0396,2,96.0396,2.9703,1.0101
1238.72,55500,55500,53500,55500,51000,53250,54400,0,1.4025e+08,1.996e+06,2.035e+06,2.035e+06,2.042e+06,2.051e+06,2.034e+06,630078,917968,1.6e+09,8,19176,153,36,19168,690,12,4816,57,274,19184,5256,128,19176,2454,180,4816,866,120,,,,,,,100,100,0,100,4,4
1296.38,,,,,,,,,,,,,,,,,,,,,,,,,,,,,,,,,,,,,,,1,,,,,,,,,,
1297.75,,,,,,,,,,,,,,,,,,,,,,,,,,,,,,,,,,,,,,,,,1,,,,,,,,
1313.73,,,,,,,,,,,,,,,,,,,,,,,,,,,,,,,,,,,,,,6,,,,,,,,,,,
1892.21,,,,,,,,,,,,,,,,,,,,,,,,,,,,,,,,,,,,,,,,,2,,,,,,,,
1905.36,,,,,,,,,,,,,,,,,,,,,,,,,,,,,,,,,,,,,,,2,,,,,,,,,,
1940.03,,,,,,,,,,,,,,,,,,,,,,,,,,,,,,,,,,,,,,9,,,,,,,,,,,
2149.3,55500,55500,54000,55500,51000,53250,54700,0,1.4025e+08,1.996e+06,2.034e+06,2.035e+06,1.997e+06,1.996e+06,1.996e+06,630078,898632,1.6e+09,8,19176,153,36,19168,690,12,4816,57,280,19184,5371,136,19176,2607,184,4816,886,120,,,,,,,100,100,0,100,0,0
2504.8,,,,,,,,,,,,,,,,,,,,,,,,,,,,,,,,,,,,,,,,,3,,,,,,,,
2508.81,,,,,,,,,,,,,,,,,,,,,,,,,,,,,,,,,,,,,,,3,,,,,,,,,,
2566.26,,,,,,,,,,,,,,,,,,,,,,,,,,,,,,,,,,,,,,12,,,,,,,,,,,
3107.42,,,,,,,,,,,,,,,,,,,,,,,,,,,,,,,,,,,,,,,,,4,,,,,,,,
3115.59,,,,,,,,,,,,,,,,,,,,,,,,,,,,,,,,,,,,,,,4,,,,,,,,,,
3194.12,,,,,,,,,,,,,,,,,,,,,,,,,,,,,,,,,,,,,,15,,,,,,,,,,,
3314.28,56000,56000,54500,56000,51000,53500,54900,0,1.4025e+08,2.036e+06,2.035e+06,2.035e+06,2.035e+06,2.034e+06,2.035e+06,630078,917968,1.6e+09,8,19176,153,36,19168,690,12,4816,57,282,19184,5409,136,19176,2607,184,4816,886,120,,,,,,,100,100,0,100,0.854701,1.7094
3714.41,,,,,,,,,,,,,,,,,,,,,,,,,,,,,,,,,,,,,,,5,,,,,,,,,,
3721.9,,,,,,,,,,,,,,,,,,,,,,,,,,,,,,,,,,,,,,,,,5,,,,,,,,
3820.03,,,,,,,,,,,,,,,,,,,,,,,,,,,,,,,,,,,,,,18,,,,,,,,,,,
4337.98,,,,,,,,,,,,,,,,,,,,,,,,,,,,,,,,,,,,,,,6,,,,,,,,,,
4346.53,,,,,,,,,,,,,,,,,,,,,,,,,,,,,,,,,,,,,,,,,6,,,,,,,,
4453.16,,,,,,,,,,,,,,,,,,,,,,,,,,,,,,,,,,,,,,21,,,,,,,,,,,
4582.33,55500,55500,54000,55500,51000,53500,54900,0,1.4025e+08,2.034e+06,2.035e+06,2.034e+06,2.034e+06,2.035e+06,2.035e+06,630078,909375,1.6e+09,8,19176,153,36,19168,690,12,4816,57,282,19184,5409,136,19176,2607,184,4816,886,120,,,,,,,100,100,0,100,1.5748,1.5748
4950.28,,,,,,,,,,,,,,,,,,,,,,,,,,,,,,,,,,,,,,,7,,,,,,,,,,
4950.88,,,,,,,,,,,,,,,,,,,,,,,,,,,,,,,,,,,,,,,,,7,,,,,,,,
5079.81,,,,,,,,,,,,,,,,,,,,,,,,,,,,,,,,,,,,,,24,,,,,,,,,,,
5229.04,55500,55500,54000,55500,51000,53750,55200,0,1.4025e+08,2.034e+06,2.036e+06,2.034e+06,2.035e+06,2.035e+06,2.038e+06,630078,909375,1.6e+09,8,19176,153,36,19168,690,12,4816,57,282,19184,5409,136,19176,2607,184,4816,886,120,,,,,,,100,100,0,100,0,0
5556.82,,,,,,,,,,,,,,,,,,,,,,,,,,,,,,,,,,,,,,,8,,,,,,,,,,
5559.49,,,,,,,,,,,,,,,,,,,,,,,,,,,,,,,,,,,,,,,,,8,,,,,,,,
5705.62,,,,,,,,,,,,,,,,,,,,,,,,,,,,,,,,,,,,,,27,,,,,,,,,,,
6164.77,,,,,,,,,,,,,,,,,,,,,,,,,,,,,,,,,,,,,,,,,9,,,,,,,,
6170.45,,,,,,,,,,,,,,,,,,,,,,,,,,,,,,,,,,,,,,,9,,,,,,,,,,
6177.53,56000,56000,54000,56000,51000,53750,54900,0,1.4025e+08,1.996e+06,2.034e+06,2.034e+06,1.998e+06,1.996e+06,1.998e+06,630078,898632,1.6e+09,8,19176,153,36,19168,690,12,4816,57,282,19184,5409,136,19176,2607,184,4816,886,120,,,,,,,100,100,0,100,1.05263,0
6333.71,,,,,,,,,,,,,,,,,,,,,,,,,,,,,,,,,,,,,,30,,,,,,,,,,,
6759.52,,,,,,,,,,,,,,,,,,,,,,,,,,,,,,,,,,,,,,,10,,,,,,,,,,
6775.1,,,,,,,,,,,,,,,,,,,,,,,,,,,,,,,,,,,,,,,,,10,,,,,,,,
6960.58,,,,,,,,,,,,,,,,,,,,,,,,,,,,,,,,,,,,,,33,,,,,,,,,,,
7134.84,56000,56000,54000,56000,51000,53750,55400,186,1.4025e+08,2.035e+06,2.035e+06,2.034e+06,2.034e+06,2.034e+06,2.035e+06,630078,917968,1.6e+09,8,19176,153,36,19168,690,12,4816,57,286,19184,5486,136,19176,2607,188,4816,905,120,,,,,,,100,100,1.05263,100,1.05263,2.08333
7384.88,,,,,,,,,,,,,,,,,,,,,,,,,,,,,,,,,,,,,,,11,,,,,,,,,,
7397.94,,,,,,,,,,,,,,,,,,,,,,,,,,,,,,,,,,,,,,,,,11,,,,,,,,
7591.96,,,,,,,,,,,,,,,,,,,,,,,,,,,,,,,,,,,,,,36,,,,,,,,,,,
7995.14,,,,,,,,,,,,,,,,,,,,,,,,,,,,,,,,,,,,,,,,,12,,,,,,,,
8001.57,,,,,,,,,,,,,,,,,,,,,,,,,,,,,,,,,,,,,,,12,,,,,,,,,,
8218.79,,,,,,,,,,,,,,,,,,,,,,,,,,,,,,,,,,,,,,39,,,,,,,,,,,
8332.95,55500,55500,54500,55500,51000,53750,55400,186,1.4025e+08,2.034e+06,2.034e+06,2.034e+06,2.035e+06,2.035e+06,2.034e+06,630078,917968,1.6e+09,8,19176,153,36,19168,690,12,4816,57,282,19184,5409,136,19176,2607,184,4816,886,120,,,,,,,100,100,0,100,0,0
8604.7,,,,,,,,,,,,,,,,,,,,,,,,,,,,,,,,,,,,,,,,,13,,,,,,,,
8607.91,,,,,,,,,,,,,,,,,,,,,,,,,,,,,,,,,,,,,,,13,,,,,,,,,,
8846.27,,,,,,,,,,,,,,,,,,,,,,,,,,,,,,,,,,,,,,42,,,,,,,,,,,
9211.24,,,,,,,,,,,,,,,,,,,,,,,,,,,,,,,,,,,,,,,,,14,,,,,,,,
9216.83,,,,,,,,,,,,,,,,,,,,,,,,,,,,,,,,,,,,,,,14,,,,,,,,,,
9474.3,,,,,,,,,,,,,,,,,,,,,,,,,,,,,,,,,,,,,,45,,,,,,,,,,,
9540.42,55500,55500,54500,55500,51000,54000,55400,185,1.4025e+08,2.041e+06,2.036e+06,2.034e+06,2.035e+06,2.035e+06,2.04e+06,630078,909375,1.6e+09,8,19176,153,36,19168,690,12,4816,57,282,19184,5409,136,19176,2607,184,4816,886,120,,,,,,,100,100,0,100,0,0.826446
9820.34,,,,,,,,,,,,,,,,,,,,,,,,,,,,,,,,,,,,,,,,,15,,,,,,,,
9828.38,,,,,,,,,,,,,,,,,,,,,,,,,,,,,,,,,,,,,,,15,,,,,,,,,,
10101.6,,,,,,,,,,,,,,,,,,,,,,,,,,,,,,,,,,,,,,48,,,,,,,,,,,
10446.3,,,,,,,,,,,,,,,,,,,,,,,,,,,,,,,,,,,,,,,,,16,,,,,,,,
10452.8,,,,,,,,,,,,,,,,,,,,,,,,,,,,,,,,,,,,,,,16,,,,,,,,,,
10704.1,56000,56000,54500,56000,51000,53750,55400,0,1.4025e+08,1.996e+06,2.035e+06,2.034e+06,1.997e+06,1.996e+06,1.996e+06,630078,898632,1.6e+09,8,19176,153,36,19168,690,12,4816,57,282,19184,5409,136,19176,2607,184,4816,886,120,,,,,,,100,100,0.862069,100,2.5641,0
10736.4,,,,,,,,,,,,,,,,,,,,,,,,,,,,,,,,,,,,,,51,,,,,,,,,,,
11052.1,,,,,,,,,,,,,,,,,,,,,,,,,,,,,,,,,,,,,,,17,,,,,,,,,,
11053.7,,,,,,,,,,,,,,,,,,,,,,,,,,,,,,,,,,,,,,,,,17,,,,,,,,
11361,,,,,,,,,,,,,,,,,,,,,,,,,,,,,,,,,,,,,,54,,,,,,,,,,,
11651.8,,,,,,,,,,,,,,,,,,,,,,,,,,,,,,,,,,,,,,,,,18,,,,,,,,
11660.6,,,,,,,,,,,,,,,,,,,,,,,,,,,,,,,,,,,,,,,18,,,,,,,,,,
11915.9,56000,56000,54500,56000,51000,54000,55400,0,1.4025e+08,2.036e+06,2.035e+06,2.035e+06,2.035e+06,2.035e+06,2.035e+06,630078,917968,1.6e+09,8,19176,153,36,19168,690,12,4816,57,282,19184,5409,136,19176,2607,184,4816,886,120,,,,,,,100,100,0,100,0,0.826446
11988.7,,,,,,,,,,,,,,,,,,,,,,,,,,,,,,,,,,,,,,57,,,,,,,,,,,
12264.2,,,,,,,,,,,,,,,,,,,,,,,,,,,,,,,,,,,,,,,,,19,,,,,,,,
12274.8,,,,,,,,,,,,,,,,,,,,,,,,,,,,,,,,,,,,,,,19,,,,,,,,,,
12614.3,,,,,,,,,,,,,,,,,,,,,,,,,,,,,,,,,,,,,,60,,,,,,,,,,,
12720.5,56000,56000,54500,56000,51000,53750,55400,0,1.4025e+08,2.035e+06,2.035e+06,2.034e+06,2.035e+06,2.035e+06,2.035e+06,630078,898632,1.6e+09,8,19176,153,36,19168,690,12,4816,57,282,19184,5409,136,19176,2607,184,4816,886,120,,,,,,,100,100,0,100,0,0
12866.5,,,,,,,,,,,,,,,,,,,,,,,,,,,,,,,,,,,,,,,,,20,,,,,,,,
12891.3,,,,,,,,,,,,,,,,,,,,,,,,,,,,,,,,,,,,,,,20,,,,,,,,,,
13249.9,,,,,,,,,,,,,,,,,,,,,,,,,,,,,,,,,,,,,,63,,,,,,,,,,,
13485.4,,,,,,,,,,,,,,,,,,,,,,,,,,,,,,,,,,,,,,,,,21,,,,,,,,
13532.7,,,,,,,,,,,,,,,,,,,,,,,,,,,,,,,,,,,,,,,21,,,,,,,,,,
13874.7,,,,,,,,,,,,,,,,,,,,,,,,,,,,,,,,,,,,,,66,,,,,,,,,,,
13995.9,56000,56000,54000,56000,51000,54000,55400,0,1.4025e+08,1.996e+06,2.034e+06,2.035e+06,1.996e+06,1.997e+06,1.997e+06,630078,898632,1.6e+09,8,19176,153,36,19168,690,12,4816,57,282,19184,5409,136,19176,2607,184,4816,886,120,,,,,,,100,100,0.78125,100,1.5748,2.32558
14029.2,56000,56000,54500,56000,51000,54000,55400,0,1.4025e+08,1.997e+06,2.034e+06,2.036e+06,1.997e+06,1.996e+06,1.996e+06,630078,898632,1.6e+09,8,19176,153,36,19168,690,12,4816,57,282,19184,5409,136,19176,2607,184,4816,886,120,,,,,,,100,100,0,100,20,0
14097.1,,,,,,,,,,,,,,,,,,,,,,,,,,,,,,,,,,,,,,,,,22,,,,,,,,
14150.3,,,,,,,,,,,,,,,,,,,,,,,,,,,,,,,,,,,,,,,22,,,,,,,,,,
14503.9,,,,,,,,,,,,,,,,,,,,,,,,,,,,,,,,,,,,,,69,,,,,,,,,,,
14698.9,,,,,,,,,,,,,,,,,,,,,,,,,,,,,,,,,,,,,,,,,23,,,,,,,,
14760.8,,,,,,,,,,,,,,,,,,,,,,,,,,,,,,,,,,,,,,,23,,,,,,,,,,
15131.6,,,,,,,,,,,,,,,,,,,,,,,,,,,,,,,,,,,,,,72,,,,,,,,,,,
15305.8,,,,,,,,,,,,,,,,,,,,,,,,,,,,,,,,,,,,,,,,,24,,,,,,,,
15370.3,,,,,,,,,,,,,,,,,,,,,,,,,,,,,,,,,,,,,,,24,,,,,,,,,,
15757.4,,,,,,,,,,,,,,,,,,,,,,,,,,,,,,,,,,,,,,75,,,,,,,,,,,
15864.6,56000,56000,54500,56000,51000,53750,55400,0,1.4025e+08,1.996e+06,2.034e+06,2.035e+06,1.997e+06,1.996e+06,1.998e+06,630078,898632,1.6e+09,8,19176,153,36,19168,690,12,4816,57,282,19184,5409,136,19176,2607,184,4816,886,120,,,,,,,100,100,0,100,0,0
15909,,,,,,,,,,,,,,,,,,,,,,,,,,,,,,,,,,,,,,,,,25,,,,,,,,
15969.9,,,,,,,,,,,,,,,,,,,,,,,,,,,,,,,,,,,,,,,25,,,,,,,,,,
16390.4,,,,,,,,,,,,,,,,,,,,,,,,,,,,,,,,,,,,,,78,,,,,,,,,,,
16533.8,,,,,,,,,,,,,,,,,,,,,,,,,,,,,,,,,,,,,,,,,26,,,,,,,,
16591.2,,,,,,,,,,,,,,,,,,,,,,,,,,,,,,,,,,,,,,,26,,,,,,,,,,
16806.4,56000,56000,54500,56000,51000,54000,55400,0,1.4025e+08,1.997e+06,2.034e+06,2.035e+06,1.995e+06,1.997e+06,1.996e+06,630078,898632,1.6e+09,8,19176,153,36,19168,690,12,4816,57,282,19184,5409,136,19176,2607,184,4816,886,120,,,,,,,100,100,0,100,3.125,1.06383
17017,,,,,,,,,,,,,,,,,,,,,,,,,,,,,,,,,,,,,,81,,,,,,,,,,,
17141.9,,,,,,,,,,,,,,,,,,,,,,,,,,,,,,,,,,,,,,,,,27,,,,,,,,
17203,,,,,,,,,,,,,,,,,,,,,,,,,,,,,,,,,,,,,,,27,,,,,,,,,,
17624.4,56000,56000,54000,56000,51000,54000,55400,0,1.4025e+08,2.035e+06,2.035e+06,2.034e+06,2.036e+06,2.035e+06,2.034e+06,630078,917968,1.6e+09,8,19176,153,36,19168,690,12,4816,57,282,19184,5409,136,19176,2607,184,4816,886,120,,,,,,,100,100,0,100,0,0
17644.9,,,,,,,,,,,,,,,,,,,,,,,,,,,,,,,,,,,,,,84,,,,,,,,,,,
17745,,,,,,,,,,,,,,,,,,,,,,,,,,,,,,,,,,,,,,,,,28,,,,,,,,
17809.6,,,,,,,,,,,,,,,,,,,,,,,,,,,,,,,,,,,,,,,28,,,,,,,,,,
18271.2,,,,,,,,,,,,,,,,,,,,,,,,,,,,,,,,,,,,,,87,,,,,,,,,,,
18357.2,,,,,,,,,,,,,,,,,,,,,,,,,,,,,,,,,,,,,,,,,29,,,,,,,,
18419.2,,,,,,,,,,,,,,,,,,,,,,,,,,,,,,,,,,,,,,,29,,,,,,,,,,
18657.5,56000,56000,54500,56000,51000,54000,55400,0,1.4025e+08,2.034e+06,2.035e+06,2.034e+06,2.034e+06,2.035e+06,2.035e+06,630078,917968,1.6e+09,8,19176,153,36,19168,690,12,4816,57,282,19184,5409,136,19176,2607,184,4816,886,120,,,,,,,100,100,0,100,0,1.90476
18896.4,,,,,,,,,,,,,,,,,,,,,,,,,,,,,,,,,,,,,,90,,,,,,,,,,,
18962.7,,,,,,,,,,,,,,,,,,,,,,,,,,,,,,,,,,,,,,,,,30,,,,,,,,
19026.9,,,,,,,,,,,,,,,,,,,,,,,,,,,,,,,,,,,,,,,30,,,,,,,,,,
19529.8,,,,,,,,,,,,,,,,,,,,,,,,,,,,,,,,,,,,,,93,,,,,,,,,,,
19581.8,,,,,,,,,,,,,,,,,,,,,,,,,,,,,,,,,,,,,,,,,31,,,,,,,,
19655,,,,,,,,,,,,,,,,,,,,,,,,,,,,,,,,,,,,,,,31,,,,,,,,,,
19926.3,56000,56000,54500,56000,51000,54000,55400,0,1.4025e+08,2.036e+06,2.035e+06,2.036e+06,2.034e+06,2.034e+06,2.037e+06,630078,917968,1.6e+09,8,19176,153,36,19168,690,12,4816,57,282,19184,5409,136,19176,2607,184,4816,886,120,,,,,,,100,100,2.34375,100,1.5748,0
20156.2,,,,,,,,,,,,,,,,,,,,,,,,,,,,,,,,,,,,,,96,,,,,,,,,,,
20187.8,,,,,,,,,,,,,,,,,,,,,,,,,,,,,,,,,,,,,,,,,32,,,,,,,,
20286.3,,,,,,,,,,,,,,,,,,,,,,,,,,,,,,,,,,,,,,,32,,,,,,,,,,
20646.8,56000,56000,54500,56000,51000,53750,55400,0,1.4025e+08,1.996e+06,2.034e+06,2.035e+06,1.997e+06,1.997e+06,1.996e+06,630078,898632,1.6e+09,8,19176,153,36,19168,690,12,4816,57,282,19184,5409,136,19176,2607,184,4816,886,120,,,,,,,100,100,0,100,1.38889,0
20781.3,,,,,,,,,,,,,,,,,,,,,,,,,,,,,,,,,,,,,,99,,,,,,,,,,,
20791.4,,,,,,,,,,,,,,,,,,,,,,,,,,,,,,,,,,,,,,,,,33,,,,,,,,
20905.7,,,,,,,,,,,,,,,,,,,,,,,,,,,,,,,,,,,,,,,33,,,,,,,,,,
21226.1,56000,56000,54000,56000,51000,54000,55400,0,1.4025e+08,2.034e+06,2.034e+06,2.035e+06,2.034e+06,2.036e+06,2.035e+06,630078,917968,1.6e+09,8,19176,153,36,19168,690,12,4816,57,282,19184,5409,136,19176,2607,184,4816,886,120,,,,,,,100,100,0,100,0,1.69492
21407,,,,,,,,,,,,,,,,,,,,,,,,,,,,,,,,,,,,,,,,,34,,,,,,,,
21409.6,,,,,,,,,,,,,,,,,,,,,,,,,,,,,,,,,,,,,,102,,,,,,,,,,,
21522.9,,,,,,,,,,,,,,,,,,,,,,,,,,,,,,,,,,,,,,,34,,,,,,,,,,
21999.6,,,,,,,,,,,,,,,,,,,,,,,,,,,,,,,,,,,,,,,,,35,,,,,,,,
22031.7,,,,,,,,,,,,,,,,,,,,,,,,,,,,,,,,,,,,,,105,,,,,,,,,,,
22143,,,,,,,,,,,,,,,,,,,,,,,,,,,,,,,,,,,,,,,35,,,,,,,,,,
22626.3,,,,,,,,,,,,,,,,,,,,,,,,,,,,,,,,,,,,,,,,,36,,,,,,,,
22665.6,,,,,,,,,,,,,,,,,,,,,,,,,,,,,,,,,,,,,,108,,,,,,,,,,,
22765,,,,,,,,,,,,,,,,,,,,,,,,,,,,,,,,,,,,,,,36,,,,,,,,,,
22784.1,56000,56000,54500,56000,51000,54000,55200,0,1.4025e+08,2.034e+06,2.034e+06,2.034e+06,2.035e+06,2.035e+06,2.034e+06,630078,917968,1.6e+09,8,19176,153,36,19168,690,12,4816,57,284,19184,5448,136,19176,2607,184,4816,886,120,,,,,,,100,100,0.641026,100,1.29032,0.645161
23114.6,56500,56500,54500,56500,51000,53750,55200,0,1.4025e+08,1.995e+06,2.036e+06,2.034e+06,1.998e+06,1.996e+06,1.997e+06,630078,898632,1.6e+09,8,19176,153,36,19168,690,12,4816,57,282,19184,5409,136,19176,2607,184,4816,886,120,,,,,,,100,100,0,100,0,3.0303
23258.7,,,,,,,,,,,,,,,,,,,,,,,,,,,,,,,,,,,,,,,,,37,,,,,,,,
23296.9,,,,,,,,,,,,,,,,,,,,,,,,,,,,,,,,,,,,,,111,,,,,,,,,,,
23373.7,,,,,,,,,,,,,,,,,,,,,,,,,,,,,,,,,,,,,,,37,,,,,,,,,,
23858.3,,,,,,,,,,,,,,,,,,,,,,,,,,,,,,,,,,,,,,,,,38,,,,,,,,
23922.6,,,,,,,,,,,,,,,,,,,,,,,,,,,,,,,,,,,,,,114,,,,,,,,,,,
23976.4,,,,,,,,,,,,,,,,,,,,,,,,,,,,,,,,,,,,,,,38,,,,,,,,,,
24132.7,56000,56000,54500,56000,51000,53750,55400,0,1.4025e+08,2.035e+06,2.035e+06,2.035e+06,2.034e+06,2.035e+06,2.035e+06,630078,917968,1.6e+09,8,19176,153,36,19168,690,12,4816,57,282,19184,5409,136,19176,2607,184,4816,886,120,,,,,,,100,100,0,100,0.980392,0.990099
24476.8,,,,,,,,,,,,,,,,,,,,,,,,,,,,,,,,,,,,,,,,,39,,,,,,,,
24551.8,,,,,,,,,,,,,,,,,,,,,,,,,,,,,,,,,,,,,,117,,,,,,,,,,,
24586.4,,,,,,,,,,,,,,,,,,,,,,,,,,,,,,,,,,,,,,,39,,,,,,,,,,
25079.4,,,,,,,,,,,,,,,,,,,,,,,,,,,,,,,,,,,,,,,,,40,,,,,,,,
25183.7,,,,,,,,,,,,,,,,,,,,,,,,,,,,,,,,,,,,,,120,,,,,,,,,,,
25221.4,,,,,,,,,,,,,,,,,,,,,,,,,,,,,,,,,,,,,,,40,,,,,,,,,,
25318.6,56000,56000,54000,56000,51000,54000,55400,0,1.4025e+08,2.033e+06,2.036e+06,2.035e+06,2.035e+06,2.04e+06,2.039e+06,630078,909375,1.6e+09,8,19176,153,36,19168,690,12,4816,57,284,19184,5448,136,19176,2607,188,4816,905,120,,,,,,,100,100,0.840336,100,1.68067,0.847458
25705,,,,,,,,,,,,,,,,,,,,,,,,,,,,,,,,,,,,,,,,,41,,,,,,,,
25809.7,,,,,,,,,,,,,,,,,,,,,,,,,,,,,,,,,,,,,,123,,,,,,,,,,,
25853.4,,,,,,,,,,,,,,,,,,,,,,,,,,,,,,,,,,,,,,,41,,,,,,,,,,
26304.6,,,,,,,,,,,,,,,,,,,,,,,,,,,,,,,,,,,,,,,,,42,,,,,,,,
26436.3,,,,,,,,,,,,,,,,,,,,,,,,,,,,,,,,,,,,,,126,,,,,,,,,,,
26466.9,,,,,,,,,,,,,,,,,,,,,,,,,,,,,,,,,,,,,,,42,,,,,,,,,,
26571.1,56000,56000,54000,56000,51000,54000,55400,0,1.4025e+08,1.997e+06,2.035e+06,2.034e+06,1.997e+06,1.996e+06,1.999e+06,630078,898632,1.6e+09,8,19176,153,36,19168,690,12,4816,57,282,19184,5409,136,19176,2607,184,4816,886,120,,,,,,,100,100,0,100,0,0.793651
26910.4,,,,,,,,,,,,,,,,,,,,,,,,,,,,,,,,,,,,,,,,,43,,,,,,,,
27061.7,,,,,,,,,,,,,,,,,,,,,,,,,,,,,,,,,,,,,,129,,,,,,,,,,,
27088.4,,,,,,,,,,,,,,,,,,,,,,,,,,,,,,,,,,,,,,,43,,,,,,,,,,
27519.4,,,,,,,,,,,,,,,,,,,,,,,,,,,,,,,,,,,,,,,,,44,,,,,,,,
27541.5,56000,56000,54500,56000,51000,54000,55400,0,1.4025e+08,1.997e+06,2.035e+06,2.037e+06,1.997e+06,1.997e+06,1.997e+06,630078,898632,1.6e+09,8,19176,153,36,19168,690,12,4816,57,282,19184,5409,136,19176,2607,184,4816,886,120,,,,,,,100,100,0,100,0,0
27691.7,,,,,,,,,,,,,,,,,,,,,,,,,,,,,,,,,,,,,,132,,,,,,,,,,,
27702.4,,,,,,,,,,,,,,,,,,,,,,,,,,,,,,,,,,,,,,,44,,,,,,,,,,
28139.7,,,,,,,,,,,,,,,,,,,,,,,,,,,,,,,,,,,,,,,,,45,,,,,,,,
28168.8,56000,56000,54500,56000,51000,54000,55400,0,1.4025e+08,2.04e+06,2.034e+06,2.036e+06,2.038e+06,2.04e+06,2.035e+06,630078,898632,1.6e+09,8,19176,153,36,19168,690,12,4816,57,284,19184,5448,136,19176,2607,188,4816,905,120,,,,,,,100,100,1.5873,100,3.1746,1.5873
28325.2,,,,,,,,,,,,,,,,,,,,,,,,,,,,,,,,,,,,,,135,,,,,,,,,,,
28330.8,,,,,,,,,,,,,,,,,,,,,,,,,,,,,,,,,,,,,,,45,,,,,,,,,,
28759.5,,,,,,,,,,,,,,,,,,,,,,,,,,,,,,,,,,,,,,,,,46,,,,,,,,
28948.4,,,,,,,,,,,,,,,,,,,,,,,,,,,,,,,,,,,,,,,46,,,,,,,,,,
28950,,,,,,,,,,,,,,,,,,,,,,,,,,,,,,,,,,,,,,138,,,,,,,,,,,
29351.7,,,,,,,,,,,,,,,,,,,,,,,,,,,,,,,,,,,,,,,,,47,,,,,,,,
29552.4,,,,,,,,,,,,,,,,,,,,,,,,,,,,,,,,,,,,,,,47,,,,,,,,,,
29576.6,,,,,,,,,,,,,,,,,,,,,,,,,,,,,,,,,,,,,,141,,,,,,,,,,,
29656.8,56000,56000,54500,56000,51000,54000,55400,0,1.4025e+08,1.996e+06,2.034e+06,2.035e+06,1.996e+06,1.997e+06,1.997e+06,630078,909375,1.6e+09,8,19176,153,36,19168,690,12,4816,57,282,19184,5409,136,19176,2607,184,4816,886,120,,,,,,,100,100,0,100,1.34228,0
29961.9,,,,,,,,,,,,,,,,,,,,,,,,,,,,,,,,,,,,,,,,,48,,,,,,,,
30167.2,56000,56000,54500,56000,51000,54000,55400,0,1.4025e+08,2.035e+06,2.034e+06,2.035e+06,2.035e+06,2.034e+06,2.034e+06,630078,917968,1.6e+09,8,19176,153,36,19168,690,12,4816,57,282,19184,5409,136,19176,2607,184,4816,886,120,,,,,,,100,100,0,100,1.96078,0
30174.4,,,,,,,,,,,,,,,,,,,,,,,,,,,,,,,,,,,,,,,48,,,,,,,,,,
30205.9,,,,,,,,,,,,,,,,,,,,,,,,,,,,,,,,,,,,,,144,,,,,,,,,,,
30572.3,,,,,,,,,,,,,,,,,,,,,,,,,,,,,,,,,,,,,,,,,49,,,,,,,,
30774.8,,,,,,,,,,,,,,,,,,,,,,,,,,,,,,,,,,,,,,,49,,,,,,,,,,
30831.9,,,,,,,,,,,,,,,,,,,,,,,,,,,,,,,,,,,,,,147,,,,,,,,,,,
31154.2,55500,55500,54500,55500,51000,53750,55400,0,1.4025e+08,1.995e+06,2.035e+06,2.032e+06,1.996e+06,1.997e+06,1.996e+06,630078,898632,1.6e+09,8,19176,153,36,19168,690,12,4816,57,284,19184,5448,136,19176,2607,188,4816,905,120,,,,,,,100,100,1.0101,100,1.02041,1.02041
31204.6,,,,,,,,,,,,,,,,,,,,,,,,,,,,,,,,,,,,,,,,,50,,,,,,,,
31399,,,,,,,,,,,,,,,,,,,,,,,,,,,,,,,,,,,,,,,50,,,,,,,,,,
31466.9,,,,,,,,,,,,,,,,,,,,,,,,,,,,,,,,,,,,,,150,,,,,,,,,,,
31802.8,,,,,,,,,,,,,,,,,,,,,,,,,,,,,,,,,,,,,,,,,51,,,,,,,,
32020,,,,,,,,,,,,,,,,,,,,,,,,,,,,,,,,,,,,,,,51,,,,,,,,,,
32092.6,,,,,,,,,,,,,,,,,,,,,,,,,,,,,,,,,,,,,,153,,,,,,,,,,,
32411.2,,,,,,,,,,,,,,,,,,,,,,,,,,,,,,,,,,,,,,,,,52,,,,,,,,
32633.6,,,,,,,,,,,,,,,,,,,,,,,,,,,,,,,,,,,,,,,52,,,,,,,,,,
32717.7,,,,,,,,,,,,,,,,,,,,,,,,,,,,,,,,,,,,,,156,,,,,,,,,,,
32895.9,56000,56000,54500,56000,51000,54000,55400,0,1.4025e+08,1.996e+06,2.034e+06,2.035e+06,1.996e+06,1.997e+06,1.996e+06,630078,898632,1.6e+09,8,19176,153,36,19168,690,12,4816,57,282,19184,5409,136,19176,2607,184,4816,886,120,,,,,,,100,100,0,100,0.574713,0.571429
33012.1,,,,,,,,,,,,,,,,,,,,,,,,,,,,,,,,,,,,,,,,,53,,,,,,,,
33246.7,,,,,,,,,,,,,,,,,,,,,,,,,,,,,,,,,,,,,,,53,,,,,,,,,,
33315.9,56000,56000,54500,56000,51000,54000,55400,0,1.4025e+08,2.036e+06,2.036e+06,2.035e+06,2.036e+06,2.038e+06,2.039e+06,630078,909375,1.6e+09,8,19176,153,36,19168,690,12,4816,57,282,19184,5409,136,19176,2607,184,4816,886,120,,,,,,,100,100,0,100,0,0
33343.4,,,,,,,,,,,,,,,,,,,,,,,,,,,,,,,,,,,,,,159,,,,,,,,,,,
33632.2,,,,,,,,,,,,,,,,,,,,,,,,,,,,,,,,,,,,,,,,,54,,,,,,,,
33854.9,,,,,,,,,,,,,,,,,,,,,,,,,,,,,,,,,,,,,,,54,,,,,,,,,,
33969.4,,,,,,,,,,,,,,,,,,,,,,,,,,,,,,,,,,,,,,162,,,,,,,,,,,
34246.1,,,,,,,,,,,,,,,,,,,,,,,,,,,,,,,,,,,,,,,,,55,,,,,,,,
34467.4,56000,56000,54500,56000,51000,54000,55400,0,1.4025e+08,1.995e+06,2.033e+06,2.035e+06,1.996e+06,1.996e+06,1.996e+06,630078,898632,1.6e+09,8,19176,153,36,19168,690,12,4816,57,284,19184,5448,136,19176,2607,184,4816,886,120,,,,,,,100,100,0.869565,100,0.877193,1.72414
34494.2,,,,,,,,,,,,,,,,,,,,,,,,,,,,,,,,,,,,,,,55,,,,,,,,,,
34603.1,,,,,,,,,,,,,,,,,,,,,,,,,,,,,,,,,,,,,,165,,,,,,,,,,,
34859.4,,,,,,,,,,,,,,,,,,,,,,,,,,,,,,,,,,,,,,,,,56,,,,,,,,
35104.6,,,,,,,,,,,,,,,,,,,,,,,,,,,,,,,,,,,,,,,56,,,,,,,,,,
35228,,,,,,,,,,,,,,,,,,,,,,,,,,,,,,,,,,,,,,168,,,,,,,,,,,
35455.6,,,,,,,,,,,,,,,,,,,,,,,,,,,,,,,,,,,,,,,,,57,,,,,,,,
35475.7,56000,56000,54500,56000,51000,54000,55400,0,1.4025e+08,2.036e+06,2.035e+06,2.034e+06,2.035e+06,2.035e+06,2.035e+06,630078,917968,1.6e+09,8,19176,153,36,19168,690,12,4816,57,282,19184,5409,136,19176,2607,184,4816,886,120,,,,,,,100,100,0,100,0,0.990099
35717,,,,,,,,,,,,,,,,,,,,,,,,,,,,,,,,,,,,,,,57,,,,,,,,,,
35855.7,,,,,,,,,,,,,,,,,,,,,,,,,,,,,,,,,,,,,,171,,,,,,,,,,,
36069.4,,,,,,,,,,,,,,,,,,,,,,,,,,,,,,,,,,,,,,,,,58,,,,,,,,
36329.6,,,,,,,,,,,,,,,,,,,,,,,,,,,,,,,,,,,,,,,58,,,,,,,,,,
36483.1,,,,,,,,,,,,,,,,,,,,,,,,,,,,,,,,,,,,,,174,,,,,,,,,,,
36545.2,56000,56000,54500,56000,51000,54000,55400,0,1.4025e+08,1.996e+06,2.034e+06,2.035e+06,1.997e+06,1.997e+06,1.996e+06,630078,898632,1.6e+09,8,19176,153,36,19168,690,12,4816,57,282,19184,5409,136,19176,2607,184,4816,886,120,,,,,,,100,100,0,100,0.934579,0.925926
36680,,,,,,,,,,,,,,,,,,,,,,,,,,,,,,,,,,,,,,,,,59,,,,,,,,
36932.8,,,,,,,,,,,,,,,,,,,,,,,,,,,,,,,,,,,,,,,59,,,,,,,,,,
37109.4,,,,,,,,,,,,,,,,,,,,,,,,,,,,,,,,,,,,,,177,,,,,,,,,,,
37308,,,,,,,,,,,,,,,,,,,,,,,,,,,,,,,,,,,,,,,,,60,,,,,,,,
37565.1,,,,,,,,,,,,,,,,,,,,,,,,,,,,,,,,,,,,,,,60,,,,,,,,,,
37643.2,56000,56000,54500,56000,51000,54000,55400,0,1.4025e+08,1.996e+06,2.034e+06,2.034e+06,1.996e+06,1.995e+06,1.996e+06,630078,898632,1.6e+09,8,19176,153,36,19168,690,8,4816,38,282,19184,5409,136,19176,2607,184,4816,886,120,,,,,,,100,100,1.81818,100,1.8018,1.81818
37741.8,,,,,,,,,,,,,,,,,,,,,,,,,,,,,,,,,,,,,,180,,,,,,,,,,,
37906.6,,,,,,,,,,,,,,,,,,,,,,,,,,,,,,,,,,,,,,,,,61,,,,,,,,
38183.4,,,,,,,,,,,,,,,,,,,,,,,,,,,,,,,,,,,,,,,61,,,,,,,,,,
38368.7,,,,,,,,,,,,,,,,,,,,,,,,,,,,,,,,,,,,,,183,,,,,,,,,,,
38515.8,,,,,,,,,,,,,,,,,,,,,,,,,,,,,,,,,,,,,,,,,62,,,,,,,,
38609.9,56000,56000,54500,56000,51000,54000,55400,0,1.4025e+08,2.034e+06,2.034e+06,2.035e+06,2.034e+06,2.036e+06,2.035e+06,630078,917968,1.6e+09,8,19176,153,36,19168,690,12,4816,57,282,19184,5409,136,19176,2607,184,4816,886,120,,,,,,,100,100,0,100,0,0
38785.5,,,,,,,,,,,,,,,,,,,,,,,,,,,,,,,,,,,,,,,62,,,,,,,,,,
38994,,,,,,,,,,,,,,,,,,,,,,,,,,,,,,,,,,,,,,186,,,,,,,,,,,
39125.3,,,,,,,,,,,,,,,,,,,,,,,,,,,,,,,,,,,,,,,,,63,,,,,,,,
39397.1,,,,,,,,,,,,,,,,,,,,,,,,,,,,,,,,,,,,,,,63,,,,,,,,,,
39622.6,,,,,,,,,,,,,,,,,,,,,,,,,,,,,,,,,,,,,,189,,,,,,,,,,,
39735.2,,,,,,,,,,,,,,,,,,,,,,,,,,,,,,,,,,,,,,,,,64,,,,,,,,
39876.4,56000,56000,54500,56000,51000,54000,55400,0,1.4025e+08,1.996e+06,2.035e+06,2.034e+06,1.995e+06,1.996e+06,1.996e+06,630078,898632,1.6e+09,8,19176,153,36,19168,690,12,4816,57,282,19184,5409,136,19176,2607,184,4816,886,120,,,,,,,100,100,0,100,0.787402,0
40004,,,,,,,,,,,,,,,,,,,,,,,,,,,,,,,,,,,,,,,64,,,,,,,,,,
40182.2,56000,56000,54500,56000,51000,54000,55400,0,1.4025e+08,1.995e+06,2.035e+06,2.034e+06,1.996e+06,1.998e+06,1.997e+06,630078,898632,1.6e+09,8,19176,153,36,19168,690,12,4816,57,284,19184,5448,136,19176,2607,188,4816,905,120,,,,,,,100,100,0,100,3.22581,3.33333
40258.8,,,,,,,,,,,,,,,,,,,,,,,,,,,,,,,,,,,,,,192,,,,,,,,,,,
40369.1,,,,,,,,,,,,,,,,,,,,,,,,,,,,,,,,,,,,,,,,,65,,,,,,,,
40631.6,,,,,,,,,,,,,,,,,,,,,,,,,,,,,,,,,,,,,,,65,,,,,,,,,,
40883.5,,,,,,,,,,,,,,,,,,,,,,,,,,,,,,,,,,,,,,195,,,,,,,,,,,
40977.6,,,,,,,,,,,,,,,,,,,,,,,,,,,,,,,,,,,,,,,,,66,,,,,,,,
41244,,,,,,,,,,,,,,,,,,,,,,,,,,,,,,,,,,,,,,,66,,,,,,,,,,
41313.1,56000,56000,54500,56000,51000,54000,55400,0,1.4025e+08,1.995e+06,2.035e+06,2.034e+06,1.997e+06,1.998e+06,1.997e+06,630078,898632,1.6e+09,8,19176,153,36,19168,690,12,4816,57,282,19184,5409,136,19176,2607,184,4816,886,120,,,,,,,100,100,0,100,0.884956,0.877193
41508.8,,,,,,,,,,,,,,,,,,,,,,,,,,,,,,,,,,,,,,198,,,,,,,,,,,
41588.6,,,,,,,,,,,,,,,,,,,,,,,,,,,,,,,,,,,,,,,,,67,,,,,,,,
41850.1,,,,,,,,,,,,,,,,,,,,,,,,,,,,,,,,,,,,,,,67,,,,,,,,,,
42136.9,,,,,,,,,,,,,,,,,,,,,,,,,,,,,,,,,,,,,,201,,,,,,,,,,,
42198.2,,,,,,,,,,,,,,,,,,,,,,,,,,,,,,,,,,,,,,,,,68,,,,,,,,
42459.9,,,,,,,,,,,,,,,,,,,,,,,,,,,,,,,,,,,,,,,68,,,,,,,,,,
42763.3,,,,,,,,,,,,,,,,,,,,,,,,,,,,,,,,,,,,,,204,,,,,,,,,,,
42791.4,55500,55500,54500,55500,51000,54000,55400,138,1.4025e+08,1.997e+06,2.034e+06,2.035e+06,1.996e+06,1.998e+06,1.997e+06,630078,898632,1.6e+09,8,19176,153,36,19168,690,12,4816,57,282,19184,5409,136,19176,2607,184,4816,886,120,,,,,,,100,100,0,100,0.680272,0.675676
42806.8,,,,,,,,,,,,,,,,,,,,,,,,,,,,,,,,,,,,,,,,,69,,,,,,,,
43064.7,,,,,,,,,,,,,,,,,,,,,,,,,,,,,,,,,,,,,,,69,,,,,,,,,,
43398.6,,,,,,,,,,,,,,,,,,,,,,,,,,,,,,,,,,,,,,207,,,,,,,,,,,
43431.8,,,,,,,,,,,,,,,,,,,,,,,,,,,,,,,,,,,,,,,,,70,,,,,,,,
43700.3,,,,,,,,,,,,,,,,,,,,,,,,,,,,,,,,,,,,,,,70,,,,,,,,,,
43901.5,56000,56000,54500,56000,51000,54000,55400,0,1.4025e+08,1.997e+06,2.035e+06,2.036e+06,1.998e+06,1.998e+06,2.032e+06,630078,917968,1.6e+09,8,19176,153,36,19168,690,12,4816,57,282,19184,5409,136,19176,2607,184,4816,886,120,,,,,,,100,100,0.900901,100,0.900901,0.909091
44025.7,,,,,,,,,,,,,,,,,,,,,,,,,,,,,,,,,,,,,,210,,,,,,,,,,,
44039.6,,,,,,,,,,,,,,,,,,,,,,,,,,,,,,,,,,,,,,,,,71,,,,,,,,
44307.9,56000,56000,54500,56000,51000,54000,55400,0,1.4025e+08,2.034e+06,2.035e+06,2.034e+06,2.036e+06,2.036e+06,2.035e+06,630078,898632,1.6e+09,8,19176,153,36,19168,690,12,4816,57,282,19184,5409,136,19176,2607,184,4816,886,120,,,,,,,100,100,0,100,0,2.38095
44315.1,,,,,,,,,,,,,,,,,,,,,,,,,,,,,,,,,,,,,,,71,,,,,,,,,,
44649,,,,,,,,,,,,,,,,,,,,,,,,,,,,,,,,,,,,,,,,,72,,,,,,,,
44653.9,,,,,,,,,,,,,,,,,,,,,,,,,,,,,,,,,,,,,,213,,,,,,,,,,,
44923.5,,,,,,,,,,,,,,,,,,,,,,,,,,,,,,,,,,,,,,,72,,,,,,,,,,
45257.1,,,,,,,,,,,,,,,,,,,,,,,,,,,,,,,,,,,,,,,,,73,,,,,,,,
45281.5,,,,,,,,,,,,,,,,,,,,,,,,,,,,,,,,,,,,,,216,,,,,,,,,,,
45533.2,,,,,,,,,,,,,,,,,,,,,,,,,,,,,,,,,,,,,,,73,,,,,,,,,,
45816.5,56500,56500,54500,56500,51000,54000,55400,0,1.4025e+08,1.995e+06,2.035e+06,2.033e+06,1.997e+06,1.996e+06,1.998e+06,630078,898632,1.6e+09,8,19176,153,36,19168,690,12,4816,57,282,19184,5409,136,19176,2607,184,4816,886,120,,,,,,,100,100,0,100,0.666667,0
45863.4,,,,,,,,,,,,,,,,,,,,,,,,,,,,,,,,,,,,,,,,,74,,,,,,,,
45908.2,,,,,,,,,,,,,,,,,,,,,,,,,,,,,,,,,,,,,,219,,,,,,,,,,,
46163.2,,,,,,,,,,,,,,,,,,,,,,,,,,,,,,,,,,,,,,,74,,,,,,,,,,
46483.1,,,,,,,,,,,,,,,,,,,,,,,,,,,,,,,,,,,,,,,,,75,,,,,,,,
46540.8,,,,,,,,,,,,,,,,,,,,,,,,,,,,,,,,,,,,,,222,,,,,,,,,,,
46764.1,56000,56000,54500,56000,51000,54000,55400,0,1.4025e+08,1.995e+06,2.035e+06,2.035e+06,1.996e+06,1.997e+06,1.997e+06,630078,917968,1.6e+09,8,19176,153,36,19168,690,12,4816,57,282,19184,5409,136,19176,2607,184,4816,886,120,,,,,,,100,100,1.05263,100,3.125,0
46796.6,,,,,,,,,,,,,,,,,,,,,,,,,,,,,,,,,,,,,,,75,,,,,,,,,,
47091.9,,,,,,,,,,,,,,,,,,,,,,,,,,,,,,,,,,,,,,,,,76,,,,,,,,
47114,56000,56000,54500,56000,51000,54250,55400,0,1.4025e+08,2.035e+06,2.034e+06,2.034e+06,2.035e+06,2.035e+06,2.035e+06,630078,917968,1.6e+09,8,19176,153,36,19168,690,12,4816,57,282,19184,5409,136,19176,2607,184,4816,886,120,,,,,,,100,100,0,100,0,0
47169.3,,,,,,,,,,,,,,,,,,,,,,,,,,,,,,,,,,,,,,225,,,,,,,,,,,
47416.6,,,,,,,,,,,,,,,,,,,,,,,,,,,,,,,,,,,,,,,76,,,,,,,,,,
47704.1,,,,,,,,,,,,,,,,,,,,,,,,,,,,,,,,,,,,,,,,,77,,,,,,,,
47796.3,,,,,,,,,,,,,,,,,,,,,,,,,,,,,,,,,,,,,,228,,,,,,,,,,,
48041.7,,,,,,,,,,,,,,,,,,,,,,,,,,,,,,,,,,,,,,,77,,,,,,,,,,
48310.2,,,,,,,,,,,,,,,,,,,,,,,,,,,,,,,,,,,,,,,,,78,,,,,,,,
48422.2,,,,,,,,,,,,,,,,,,,,,,,,,,,,,,,,,,,,,,231,,,,,,,,,,,
48438.3,56000,56000,54500,56000,51000,54000,55400,0,1.4025e+08,1.997e+06,2.035e+06,2.035e+06,1.997e+06,1.997e+06,1.996e+06,630078,898632,1.6e+09,8,19176,153,36,19168,690,12,4816,57,282,19184,5409,136,19176,2607,184,4816,886,120,,,,,,,100,100,0,100,0.757576,0.75188
48665.5,,,,,,,,,,,,,,,,,,,,,,,,,,,,,,,,,,,,,,,78,,,,,,,,,,
48918.1,,,,,,,,,,,,,,,,,,,,,,,,,,,,,,,,,,,,,,,,,79,,,,,,,,
49049.2,,,,,,,,,,,,,,,,,,,,,,,,,,,,,,,,,,,,,,234,,,,,,,,,,,
49308.4,,,,,,,,,,,,,,,,,,,,,,,,,,,,,,,,,,,,,,,79,,,,,,,,,,
49419.5,56000,56000,54500,56000,51000,53750,55200,0,1.4025e+08,1.997e+06,2.035e+06,2.034e+06,1.997e+06,1.996e+06,1.996e+06,630078,898632,1.6e+09,8,19176,153,36,19168,690,12,4816,57,284,19184,5448,136,19176,2607,188,4816,905,120,,,,,,,100,100,1.02041,100,1.03093,1.02041
49550.4,,,,,,,,,,,,,,,,,,,,,,,,,,,,,,,,,,,,,,,,,80,,,,,,,,
49684.2,,,,,,,,,,,,,,,,,,,,,,,,,,,,,,,,,,,,,,237,,,,,,,,,,,
49921.4,,,,,,,,,,,,,,,,,,,,,,,,,,,,,,,,,,,,,,,80,,,,,,,,,,
50037.6,56000,56000,54500,56000,51000,53750,55400,0,1.4025e+08,1.997e+06,2.035e+06,2.035e+06,1.996e+06,1.997e+06,1.996e+06,630078,898632,1.6e+09,8,19176,153,36,19168,690,12,4816,57,282,19184,5409,136,19176,2607,184,4816,886,120,,,,,,,100,100,0,100,3.1746,1.5873
50160.1,,,,,,,,,,,,,,,,,,,,,,,,,,,,,,,,,,,,,,,,,81,,,,,,,,
50312.5,,,,,,,,,,,,,,,,,,,,,,,,,,,,,,,,,,,,,,240,,,,,,,,,,,
50523.7,,,,,,,,,,,,,,,,,,,,,,,,,,,,,,,,,,,,,,,81,,,,,,,,,,
50764.7,,,,,,,,,,,,,,,,,,,,,,,,,,,,,,,,,,,,,,,,,82,,,,,,,,
50938.8,,,,,,,,,,,,,,,,,,,,,,,,,,,,,,,,,,,,,,243,,,,,,,,,,,
51084,56000,56000,54500,56000,51000,53750,55400,0,1.4025e+08,2.035e+06,2.034e+06,2.034e+06,2.035e+06,2.035e+06,2.035e+06,630078,917968,1.6e+09,8,19176,153,36,19168,690,12,4816,57,282,19184,5409,136,19176,2607,184,4816,886,120,,,,,,,100,100,0,100,0,0
51132.1,,,,,,,,,,,,,,,,,,,,,,,,,,,,,,,,,,,,,,,82,,,,,,,,,,
51378.2,,,,,,,,,,,,,,,,,,,,,,,,,,,,,,,,,,,,,,,,,83,,,,,,,,
51567.7,,,,,,,,,,,,,,,,,,,,,,,,,,,,,,,,,,,,,,246,,,,,,,,,,,
51742.3,,,,,,,,,,,,,,,,,,,,,,,,,,,,,,,,,,,,,,,83,,,,,,,,,,
51979.5,,,,,,,,,,,,,,,,,,,,,,,,,,,,,,,,,,,,,,,,,84,,,,,,,,
52202.4,,,,,,,,,,,,,,,,,,,,,,,,,,,,,,,,,,,,,,249,,,,,,,,,,,
52374.9,,,,,,,,,,,,,,,,,,,,,,,,,,,,,,,,,,,,,,,84,,,,,,,,,,
52605.5,,,,,,,,,,,,,,,,,,,,,,,,,,,,,,,,,,,,,,,,,85,,,,,,,,
52644.6,56000,56000,54500,56000,51000,54000,55400,0,1.4025e+08,1.996e+06,2.035e+06,2.034e+06,1.996e+06,1.996e+06,1.997e+06,630078,898632,1.6e+09,8,19176,153,36,19168,690,12,4816,57,284,19184,5448,136,19176,2607,184,4816,886,120,,,,,,,100,100,0.641026,100,1.28205,0.641026
52827.6,,,,,,,,,,,,,,,,,,,,,,,,,,,,,,,,,,,,,,252,,,,,,,,,,,
52990.2,,,,,,,,,,,,,,,,,,,,,,,,,,,,,,,,,,,,,,,85,,,,,,,,,,
53215.4,,,,,,,,,,,,,,,,,,,,,,,,,,,,,,,,,,,,,,,,,86,,,,,,,,
53452.6,,,,,,,,,,,,,,,,,,,,,,,,,,,,,,,,,,,,,,255,,,,,,,,,,,
53591.6,,,,,,,,,,,,,,,,,,,,,,,,,,,,,,,,,,,,,,,86,,,,,,,,,,
53812.6,,,,,,,,,,,,,,,,,,,,,,,,,,,,,,,,,,,,,,,,,87,,,,,,,,
53820.7,56000,56000,54500,56000,51000,54000,55400,0,1.4025e+08,2.035e+06,2.034e+06,2.035e+06,2.034e+06,2.035e+06,2.034e+06,630078,917968,1.6e+09,8,19176,153,36,19168,690,12,4816,57,282,19184,5409,136,19176,2607,184,4816,886,120,,,,,,,100,100,0,100,0.854701,0
54079.3,,,,,,,,,,,,,,,,,,,,,,,,,,,,,,,,,,,,,,258,,,,,,,,,,,
54196.4,56000,56000,54500,56000,51000,54000,55400,0,1.4025e+08,2.035e+06,2.035e+06,2.034e+06,2.034e+06,2.036e+06,2.035e+06,630078,898632,1.6e+09,8,19176,153,36,19168,690,12,4816,57,284,19184,5448,136,19176,2607,184,4816,886,120,,,,,,,100,100,0,100,0,0
54203.7,,,,,,,,,,,,,,,,,,,,,,,,,,,,,,,,,,,,,,,87,,,,,,,,,,
54437.4,,,,,,,,,,,,,,,,,,,,,,,,,,,,,,,,,,,,,,,,,88,,,,,,,,
54706.9,,,,,,,,,,,,,,,,,,,,,,,,,,,,,,,,,,,,,,261,,,,,,,,,,,
54797.5,,,,,,,,,,,,,,,,,,,,,,,,,,,,,,,,,,,,,,,88,,,,,,,,,,
55040.6,,,,,,,,,,,,,,,,,,,,,,,,,,,,,,,,,,,,,,,,,89,,,,,,,,
55341.9,,,,,,,,,,,,,,,,,,,,,,,,,,,,,,,,,,,,,,264,,,,,,,,,,,
55431.3,,,,,,,,,,,,,,,,,,,,,,,,,,,,,,,,,,,,,,,89,,,,,,,,,,
55665.5,,,,,,,,,,,,,,,,,,,,,,,,,,,,,,,,,,,,,,,,,90,,,,,,,,
55776.7,56000,56000,54500,56000,51000,54000,55400,0,1.4025e+08,2.035e+06,2.036e+06,2.035e+06,2.035e+06,2.034e+06,2.035e+06,630078,909375,1.6e+09,8,19176,153,36,19168,690,12,4816,57,282,19184,5409,136,19176,2607,184,4816,886,120,,,,,,,100,100,0.632911,100,1.26582,1.26582
55967.8,,,,,,,,,,,,,,,,,,,,,,,,,,,,,,,,,,,,,,267,,,,,,,,,,,
56060.6,,,,,,,,,,,,,,,,,,,,,,,,,,,,,,,,,,,,,,,90,,,,,,,,,,
56137.7,56000,56000,54500,56000,51000,54000,55400,0,1.4025e+08,1.995e+06,2.035e+06,2.035e+06,1.997e+06,1.996e+06,1.998e+06,630078,898632,1.6e+09,8,19176,153,36,19168,690,12,4816,57,282,19184,5409,136,19176,2607,184,4816,886,120,,,,,,,100,100,0,100,0,0
56280,,,,,,,,,,,,,,,,,,,,,,,,,,,,,,,,,,,,,,,,,91,,,,,,,,
56595.5,,,,,,,,,,,,,,,,,,,,,,,,,,,,,,,,,,,,,,270,,,,,,,,,,,
56677.6,,,,,,,,,,,,,,,,,,,,,,,,,,,,,,,,,,,,,,,91,,,,,,,,,,
56882,,,,,,,,,,,,,,,,,,,,,,,,,,,,,,,,,,,,,,,,,92,,,,,,,,
57223.2,,,,,,,,,,,,,,,,,,,,,,,,,,,,,,,,,,,,,,273,,,,,,,,,,,
57294.7,,,,,,,,,,,,,,,,,,,,,,,,,,,,,,,,,,,,,,,92,,,,,,,,,,
57489.7,,,,,,,,,,,,,,,,,,,,,,,,,,,,,,,,,,,,,,,,,93,,,,,,,,
57767,56000,56000,54500,56000,51000,54250,55400,0,1.4025e+08,1.995e+06,2.035e+06,2.034e+06,1.997e+06,1.997e+06,1.996e+06,630078,898632,1.6e+09,8,19176,153,36,19168,690,12,4816,57,282,19184,5409,136,19176,2607,184,4816,886,120,,,,,,,100,100,0,100,1.21951,0
57850.6,,,,,,,,,,,,,,,,,,,,,,,,,,,,,,,,,,,,,,276,,,,,,,,,,,
57901.6,,,,,,,,,,,,,,,,,,,,,,,,,,,,,,,,,,,,,,,93,,,,,,,,,,
58099.6,,,,,,,,,,,,,,,,,,,,,,,,,,,,,,,,,,,,,,,,,94,,,,,,,,
58316.9,56000,56000,54000,56000,51000,54000,55400,0,1.4025e+08,1.998e+06,2.036e+06,2.035e+06,1.996e+06,1.997e+06,1.997e+06,630078,898632,1.6e+09,8,19176,153,36,19168,690,12,4816,57,284,19184,5448,136,19176,2607,184,4816,886,120,,,,,,,100,100,1.81818,100,0,1.81818
58484.8,,,,,,,,,,,,,,,,,,,,,,,,,,,,,,,,,,,,,,279,,,,,,,,,,,
58529.7,,,,,,,,,,,,,,,,,,,,,,,,,,,,,,,,,,,,,,,94,,,,,,,,,,
58730.1,,,,,,,,,,,,,,,,,,,,,,,,,,,,,,,,,,,,,,,,,95,,,,,,,,
59112.6,,,,,,,,,,,,,,,,,,,,,,,,,,,,,,,,,,,,,,282,,,,,,,,,,,
59136.8,,,,,,,,,,,,,,,,,,,,,,,,,,,,,,,,,,,,,,,95,,,,,,,,,,
59306,56000,56000,54500,56000,51000,54000,55500,0,1.4025e+08,1.995e+06,2.034e+06,2.035e+06,1.998e+06,1.997e+06,1.997e+06,630078,898632,1.6e+09,8,19176,153,36,19168,690,12,4816,57,282,19184,5409,136,19176,2607,184,4816,886,120,,,,,,,100,100,0,100,1.0101,1.0101
59339.5,,,,,,,,,,,,,,,,,,,,,,,,,,,,,,,,,,,,,,,,,96,,,,,,,,
59737.8,,,,,,,,,,,,,,,,,,,,,,,,,,,,,,,,,,,,,,,96,,,,,,,,,,
59739.4,,,,,,,,,,,,,,,,,,,,,,,,,,,,,,,,,,,,,,285,,,,,,,,,,,
59936.2,,,,,,,,,,,,,,,,,,,,,,,,,,,,,,,,,,,,,,,,,97,,,,,,,,
60351.7,,,,,,,,,,,,,,,,,,,,,,,,,,,,,,,,,,,,,,,97,,,,,,,,,,
60366.7,,,,,,,,,,,,,,,,,,,,,,,,,,,,,,,,,,,,,,288,,,,,,,,,,,
60423.8,56000,56000,54500,56000,51000,53750,55400,0,1.4025e+08,1.986e+06,2.036e+06,2.034e+06,1.989e+06,1.987e+06,1.989e+06,630078,887890,1.6e+09,8,19176,153,36,19168,690,12,4816,57,282,19184,5409,136,19176,2607,184,4816,886,120,,,,,,,100,100,0,100,0,0
60550.1,,,,,,,,,,,,,,,,,,,,,,,,,,,,,,,,,,,,,,,,,98,,,,,,,,
60955.7,,,,,,,,,,,,,,,,,,,,,,,,,,,,,,,,,,,,,,,98,,,,,,,,,,
60992.7,,,,,,,,,,,,,,,,,,,,,,,,,,,,,,,,,,,,,,291,,,,,,,,,,,
61174.6,,,,,,,,,,,,,,,,,,,,,,,,,,,,,,,,,,,,,,,,,99,,,,,,,,
61484,56000,56000,54500,56000,51000,54000,55400,0,1.4025e+08,2.034e+06,2.035e+06,2.035e+06,2.034e+06,2.035e+06,2.034e+06,630078,917968,1.6e+09,8,19176,153,36,19168,690,12,4816,57,284,19184,5448,136,19176,2607,184,4816,886,120,,,,,,,100,100,1.88679,100,0.952381,2.77778
61587.9,,,,,,,,,,,,,,,,,,,,,,,,,,,,,,,,,,,,,,,99,,,,,,,,,,
61627.1,,,,,,,,,,,,,,,,,,,,,,,,,,,,,,,,,,,,,,294,,,,,,,,,,,
61783.4,,,,,,,,,,,,,,,,,,,,,,,,,,,,,,,,,,,,,,,,,100,,,,,,,,
62198.3,,,,,,,,,,,,,,,,,,,,,,,,,,,,,,,,,,,,,,,100,,,,,,,,,,
62253.4,,,,,,,,,,,,,,,,,,,,,,,,,,,,,,,,,,,,,,297,,,,,,,,,,,
62386.5,,,,,,,,,,,,,,,,,,,,,,,,,,,,,,,,,,,,,,,,,101,,,,,,,,
62458.6,56000,56000,54500,56000,51000,54000,55400,0,1.4025e+08,2.036e+06,2.035e+06,2.034e+06,2.034e+06,2.035e+06,2.034e+06,630078,909375,1.6e+09,8,19176,153,36,19168,690,12,4816,57,282,19184,5409,136,19176,2607,184,4816,886,120,,,,,,,100,100,0,100,1.03093,0
62813.7,,,,,,,,,,,,,,,,,,,,,,,,,,,,,,,,,,,,,,,101,,,,,,,,,,
62879.2,,,,,,,,,,,,,,,,,,,,,,,,,,,,,,,,,,,,,,300,,,,,,,,,,,
62993.1,,,,,,,,,,,,,,,,,,,,,,,,,,,,,,,,,,,,,,,,,102,,,,,,,,
63317.6,56000,56000,54500,56000,51000,54000,55400,0,1.4025e+08,2.037e+06,2.035e+06,2.036e+06,2.034e+06,2.034e+06,2.034e+06,630078,917968,1.6e+09,8,19176,153,36,19168,690,12,4816,57,282,19184,5409,136,19176,2607,184,4816,886,120,,,,,,,100,100,0,100,1.14943,0
63427.1,,,,,,,,,,,,,,,,,,,,,,,,,,,,,,,,,,,,,,,102,,,,,,,,,,
63508.5,,,,,,,,,,,,,,,,,,,,,,,,,,,,,,,,,,,,,,303,,,,,,,,,,,
63608.4,,,,,,,,,,,,,,,,,,,,,,,,,,,,,,,,,,,,,,,,,103,,,,,,,,
64034.7,,,,,,,,,,,,,,,,,,,,,,,,,,,,,,,,,,,,,,,103,,,,,,,,,,
64142.1,,,,,,,,,,,,,,,,,,,,,,,,,,,,,,,,,,,,,,306,,,,,,,,,,,
64232.3,,,,,,,,,,,,,,,,,,,,,,,,,,,,,,,,,,,,,,,,,104,,,,,,,,
64670.5,,,,,,,,,,,,,,,,,,,,,,,,,,,,,,,,,,,,,,,104,,,,,,,,,,
64768.1,,,,,,,,,,,,,,,,,,,,,,,,,,,,,,,,,,,,,,309,,,,,,,,,,,
64799.2,56000,56000,54500,56000,51000,54000,55400,0,1.4025e+08,1.996e+06,2.035e+06,2.035e+06,1.997e+06,1.997e+06,1.996e+06,630078,898632,1.6e+09,8,19176,153,36,19168,690,12,4816,57,282,19184,5409,136,19176,2607,184,4816,886,120,,,,,,,100,100,0,100,0.680272,0.671141
64847.1,,,,,,,,,,,,,,,,,,,,,,,,,,,,,,,,,,,,,,,,,105,,,,,,,,
65287.4,,,,,,,,,,,,,,,,,,,,,,,,,,,,,,,,,,,,,,,105,,,,,,,,,,
65397,,,,,,,,,,,,,,,,,,,,,,,,,,,,,,,,,,,,,,312,,,,,,,,,,,
65447,,,,,,,,,,,,,,,,,,,,,,,,,,,,,,,,,,,,,,,,,106,,,,,,,,
65897.5,,,,,,,,,,,,,,,,,,,,,,,,,,,,,,,,,,,,,,,106,,,,,,,,,,
65924.6,56000,56000,54500,56000,51000,54000,55400,0,1.4025e+08,1.996e+06,2.035e+06,2.034e+06,1.996e+06,1.997e+06,1.997e+06,630078,898632,1.6e+09,8,19176,153,36,19168,690,12,4816,57,282,19184,5409,136,19176,2607,184,4816,886,120,,,,,,,100,100,0,100,0,0.884956
66023.9,,,,,,,,,,,,,,,,,,,,,,,,,,,,,,,,,,,,,,315,,,,,,,,,,,
66060.8,,,,,,,,,,,,,,,,,,,,,,,,,,,,,,,,,,,,,,,,,107,,,,,,,,
66518.6,,,,,,,,,,,,,,,,,,,,,,,,,,,,,,,,,,,,,,,107,,,,,,,,,,
66652.6,,,,,,,,,,,,,,,,,,,,,,,,,,,,,,,,,,,,,,318,,,,,,,,,,,
66664.9,,,,,,,,,,,,,,,,,,,,,,,,,,,,,,,,,,,,,,,,,108,,,,,,,,
66792,56500,56500,54500,56500,51000,54000,55400,0,1.4025e+08,2.034e+06,2.035e+06,2.034e+06,2.034e+06,2.034e+06,2.034e+06,630078,917968,1.6e+09,8,19176,153,36,19168,690,12,4816,57,282,19184,5409,136,19176,2607,184,4816,886,120,,,,,,,100,100,0,100,1.14943,0
67148.2,,,,,,,,,,,,,,,,,,,,,,,,,,,,,,,,,,,,,,,108,,,,,,,,,,
67287.4,,,,,,,,,,,,,,,,,,,,,,,,,,,,,,,,,,,,,,321,,,,,,,,,,,
67297.9,,,,,,,,,,,,,,,,,,,,,,,,,,,,,,,,,,,,,,,,,109,,,,,,,,
67342,56000,56000,54500,56000,51000,54000,55400,0,1.4025e+08,1.999e+06,2.035e+06,2.035e+06,1.996e+06,1.996e+06,1.996e+06,630078,898632,1.6e+09,8,19176,153,36,19168,690,12,4816,57,284,19184,5448,136,19176,2607,188,4816,905,120,,,,,,,100,100,3.57143,100,1.81818,1.85185
67757.5,,,,,,,,,,,,,,,,,,,,,,,,,,,,,,,,,,,,,,,109,,,,,,,,,,
67895.5,,,,,,,,,,,,,,,,,,,,,,,,,,,,,,,,,,,,,,,,,110,,,,,,,,
67912.8,,,,,,,,,,,,,,,,,,,,,,,,,,,,,,,,,,,,,,324,,,,,,,,,,,
68362.8,,,,,,,,,,,,,,,,,,,,,,,,,,,,,,,,,,,,,,,110,,,,,,,,,,
68501.5,,,,,,,,,,,,,,,,,,,,,,,,,,,,,,,,,,,,,,,,,111,,,,,,,,
68538.7,,,,,,,,,,,,,,,,,,,,,,,,,,,,,,,,,,,,,,327,,,,,,,,,,,
68566.8,56000,56000,54000,56000,51000,54000,55400,0,1.4025e+08,2.033e+06,2.034e+06,2.035e+06,2.035e+06,2.034e+06,2.034e+06,630078,917968,1.6e+09,8,19176,153,36,19168,690,12,4816,57,282,19184,5409,136,19176,2607,184,4816,886,120,,,,,,,100,100,0,100,0.819672,0.813008
68967.2,,,,,,,,,,,,,,,,,,,,,,,,,,,,,,,,,,,,,,,111,,,,,,,,,,
69106.4,,,,,,,,,,,,,,,,,,,,,,,,,,,,,,,,,,,,,,,,,112,,,,,,,,
69167.1,,,,,,,,,,,,,,,,,,,,,,,,,,,,,,,,,,,,,,330,,,,,,,,,,,
69401.3,56000,56000,54500,56000,51000,54000,55400,0,1.4025e+08,2.035e+06,2.035e+06,2.034e+06,2.034e+06,2.038e+06,2.037e+06,630078,909375,1.6e+09,8,19176,153,36,19168,690,12,4816,57,282,19184,5409,136,19176,2607,184,4816,886,120,,,,,,,100,100,0,100,1.19048,0
69582.3,,,,,,,,,,,,,,,,,,,,,,,,,,,,,,,,,,,,,,,112,,,,,,,,,,
69727,,,,,,,,,,,,,,,,,,,,,,,,,,,,,,,,,,,,,,,,,113,,,,,,,,
69794.5,,,,,,,,,,,,,,,,,,,,,,,,,,,,,,,,,,,,,,333,,,,,,,,,,,
70203.6,,,,,,,,,,,,,,,,,,,,,,,,,,,,,,,,,,,,,,,113,,,,,,,,,,
70217.7,56000,56000,54000,56000,51000,54000,55700,0,1.4025e+08,2.035e+06,2.034e+06,2.035e+06,2.035e+06,2.035e+06,2.034e+06,630078,917968,1.6e+09,8,19176,153,36,19168,690,12,4816,57,284,19184,5448,136,19176,2607,188,4816,905,120,,,,,,,100,100,0,100,1.25,1.21951
70356.6,,,,,,,,,,,,,,,,,,,,,,,,,,,,,,,,,,,,,,,,,114,,,,,,,,
70429.7,,,,,,,,,,,,,,,,,,,,,,,,,,,,,,,,,,,,,,336,,,,,,,,,,,
70831,,,,,,,,,,,,,,,,,,,,,,,,,,,,,,,,,,,,,,,114,,,,,,,,,,
70961.1,,,,,,,,,,,,,,,,,,,,,,,,,,,,,,,,,,,,,,,,,115,,,,,,,,
71057,,,,,,,,,,,,,,,,,,,,,,,,,,,,,,,,,,,,,,339,,,,,,,,,,,
71438.7,,,,,,,,,,,,,,,,,,,,,,,,,,,,,,,,,,,,,,,115,,,,,,,,,,
71560.4,,,,,,,,,,,,,,,,,,,,,,,,,,,,,,,,,,,,,,,,,116,,,,,,,,
71683.5,,,,,,,,,,,,,,,,,,,,,,,,,,,,,,,,,,,,,,342,,,,,,,,,,,
71747.6,56000,56000,54500,56000,51000,53750,55400,0,1.4025e+08,1.997e+06,2.034e+06,2.034e+06,1.998e+06,1.997e+06,1.997e+06,630078,898632,1.6e+09,8,19176,153,36,19168,690,12,4816,57,282,19184,5409,136,19176,2607,184,4816,886,120,,,,,,,100,100,0,100,0.653595,0.649351
72045.4,,,,,,,,,,,,,,,,,,,,,,,,,,,,,,,,,,,,,,,116,,,,,,,,,,
72182.3,,,,,,,,,,,,,,,,,,,,,,,,,,,,,,,,,,,,,,,,,117,,,,,,,,
72312.6,,,,,,,,,,,,,,,,,,,,,,,,,,,,,,,,,,,,,,345,,,,,,,,,,,
72650.8,,,,,,,,,,,,,,,,,,,,,,,,,,,,,,,,,,,,,,,117,,,,,,,,,,
72711.9,56000,56000,54500,56000,51000,54000,55400,0,1.4025e+08,1.997e+06,2.034e+06,2.034e+06,1.997e+06,1.997e+06,1.997e+06,630078,898632,1.6e+09,8,19176,153,36,19168,690,12,4816,57,282,19184,5409,136,19176,2607,184,4816,886,120,,,,,,,100,100,0,100,0,0
72784.4,,,,,,,,,,,,,,,,,,,,,,,,,,,,,,,,,,,,,,,,,118,,,,,,,,
72939.9,,,,,,,,,,,,,,,,,,,,,,,,,,,,,,,,,,,,,,348,,,,,,,,,,,
73008.1,56000,56000,54500,56000,51000,54000,55400,0,1.4025e+08,1.997e+06,2.035e+06,2.034e+06,1.996e+06,2e+06,1.996e+06,630078,898632,1.6e+09,8,19176,153,36,19168,690,12,4816,57,282,19184,5409,136,19176,2607,184,4816,886,120,,,,,,,100,100,0,100,3.33333,0
73271.6,,,,,,,,,,,,,,,,,,,,,,,,,,,,,,,,,,,,,,,118,,,,,,,,,,
73427,,,,,,,,,,,,,,,,,,,,,,,,,,,,,,,,,,,,,,,,,119,,,,,,,,
73575.5,,,,,,,,,,,,,,,,,,,,,,,,,,,,,,,,,,,,,,351,,,,,,,,,,,
73888.8,,,,,,,,,,,,,,,,,,,,,,,,,,,,,,,,,,,,,,,119,,,,,,,,,,
74022.4,,,,,,,,,,,,,,,,,,,,,,,,,,,,,,,,,,,,,,,,,120,,,,,,,,
74201.9,,,,,,,,,,,,,,,,,,,,,,,,,,,,,,,,,,,,,,354,,,,,,,,,,,
74499.3,,,,,,,,,,,,,,,,,,,,,,,,,,,,,,,,,,,,,,,120,,,,,,,,,,
74632.3,,,,,,,,,,,,,,,,,,,,,,,,,,,,,,,,,,,,,,,,,121,,,,,,,,
74648.4,56500,56500,54500,56500,51000,54250,55700,0,1.4025e+08,2.034e+06,2.036e+06,2.035e+06,2.035e+06,2.035e+06,2.034e+06,630078,917968,1.6e+09,8,19176,153,36,19168,690,12,4816,57,282,19184,5409,136,19176,2607,184,4816,886,120,,,,,,,100,100,0.609756,100,1.21951,1.80723
74830,,,,,,,,,,,,,,,,,,,,,,,,,,,,,,,,,,,,,,357,,,,,,,,,,,
75018.3,56500,56500,54500,56500,51000,54000,55700,0,1.4025e+08,2.034e+06,2.034e+06,2.033e+06,2.034e+06,2.038e+06,2.037e+06,630078,909375,1.6e+09,8,19176,153,36,19168,690,12,4816,57,282,19184,5409,136,19176,2607,184,4816,886,120,,,,,,,100,100,0,100,0,0
75107.3,,,,,,,,,,,,,,,,,,,,,,,,,,,,,,,,,,,,,,,121,,,,,,,,,,
75252.3,,,,,,,,,,,,,,,,,,,,,,,,,,,,,,,,,,,,,,,,,122,,,,,,,,
75456.8,,,,,,,,,,,,,,,,,,,,,,,,,,,,,,,,,,,,,,360,,,,,,,,,,,
75715.2,,,,,,,,,,,,,,,,,,,,,,,,,,,,,,,,,,,,,,,122,,,,,,,,,,
75854.5,,,,,,,,,,,,,,,,,,,,,,,,,,,,,,,,,,,,,,,,,123,,,,,,,,
76083.5,,,,,,,,,,,,,,,,,,,,,,,,,,,,,,,,,,,,,,363,,,,,,,,,,,
76336.1,,,,,,,,,,,,,,,,,,,,,,,,,,,,,,,,,,,,,,,123,,,,,,,,,,
76480.7,,,,,,,,,,,,,,,,,,,,,,,,,,,,,,,,,,,,,,,,,124,,,,,,,,
76715.5,,,,,,,,,,,,,,,,,,,,,,,,,,,,,,,,,,,,,,366,,,,,,,,,,,
76823.7,56000,56000,54500,56000,51000,54000,55200,0,1.4025e+08,2.034e+06,2.035e+06,2.034e+06,2.034e+06,2.035e+06,2.035e+06,630078,917968,1.6e+09,8,19176,153,36,19168,690,12,4816,57,282,19184,5409,136,19176,2607,184,4816,886,120,,,,,,,100,100,0,100,1.11111,1.11111
76942,,,,,,,,,,,,,,,,,,,,,,,,,,,,,,,,,,,,,,,124,,,,,,,,,,
77088.8,,,,,,,,,,,,,,,,,,,,,,,,,,,,,,,,,,,,,,,,,125,,,,,,,,
77343.3,,,,,,,,,,,,,,,,,,,,,,,,,,,,,,,,,,,,,,369,,,,,,,,,,,
77410.4,56000,56000,54500,56000,51000,54000,55200,0,1.4025e+08,2.038e+06,2.035e+06,2.035e+06,2.042e+06,2.04e+06,2.039e+06,630078,909375,1.6e+09,8,19176,153,36,19168,690,12,4816,57,282,19184,5409,136,19176,2607,184,4816,886,120,,,,,,,100,100,0,100,0,0
77541.7,,,,,,,,,,,,,,,,,,,,,,,,,,,,,,,,,,,,,,,125,,,,,,,,,,
77697.2,,,,,,,,,,,,,,,,,,,,,,,,,,,,,,,,,,,,,,,,,126,,,,,,,,
77970.3,,,,,,,,,,,,,,,,,,,,,,,,,,,,,,,,,,,,,,372,,,,,,,,,,,
78130.6,56000,56000,54500,56000,51000,54000,55700,0,1.4025e+08,1.996e+06,2.034e+06,2.034e+06,1.998e+06,1.996e+06,1.998e+06,630078,898632,1.6e+09,8,19176,153,36,19168,690,12,4816,57,282,19184,5409,136,19176,2607,184,4816,886,120,,,,,,,100,100,0,100,0,0
78151.6,,,,,,,,,,,,,,,,,,,,,,,,,,,,,,,,,,,,,,,126,,,,,,,,,,
78310.4,,,,,,,,,,,,,,,,,,,,,,,,,,,,,,,,,,,,,,,,,127,,,,,,,,
78598.9,,,,,,,,,,,,,,,,,,,,,,,,,,,,,,,,,,,,,,375,,,,,,,,,,,
78763.9,,,,,,,,,,,,,,,,,,,,,,,,,,,,,,,,,,,,,,,127,,,,,,,,,,
78914.6,,,,,,,,,,,,,,,,,,,,,,,,,,,,,,,,,,,,,,,,,128,,,,,,,,
79232.1,,,,,,,,,,,,,,,,,,,,,,,,,,,,,,,,,,,,,,378,,,,,,,,,,,
79261.2,56500,56500,54500,56500,51000,54000,55400,0,1.4025e+08,2.036e+06,2.035e+06,2.034e+06,2.038e+06,2.038e+06,2.037e+06,630078,909375,1.6e+09,8,19176,153,36,19168,690,12,4816,57,284,19184,5448,136,19176,2607,188,4816,905,120,,,,,,,100,100,0.884956,100,2.63158,0.884956
79393.4,,,,,,,,,,,,,,,,,,,,,,,,,,,,,,,,,,,,,,,128,,,,,,,,,,
79548.5,,,,,,,,,,,,,,,,,,,,,,,,,,,,,,,,,,,,,,,,,129,,,,,,,,
79858.3,,,,,,,,,,,,,,,,,,,,,,,,,,,,,,,,,,,,,,381,,,,,,,,,,,
80014.8,,,,,,,,,,,,,,,,,,,,,,,,,,,,,,,,,,,,,,,129,,,,,,,,,,
80147.1,,,,,,,,,,,,,,,,,,,,,,,,,,,,,,,,,,,,,,,,,130,,,,,,,,
80485.7,,,,,,,,,,,,,,,,,,,,,,,,,,,,,,,,,,,,,,384,,,,,,,,,,,
80631.1,,,,,,,,,,,,,,,,,,,,,,,,,,,,,,,,,,,,,,,130,,,,,,,,,,
80743.5,,,,,,,,,,,,,,,,,,,,,,,,,,,,,,,,,,,,,,,,,131,,,,,,,,
80829.6,56000,56000,54500,56000,51000,54000,55400,0,1.4025e+08,1.996e+06,2.035e+06,2.034e+06,1.996e+06,1.996e+06,1.996e+06,630078,898632,1.6e+09,8,19176,153,36,19168,690,12,4816,57,282,19184,5409,136,19176,2607,184,4816,886,120,,,,,,,100,100,0,100,0.636943,0
81111.5,,,,,,,,,,,,,,,,,,,,,,,,,,,,,,,,,,,,,,387,,,,,,,,,,,
81168.6,56000,56000,54500,56000,51000,54000,55400,0,1.4025e+08,2.034e+06,2.035e+06,2.034e+06,2.037e+06,2.038e+06,2.04e+06,630078,909375,1.6e+09,8,19176,153,36,19168,690,12,4816,57,282,19184,5409,136,19176,2607,184,4816,886,120,,,,,,,100,100,0,100,0,2.94118
81251.6,,,,,,,,,,,,,,,,,,,,,,,,,,,,,,,,,,,,,,,131,,,,,,,,,,
81366,,,,,,,,,,,,,,,,,,,,,,,,,,,,,,,,,,,,,,,,,132,,,,,,,,
81739.9,,,,,,,,,,,,,,,,,,,,,,,,,,,,,,,,,,,,,,390,,,,,,,,,,,
81859.7,,,,,,,,,,,,,,,,,,,,,,,,,,,,,,,,,,,,,,,132,,,,,,,,,,
81965.4,,,,,,,,,,,,,,,,,,,,,,,,,,,,,,,,,,,,,,,,,133,,,,,,,,
82343.8,56500,56500,54500,56500,51000,54000,55400,0,1.4025e+08,1.996e+06,2.035e+06,2.035e+06,1.998e+06,1.997e+06,1.997e+06,630078,898632,1.6e+09,8,19176,153,36,19168,690,12,4816,57,284,19184,5448,136,19176,2607,184,4816,886,120,,,,,,,100,100,0.847458,100,0.854701,1.69492
82373.3,,,,,,,,,,,,,,,,,,,,,,,,,,,,,,,,,,,,,,393,,,,,,,,,,,
82491.6,,,,,,,,,,,,,,,,,,,,,,,,,,,,,,,,,,,,,,,133,,,,,,,,,,
82599.5,,,,,,,,,,,,,,,,,,,,,,,,,,,,,,,,,,,,,,,,,134,,,,,,,,
83001.3,,,,,,,,,,,,,,,,,,,,,,,,,,,,,,,,,,,,,,396,,,,,,,,,,,
83110.4,,,,,,,,,,,,,,,,,,,,,,,,,,,,,,,,,,,,,,,134,,,,,,,,,,
83221.2,,,,,,,,,,,,,,,,,,,,,,,,,,,,,,,,,,,,,,,,,135,,,,,,,,
83473.5,56000,56000,54500,56000,51000,54000,55400,0,1.4025e+08,1.995e+06,2.035e+06,2.034e+06,1.996e+06,1.996e+06,1.997e+06,630078,898632,1.6e+09,8,19176,153,36,19168,690,12,4816,57,284,19184,5448,136,19176,2607,184,4816,886,120,,,,,,,100,100,0,100,0.884956,1.76991
83630.2,,,,,,,,,,,,,,,,,,,,,,,,,,,,,,,,,,,,,,399,,,,,,,,,,,
83716.4,,,,,,,,,,,,,,,,,,,,,,,,,,,,,,,,,,,,,,,135,,,,,,,,,,
83827.5,,,,,,,,,,,,,,,,,,,,,,,,,,,,,,,,,,,,,,,,,136,,,,,,,,
84257.3,,,,,,,,,,,,,,,,,,,,,,,,,,,,,,,,,,,,,,402,,,,,,,,,,,
84331.3,,,,,,,,,,,,,,,,,,,,,,,,,,,,,,,,,,,,,,,136,,,,,,,,,,
84435.6,,,,,,,,,,,,,,,,,,,,,,,,,,,,,,,,,,,,,,,,,137,,,,,,,,
84885.7,,,,,,,,,,,,,,,,,,,,,,,,,,,,,,,,,,,,,,405,,,,,,,,,,,
84943.3,,,,,,,,,,,,,,,,,,,,,,,,,,,,,,,,,,,,,,,137,,,,,,,,,,
84987.4,56500,56500,54500,56500,51000,54000,55700,0,1.4025e+08,2.034e+06,2.035e+06,2.034e+06,2.034e+06,2.036e+06,2.035e+06,630078,898632,1.6e+09,8,19176,153,36,19168,690,12,4816,57,282,19184,5409,136,19176,2607,184,4816,886,120,,,,,,,100,100,0,100,0,0.662252
85050.7,,,,,,,,,,,,,,,,,,,,,,,,,,,,,,,,,,,,,,,,,138,,,,,,,,
85520.5,,,,,,,,,,,,,,,,,,,,,,,,,,,,,,,,,,,,,,408,,,,,,,,,,,
85539.6,56000,56000,54500,56000,51000,54000,55400,0,1.4025e+08,1.996e+06,2.036e+06,2.035e+06,1.997e+06,1.997e+06,1.997e+06,630078,898632,1.6e+09,8,19176,153,36,19168,690,12,4816,57,284,19184,5448,136,19176,2607,184,4816,886,120,,,,,,,100,100,0,100,1.81818,3.63636
85563.4,,,,,,,,,,,,,,,,,,,,,,,,,,,,,,,,,,,,,,,138,,,,,,,,,,
85680.8,,,,,,,,,,,,,,,,,,,,,,,,,,,,,,,,,,,,,,,,,139,,,,,,,,
86146.5,,,,,,,,,,,,,,,,,,,,,,,,,,,,,,,,,,,,,,411,,,,,,,,,,,
86170.4,,,,,,,,,,,,,,,,,,,,,,,,,,,,,,,,,,,,,,,139,,,,,,,,,,
86249.5,56000,56000,54000,56000,51000,54000,55400,0,1.4025e+08,2.037e+06,2.035e+06,2.034e+06,2.038e+06,2.037e+06,2.04e+06,630078,909375,1.6e+09,8,19176,153,36,19168,690,12,4816,57,282,19184,5409,136,19176,2607,184,4816,886,120,,,,,,,100,100,0,100,0,0
86284.5,,,,,,,,,,,,,,,,,,,,,,,,,,,,,,,,,,,,,,,,,140,,,,,,,,
86770.9,,,,,,,,,,,,,,,,,,,,,,,,,,,,,,,,,,,,,,414,,,,,,,,,,,
86778.9,,,,,,,,,,,,,,,,,,,,,,,,,,,,,,,,,,,,,,,140,,,,,,,,,,
86884.3,,,,,,,,,,,,,,,,,,,,,,,,,,,,,,,,,,,,,,,,,141,,,,,,,,
87124.6,56000,56000,54500,56000,51000,54250,55400,0,1.4025e+08,1.997e+06,2.034e+06,2.035e+06,1.996e+06,1.996e+06,1.997e+06,630078,898632,1.6e+09,8,19176,153,36,19168,690,12,4816,57,282,19184,5409,136,19176,2607,184,4816,886,120,,,,,,,100,100,0,100,1.13636,0
87387.3,,,,,,,,,,,,,,,,,,,,,,,,,,,,,,,,,,,,,,,141,,,,,,,,,,
87399,,,,,,,,,,,,,,,,,,,,,,,,,,,,,,,,,,,,,,417,,,,,,,,,,,
87499,,,,,,,,,,,,,,,,,,,,,,,,,,,,,,,,,,,,,,,,,142,,,,,,,,
88004.4,,,,,,,,,,,,,,,,,,,,,,,,,,,,,,,,,,,,,,,142,,,,,,,,,,
88023.4,,,,,,,,,,,,,,,,,,,,,,,,,,,,,,,,,,,,,,420,,,,,,,,,,,
88100.6,,,,,,,,,,,,,,,,,,,,,,,,,,,,,,,,,,,,,,,,,143,,,,,,,,
88305.9,56000,56000,54500,56000,51000,54000,55200,0,1.4025e+08,2.034e+06,2.035e+06,2.034e+06,2.035e+06,2.035e+06,2.035e+06,630078,917968,1.6e+09,8,19176,153,36,19168,690,12,4816,57,284,19184,5448,136,19176,2607,184,4816,886,120,,,,,,,100,100,1.68067,100,0,1.69492
88637.7,,,,,,,,,,,,,,,,,,,,,,,,,,,,,,,,,,,,,,,143,,,,,,,,,,
88657,,,,,,,,,,,,,,,,,,,,,,,,,,,,,,,,,,,,,,423,,,,,,,,,,,
88729.5,,,,,,,,,,,,,,,,,,,,,,,,,,,,,,,,,,,,,,,,,144,,,,,,,,
89246.2,,,,,,,,,,,,,,,,,,,,,,,,,,,,,,,,,,,,,,,144,,,,,,,,,,
89283.9,,,,,,,,,,,,,,,,,,,,,,,,,,,,,,,,,,,,,,426,,,,,,,,,,,
89331.8,,,,,,,,,,,,,,,,,,,,,,,,,,,,,,,,,,,,,,,,,145,,,,,,,,
89565,56000,56000,54500,56000,51000,54000,55700,0,1.4025e+08,2.034e+06,2.034e+06,2.034e+06,2.036e+06,2.034e+06,2.033e+06,630078,917968,1.6e+09,8,19176,153,36,19168,690,12,4816,57,282,19184,5409,136,19176,2607,184,4816,886,120,,,,,,,100,100,0,100,0,0.793651
89869.8,,,,,,,,,,,,,,,,,,,,,,,,,,,,,,,,,,,,,,,145,,,,,,,,,,
89911.6,,,,,,,,,,,,,,,,,,,,,,,,,,,,,,,,,,,,,,429,,,,,,,,,,,
89937.1,,,,,,,,,,,,,,,,,,,,,,,,,,,,,,,,,,,,,,,,,146,,,,,,,,
90428.7,56000,56000,54500,56000,51000,54000,55400,0,1.4025e+08,1.997e+06,2.036e+06,2.035e+06,2.043e+06,2.062e+06,2.035e+06,630078,917968,1.6e+09,8,19176,153,36,19168,690,12,4816,57,282,19184,5409,136,19176,2607,184,4816,886,120,,,,,,,100,100,0,100,1.14943,1.16279
90489,,,,,,,,,,,,,,,,,,,,,,,,,,,,,,,,,,,,,,,146,,,,,,,,,,
90538.9,,,,,,,,,,,,,,,,,,,,,,,,,,,,,,,,,,,,,,432,,,,,,,,,,,
90549.9,,,,,,,,,,,,,,,,,,,,,,,,,,,,,,,,,,,,,,,,,147,,,,,,,,
91094.1,,,,,,,,,,,,,,,,,,,,,,,,,,,,,,,,,,,,,,,147,,,,,,,,,,
91173.1,,,,,,,,,,,,,,,,,,,,,,,,,,,,,,,,,,,,,,,,,148,,,,,,,,
91173.3,,,,,,,,,,,,,,,,,,,,,,,,,,,,,,,,,,,,,,435,,,,,,,,,,,
91718.2,,,,,,,,,,,,,,,,,,,,,,,,,,,,,,,,,,,,,,,148,,,,,,,,,,
91727.3,56000,56000,54500,56000,51000,54000,55400,0,1.4025e+08,2.034e+06,2.035e+06,2.034e+06,2.036e+06,2.035e+06,2.035e+06,630078,917968,1.6e+09,8,19176,153,36,19168,690,12,4816,57,282,19184,5409,136,19176,2607,184,4816,886,120,,,,,,,100,100,0,100,0.775194,2.29008
91779.8,,,,,,,,,,,,,,,,,,,,,,,,,,,,,,,,,,,,,,,,,149,,,,,,,,
91800.6,,,,,,,,,,,,,,,,,,,,,,,,,,,,,,,,,,,,,,438,,,,,,,,,,,
92047,56000,56000,54500,56000,51000,54000,55400,0,1.4025e+08,2.034e+06,2.035e+06,2.034e+06,2.034e+06,2.034e+06,2.035e+06,630078,917968,1.6e+09,8,19176,153,36,19168,690,12,4816,57,282,19184,5409,136,19176,2607,184,4816,886,120,,,,,,,100,100,0,100,0,0
92324.1,,,,,,,,,,,,,,,,,,,,,,,,,,,,,,,,,,,,,,,149,,,,,,,,,,
92390.5,,,,,,,,,,,,,,,,,,,,,,,,,,,,,,,,,,,,,,,,,150,,,,,,,,
92428.6,,,,,,,,,,,,,,,,,,,,,,,,,,,,,,,,,,,,,,441,,,,,,,,,,,
92927.3,,,,,,,,,,,,,,,,,,,,,,,,,,,,,,,,,,,,,,,150,,,,,,,,,,
92989.8,,,,,,,,,,,,,,,,,,,,,,,,,,,,,,,,,,,,,,,,,151,,,,,,,,
93056,,,,,,,,,,,,,,,,,,,,,,,,,,,,,,,,,,,,,,444,,,,,,,,,,,
93538.8,,,,,,,,,,,,,,,,,,,,,,,,,,,,,,,,,,,,,,,151,,,,,,,,,,
93593.9,,,,,,,,,,,,,,,,,,,,,,,,,,,,,,,,,,,,,,,,,152,,,,,,,,
93679.3,,,,,,,,,,,,,,,,,,,,,,,,,,,,,,,,,,,,,,447,,,,,,,,,,,
93886.5,56000,56000,54500,56000,51000,54000,55400,0,1.4025e+08,1.996e+06,2.036e+06,2.035e+06,1.997e+06,1.996e+06,1.996e+06,630078,898632,1.6e+09,8,19176,153,36,19168,690,12,4816,57,282,19184,5409,136,19176,2607,184,4816,886,120,,,,,,,100,100,0,100,0.543478,0.546448
94045,56000,56000,54500,56000,51000,54000,55400,0,1.4025e+08,2.034e+06,2.035e+06,2.034e+06,2.035e+06,2.036e+06,2.034e+06,630078,917968,1.6e+09,8,19176,153,36,19168,690,12,4816,57,282,19184,5409,136,19176,2607,184,4816,886,120,,,,,,,100,100,0,100,0,0
94158.4,,,,,,,,,,,,,,,,,,,,,,,,,,,,,,,,,,,,,,,152,,,,,,,,,,
94228.6,,,,,,,,,,,,,,,,,,,,,,,,,,,,,,,,,,,,,,,,,153,,,,,,,,
94314.3,,,,,,,,,,,,,,,,,,,,,,,,,,,,,,,,,,,,,,450,,,,,,,,,,,
94775.8,,,,,,,,,,,,,,,,,,,,,,,,,,,,,,,,,,,,,,,153,,,,,,,,,,
94834.1,,,,,,,,,,,,,,,,,,,,,,,,,,,,,,,,,,,,,,,,,154,,,,,,,,
94941.3,,,,,,,,,,,,,,,,,,,,,,,,,,,,,,,,,,,,,,453,,,,,,,,,,,
95388.2,,,,,,,,,,,,,,,,,,,,,,,,,,,,,,,,,,,,,,,154,,,,,,,,,,
95435.6,,,,,,,,,,,,,,,,,,,,,,,,,,,,,,,,,,,,,,,,,155,,,,,,,,
95565.9,,,,,,,,,,,,,,,,,,,,,,,,,,,,,,,,,,,,,,456,,,,,,,,,,,
95844.2,56000,56000,54500,56000,51000,54000,55200,0,1.4025e+08,1.997e+06,2.034e+06,2.034e+06,1.997e+06,1.996e+06,1.997e+06,630078,898632,1.6e+09,8,19176,153,36,19168,690,12,4816,57,282,19184,5409,136,19176,2607,184,4816,886,120,,,,,,,100,100,1.10497,100,1.10497,1.65746
96006,,,,,,,,,,,,,,,,,,,,,,,,,,,,,,,,,,,,,,,155,,,,,,,,,,
96043.2,,,,,,,,,,,,,,,,,,,,,,,,,,,,,,,,,,,,,,,,,156,,,,,,,,
96193.4,,,,,,,,,,,,,,,,,,,,,,,,,,,,,,,,,,,,,,459,,,,,,,,,,,
96619.9,,,,,,,,,,,,,,,,,,,,,,,,,,,,,,,,,,,,,,,156,,,,,,,,,,
96650.3,,,,,,,,,,,,,,,,,,,,,,,,,,,,,,,,,,,,,,,,,157,,,,,,,,
96810.5,56000,56000,54500,56000,51000,54000,55400,0,1.4025e+08,2.034e+06,2.034e+06,2.035e+06,2.037e+06,2.034e+06,2.039e+06,630078,909375,1.6e+09,8,19176,153,36,19168,690,12,4816,57,282,19184,5409,136,19176,2607,184,4816,886,120,,,,,,,100,100,0,100,0,1.03093
96819.7,,,,,,,,,,,,,,,,,,,,,,,,,,,,,,,,,,,,,,462,,,,,,,,,,,
97246.2,,,,,,,,,,,,,,,,,,,,,,,,,,,,,,,,,,,,,,,157,,,,,,,,,,
97281.2,,,,,,,,,,,,,,,,,,,,,,,,,,,,,,,,,,,,,,,,,158,,,,,,,,
97453.5,,,,,,,,,,,,,,,,,,,,,,,,,,,,,,,,,,,,,,465,,,,,,,,,,,
97836,56000,56000,54500,56000,51000,54000,55500,0,1.4025e+08,2.034e+06,2.034e+06,2.035e+06,2.034e+06,2.035e+06,2.035e+06,630078,917968,1.6e+09,8,19176,153,36,19168,690,12,4816,57,282,19184,5409,136,19176,2607,184,4816,886,120,,,,,,,100,100,0,100,0.980392,0.990099
97860.9,,,,,,,,,,,,,,,,,,,,,,,,,,,,,,,,,,,,,,,158,,,,,,,,,,
97887.7,,,,,,,,,,,,,,,,,,,,,,,,,,,,,,,,,,,,,,,,,159,,,,,,,,
98079.6,,,,,,,,,,,,,,,,,,,,,,,,,,,,,,,,,,,,,,468,,,,,,,,,,,
98185.8,56500,56500,54500,56500,51000,54000,55500,0,1.4025e+08,1.996e+06,2.035e+06,2.035e+06,1.996e+06,1.997e+06,1.998e+06,630078,898632,1.6e+09,8,19176,153,36,19168,690,12,4816,57,282,19184,5409,136,19176,2607,184,4816,886,120,,,,,,,100,100,0,100,0,0
98466.2,,,,,,,,,,,,,,,,,,,,,,,,,,,,,,,,,,,,,,,159,,,,,,,,,,
98502.5,,,,,,,,,,,,,,,,,,,,,,,,,,,,,,,,,,,,,,,,,160,,,,,,,,
98708.2,,,,,,,,,,,,,,,,,,,,,,,,,,,,,,,,,,,,,,471,,,,,,,,,,,
99068.6,,,,,,,,,,,,,,,,,,,,,,,,,,,,,,,,,,,,,,,160,,,,,,,,,,
99102.3,,,,,,,,,,,,,,,,,,,,,,,,,,,,,,,,,,,,,,,,,161,,,,,,,,
99334.9,,,,,,,,,,,,,,,,,,,,,,,,,,,,,,,,,,,,,,474,,,,,,,,,,,
99376,56000,56000,54500,56000,51000,54000,55400,0,1.4025e+08,1.995e+06,2.035e+06,2.035e+06,1.996e+06,1.997e+06,1.996e+06,630078,898632,1.6e+09,8,19176,153,36,19168,690,12,4816,57,282,19184,5409,136,19176,2607,184,4816,886,120,,,,,,,100,100,0,100,0.840336,0.840336
99687.7,,,,,,,,,,,,,,,,,,,,,,,,,,,,,,,,,,,,,,,161,,,,,,,,,,
99720.4,,,,,,,,,,,,,,,,,,,,,,,,,,,,,,,,,,,,,,,,,162,,,,,,,,
99961.3,,,,,,,,,,,,,,,,,,,,,,,,,,,,,,,,,,,,,,477,,,,,,,,,,,
100236,56000,56000,54500,56000,51000,54000,55700,0,1.4025e+08,2.034e+06,2.035e+06,2.034e+06,2.034e+06,2.018e+06,1.997e+06,630078,898632,1.6e+09,8,19176,153,36,19168,690,12,4816,57,284,19184,5448,136,19176,2607,184,4816,886,120,,,,,,,100,100,2.27273,100,2.29885,1.17647
100308,,,,,,,,,,,,,,,,,,,,,,,,,,,,,,,,,,,,,,,162,,,,,,,,,,
100351,,,,,,,,,,,,,,,,,,,,,,,,,,,,,,,,,,,,,,,,,163,,,,,,,,
100596,,,,,,,,,,,,,,,,,,,,,,,,,,,,,,,,,,,,,,480,,,,,,,,,,,
100925,,,,,,,,,,,,,,,,,,,,,,,,,,,,,,,,,,,,,,,163,,,,,,,,,,
100958,,,,,,,,,,,,,,,,,,,,,,,,,,,,,,,,,,,,,,,,,164,,,,,,,,
101223,,,,,,,,,,,,,,,,,,,,,,,,,,,,,,,,,,,,,,483,,,,,,,,,,,
101401,56500,56500,54500,56500,51000,54000,55400,0,1.4025e+08,2.035e+06,2.034e+06,2.035e+06,2.036e+06,2.036e+06,2.034e+06,630078,917968,1.6e+09,8,19176,153,36,19168,690,12,4816,57,282,19184,5409,136,19176,2607,184,4816,886,120,,,,,,,100,100,0,100,0,0
101533,,,,,,,,,,,,,,,,,,,,,,,,,,,,,,,,,,,,,,,164,,,,,,,,,,
101561,,,,,,,,,,,,,,,,,,,,,,,,,,,,,,,,,,,,,,,,,165,,,,,,,,
101851,,,,,,,,,,,,,,,,,,,,,,,,,,,,,,,,,,,,,,486,,,,,,,,,,,
102122,56000,56000,54500,56000,51000,54000,55400,136,1.4025e+08,2.034e+06,2.034e+06,2.035e+06,2.036e+06,2.035e+06,2.034e+06,630078,898632,1.6e+09,8,19176,153,36,19168,690,12,4816,57,284,19184,5448,136,19176,2607,184,4816,886,120,,,,,,,100,100,0,100,0,4.05405
102144,,,,,,,,,,,,,,,,,,,,,,,,,,,,,,,,,,,,,,,165,,,,,,,,,,
102181,,,,,,,,,,,,,,,,,,,,,,,,,,,,,,,,,,,,,,,,,166,,,,,,,,
102480,,,,,,,,,,,,,,,,,,,,,,,,,,,,,,,,,,,,,,489,,,,,,,,,,,
102754,,,,,,,,,,,,,,,,,,,,,,,,,,,,,,,,,,,,,,,166,,,,,,,,,,
102777,,,,,,,,,,,,,,,,,,,,,,,,,,,,,,,,,,,,,,,,,167,,,,,,,,
103105,,,,,,,,,,,,,,,,,,,,,,,,,,,,,,,,,,,,,,492,,,,,,,,,,,
103382,,,,,,,,,,,,,,,,,,,,,,,,,,,,,,,,,,,,,,,167,,,,,,,,,,
103409,,,,,,,,,,,,,,,,,,,,,,,,,,,,,,,,,,,,,,,,,168,,,,,,,,
103738,,,,,,,,,,,,,,,,,,,,,,,,,,,,,,,,,,,,,,495,,,,,,,,,,,
103946,56000,56000,54500,56000,51000,54000,55400,0,1.4025e+08,1.995e+06,2.035e+06,2.034e+06,1.997e+06,1.997e+06,1.996e+06,630078,898632,1.6e+09,8,19176,153,36,19168,690,12,4816,57,282,19184,5409,136,19176,2607,184,4816,886,120,,,,,,,100,100,0.549451,100,0.549451,0
104001,,,,,,,,,,,,,,,,,,,,,,,,,,,,,,,,,,,,,,,168,,,,,,,,,,
104009,,,,,,,,,,,,,,,,,,,,,,,,,,,,,,,,,,,,,,,,,169,,,,,,,,
104364,,,,,,,,,,,,,,,,,,,,,,,,,,,,,,,,,,,,,,498,,,,,,,,,,,
104409,56500,56500,55000,56500,51000,54000,55700,0,1.4025e+08,1.996e+06,2.035e+06,2.035e+06,1.996e+06,1.997e+06,1.997e+06,630078,898632,1.6e+09,8,19176,153,36,19168,690,12,4816,57,282,19184,5409,136,19176,2607,184,4816,886,120,,,,,,,100,100,0,100,0,2.12766
104613,,,,,,,,,,,,,,,,,,,,,,,,,,,,,,,,,,,,,,,169,,,,,,,,,,
104625,,,,,,,,,,,,,,,,,,,,,,,,,,,,,,,,,,,,,,,,,170,,,,,,,,
104991,,,,,,,,,,,,,,,,,,,,,,,,,,,,,,,,,,,,,,501,,,,,,,,,,,
105224,,,,,,,,,,,,,,,,,,,,,,,,,,,,,,,,,,,,,,,,,171,,,,,,,,
105226,,,,,,,,,,,,,,,,,,,,,,,,,,,,,,,,,,,,,,,170,,,,,,,,,,
105618,,,,,,,,,,,,,,,,,,,,,,,,,,,,,,,,,,,,,,504,,,,,,,,,,,
105769,56000,56000,54500,56000,51000,54000,55400,0,1.4025e+08,1.997e+06,2.035e+06,2.035e+06,1.995e+06,1.997e+06,1.995e+06,630078,898632,1.6e+09,8,19176,153,36,19168,690,12,4816,57,282,19184,5409,136,19176,2607,184,4816,886,120,,,,,,,100,100,0,100,0,0.740741
105830,,,,,,,,,,,,,,,,,,,,,,,,,,,,,,,,,,,,,,,171,,,,,,,,,,
105836,,,,,,,,,,,,,,,,,,,,,,,,,,,,,,,,,,,,,,,,,172,,,,,,,,
106253,,,,,,,,,,,,,,,,,,,,,,,,,,,,,,,,,,,,,,507,,,,,,,,,,,
106451,,,,,,,,,,,,,,,,,,,,,,,,,,,,,,,,,,,,,,,172,,,,,,,,,,
106455,,,,,,,,,,,,,,,,,,,,,,,,,,,,,,,,,,,,,,,,,173,,,,,,,,
106879,,,,,,,,,,,,,,,,,,,,,,,,,,,,,,,,,,,,,,510,,,,,,,,,,,
106965,56500,56500,54500,56500,51000,54000,55400,0,1.4025e+08,1.996e+06,2.035e+06,2.035e+06,1.996e+06,1.996e+06,1.996e+06,630078,898632,1.6e+09,8,19176,153,36,19168,690,12,4816,57,282,19184,5409,136,19176,2607,184,4816,886,120,,,,,,,100,100,0.840336,100,1.66667,0.840336
107069,,,,,,,,,,,,,,,,,,,,,,,,,,,,,,,,,,,,,,,,,174,,,,,,,,
107071,,,,,,,,,,,,,,,,,,,,,,,,,,,,,,,,,,,,,,,173,,,,,,,,,,
107232,56000,56000,54500,56000,51000,54000,55400,0,1.4025e+08,2.034e+06,2.035e+06,2.035e+06,2.034e+06,2.036e+06,2.034e+06,630078,917968,1.6e+09,8,19176,153,36,19168,690,12,4816,57,282,19184,5409,136,19176,2607,184,4816,886,120,,,,,,,100,100,0,100,0,0
107508,,,,,,,,,,,,,,,,,,,,,,,,,,,,,,,,,,,,,,513,,,,,,,,,,,
107672,,,,,,,,,,,,,,,,,,,,,,,,,,,,,,,,,,,,,,,,,175,,,,,,,,
107676,,,,,,,,,,,,,,,,,,,,,,,,,,,,,,,,,,,,,,,174,,,,,,,,,,
108135,,,,,,,,,,,,,,,,,,,,,,,,,,,,,,,,,,,,,,516,,,,,,,,,,,
108179,56000,56000,54500,56000,51000,54000,55400,0,1.4025e+08,1.996e+06,2.035e+06,2.035e+06,1.998e+06,1.997e+06,1.996e+06,630078,898632,1.6e+09,8,19176,153,36,19168,690,12,4816,57,282,19184,5409,136,19176,2607,184,4816,886,120,,,,,,,100,100,0,100,1.05263,1.05263
108289,,,,,,,,,,,,,,,,,,,,,,,,,,,,,,,,,,,,,,,175,,,,,,,,,,
108290,,,,,,,,,,,,,,,,,,,,,,,,,,,,,,,,,,,,,,,,,176,,,,,,,,
108761,,,,,,,,,,,,,,,,,,,,,,,,,,,,,,,,,,,,,,519,,,,,,,,,,,
108883,,,,,,,,,,,,,,,,,,,,,,,,,,,,,,,,,,,,,,,,,177,,,,,,,,
108895,,,,,,,,,,,,,,,,,,,,,,,,,,,,,,,,,,,,,,,176,,,,,,,,,,
109095,56000,56000,54500,56000,51000,54000,55400,0,1.4025e+08,1.997e+06,2.034e+06,2.034e+06,1.997e+06,1.998e+06,1.996e+06,630078,898632,1.6e+09,8,19176,153,36,19168,690,12,4816,57,282,19184,5409,136,19176,2607,184,4816,886,120,,,,,,,100,100,0,100,1.07527,0
109397,,,,,,,,,,,,,,,,,,,,,,,,,,,,,,,,,,,,,,522,,,,,,,,,,,
109519,,,,,,,,,,,,,,,,,,,,,,,,,,,,,,,,,,,,,,,,,178,,,,,,,,
109523,,,,,,,,,,,,,,,,,,,,,,,,,,,,,,,,,,,,,,,177,,,,,,,,,,
110022,,,,,,,,,,,,,,,,,,,,,,,,,,,,,,,,,,,,,,525,,,,,,,,,,,
110112,,,,,,,,,,,,,,,,,,,,,,,,,,,,,,,,,,,,,,,,,179,,,,,,,,
110136,,,,,,,,,,,,,,,,,,,,,,,,,,,,,,,,,,,,,,,178,,,,,,,,,,
110492,56000,56000,54500,56000,51000,54000,55400,0,1.4025e+08,2.036e+06,2.035e+06,2.034e+06,2.034e+06,2.034e+06,2.035e+06,630078,917968,1.6e+09,8,19176,153,36,19168,690,12,4816,57,282,19184,5409,136,19176,2607,184,4816,886,120,,,,,,,100,100,1.41844,100,0,1.42857
110651,,,,,,,,,,,,,,,,,,,,,,,,,,,,,,,,,,,,,,528,,,,,,,,,,,
110729,,,,,,,,,,,,,,,,,,,,,,,,,,,,,,,,,,,,,,,,,180,,,,,,,,
110752,,,,,,,,,,,,,,,,,,,,,,,,,,,,,,,,,,,,,,,179,,,,,,,,,,
111007,56000,56000,54500,56000,51000,54000,55700,0,1.4025e+08,1.996e+06,2.035e+06,2.034e+06,1.997e+06,1.996e+06,1.997e+06,630078,898632,1.6e+09,8,19176,153,36,19168,690,12,4816,57,282,19184,5409,136,19176,2607,184,4816,886,120,,,,,,,100,100,0,100,0,1.92308
111280,,,,,,,,,,,,,,,,,,,,,,,,,,,,,,,,,,,,,,531,,,,,,,,,,,
111344,,,,,,,,,,,,,,,,,,,,,,,,,,,,,,,,,,,,,,,,,181,,,,,,,,
111360,,,,,,,,,,,,,,,,,,,,,,,,,,,,,,,,,,,,,,,180,,,,,,,,,,
111908,,,,,,,,,,,,,,,,,,,,,,,,,,,,,,,,,,,,,,534,,,,,,,,,,,
111947,,,,,,,,,,,,,,,,,,,,,,,,,,,,,,,,,,,,,,,,,182,,,,,,,,
111957,,,,,,,,,,,,,,,,,,,,,,,,,,,,,,,,,,,,,,,181,,,,,,,,,,
112260,56000,56000,54500,56000,51000,54000,55400,0,1.4025e+08,2.034e+06,2.035e+06,2.035e+06,2.035e+06,2.035e+06,2.036e+06,630078,917968,1.6e+09,8,19176,153,36,19168,690,12,4816,57,284,19184,5448,136,19176,2607,188,4816,905,120,,,,,,,100,100,0,100,0,0.806452
112543,,,,,,,,,,,,,,,,,,,,,,,,,,,,,,,,,,,,,,537,,,,,,,,,,,
112582,,,,,,,,,,,,,,,,,,,,,,,,,,,,,,,,,,,,,,,,,183,,,,,,,,
112591,,,,,,,,,,,,,,,,,,,,,,,,,,,,,,,,,,,,,,,182,,,,,,,,,,
113170,,,,,,,,,,,,,,,,,,,,,,,,,,,,,,,,,,,,,,540,,,,,,,,,,,
113183,,,,,,,,,,,,,,,,,,,,,,,,,,,,,,,,,,,,,,,,,184,,,,,,,,
113204,,,,,,,,,,,,,,,,,,,,,,,,,,,,,,,,,,,,,,,183,,,,,,,,,,
113781,,,,,,,,,,,,,,,,,,,,,,,,,,,,,,,,,,,,,,,,,185,,,,,,,,
113795,,,,,,,,,,,,,,,,,,,,,,,,,,,,,,,,,,,,,,543,,,,,,,,,,,
113823,,,,,,,,,,,,,,,,,,,,,,,,,,,,,,,,,,,,,,,184,,,,,,,,,,
113834,56000,56000,54500,56000,51000,54000,55400,0,1.4025e+08,1.997e+06,2.034e+06,2.034e+06,1.996e+06,1.997e+06,1.996e+06,630078,898632,1.6e+09,8,19176,153,36,19168,690,12,4816,57,282,19184,5409,136,19176,2607,184,4816,886,120,,,,,,,100,100,0,100,0.636943,0
114397,,,,,,,,,,,,,,,,,,,,,,,,,,,,,,,,,,,,,,,,,186,,,,,,,,
114424,,,,,,,,,,,,,,,,,,,,,,,,,,,,,,,,,,,,,,546,,,,,,,,,,,
114434,,,,,,,,,,,,,,,,,,,,,,,,,,,,,,,,,,,,,,,185,,,,,,,,,,
114479,56000,56000,54500,56000,51000,54000,55400,0,1.4025e+08,1.997e+06,2.036e+06,2.035e+06,1.996e+06,1.997e+06,1.997e+06,630078,898632,1.6e+09,8,19176,153,36,19168,690,12,4816,57,282,19184,5409,136,19176,2607,184,4816,886,120,,,,,,,100,100,0,100,1.53846,0
115004,,,,,,,,,,,,,,,,,,,,,,,,,,,,,,,,,,,,,,,,,187,,,,,,,,
115032,,,,,,,,,,,,,,,,,,,,,,,,,,,,,,,,,,,,,,,186,,,,,,,,,,
115051,,,,,,,,,,,,,,,,,,,,,,,,,,,,,,,,,,,,,,549,,,,,,,,,,,
115248,56500,56500,54500,56500,51000,54000,55400,0,1.4025e+08,2.035e+06,2.035e+06,2.034e+06,2.035e+06,2.034e+06,2.035e+06,630078,917968,1.6e+09,8,19176,153,36,19168,690,12,4816,57,284,19184,5448,136,19176,2607,184,4816,886,120,,,,,,,100,100,1.2987,100,2.5974,1.31579
115634,,,,,,,,,,,,,,,,,,,,,,,,,,,,,,,,,,,,,,,,,188,,,,,,,,
115647,,,,,,,,,,,,,,,,,,,,,,,,,,,,,,,,,,,,,,,187,,,,,,,,,,
115686,,,,,,,,,,,,,,,,,,,,,,,,,,,,,,,,,,,,,,552,,,,,,,,,,,
116237,,,,,,,,,,,,,,,,,,,,,,,,,,,,,,,,,,,,,,,,,189,,,,,,,,
116244,,,,,,,,,,,,,,,,,,,,,,,,,,,,,,,,,,,,,,,188,,,,,,,,,,
116313,,,,,,,,,,,,,,,,,,,,,,,,,,,,,,,,,,,,,,555,,,,,,,,,,,
116372,56000,56000,54500,56000,51000,54000,55400,0,1.4025e+08,2.033e+06,2.035e+06,2.034e+06,2.036e+06,2.034e+06,2.036e+06,630078,917968,1.6e+09,8,19176,153,36,19168,690,12,4816,57,282,19184,5409,136,19176,2607,184,4816,886,120,,,,,,,100,100,0,100,0.884956,0.884956
116841,,,,,,,,,,,,,,,,,,,,,,,,,,,,,,,,,,,,,,,189,,,,,,,,,,
116843,,,,,,,,,,,,,,,,,,,,,,,,,,,,,,,,,,,,,,,,,190,,,,,,,,
116940,,,,,,,,,,,,,,,,,,,,,,,,,,,,,,,,,,,,,,558,,,,,,,,,,,
117447,,,,,,,,,,,,,,,,,,,,,,,,,,,,,,,,,,,,,,,190,,,,,,,,,,
117451,,,,,,,,,,,,,,,,,,,,,,,,,,,,,,,,,,,,,,,,,191,,,,,,,,
117567,,,,,,,,,,,,,,,,,,,,,,,,,,,,,,,,,,,,,,561,,,,,,,,,,,
117726,56000,56000,54500,56000,51000,54000,55400,0,1.4025e+08,1.996e+06,2.035e+06,2.035e+06,1.996e+06,1.997e+06,1.996e+06,630078,909375,1.6e+09,8,19176,153,36,19168,690,12,4816,57,282,19184,5409,136,19176,2607,184,4816,886,120,,,,,,,100,100,0,100,0.740741,0
118055,,,,,,,,,,,,,,,,,,,,,,,,,,,,,,,,,,,,,,,,,192,,,,,,,,
118057,,,,,,,,,,,,,,,,,,,,,,,,,,,,,,,,,,,,,,,191,,,,,,,,,,
118201,,,,,,,,,,,,,,,,,,,,,,,,,,,,,,,,,,,,,,564,,,,,,,,,,,
118371,56500,56500,54500,56500,51000,54000,55400,0,1.4025e+08,1.997e+06,2.034e+06,2.036e+06,1.998e+06,1.998e+06,1.997e+06,630078,898632,1.6e+09,8,19176,153,36,19168,690,12,4816,57,284,19184,5448,136,19176,2607,184,4816,886,120,,,,,,,100,100,1.5625,100,0,1.5873
118687,,,,,,,,,,,,,,,,,,,,,,,,,,,,,,,,,,,,,,,,,193,,,,,,,,
118696,,,,,,,,,,,,,,,,,,,,,,,,,,,,,,,,,,,,,,,192,,,,,,,,,,
118829,,,,,,,,,,,,,,,,,,,,,,,,,,,,,,,,,,,,,,567,,,,,,,,,,,
119290,,,,,,,,,,,,,,,,,,,,,,,,,,,,,,,,,,,,,,,,,194,,,,,,,,
119316,,,,,,,,,,,,,,,,,,,,,,,,,,,,,,,,,,,,,,,193,,,,,,,,,,
119454,,,,,,,,,,,,,,,,,,,,,,,,,,,,,,,,,,,,,,570,,,,,,,,,,,
119677,56000,56000,54500,56000,51000,54000,55400,0,1.4025e+08,1.996e+06,2.035e+06,2.035e+06,1.997e+06,1.996e+06,1.997e+06,630078,898632,1.6e+09,8,19176,153,36,19168,690,12,4816,57,282,19184,5409,136,19176,2607,184,4816,886,120,,,,,,,100,100,0,100,0,0.763359
119901,,,,,,,,,,,,,,,,,,,,,,,,,,,,,,,,,,,,,,,,,195,,,,,,,,
119932,,,,,,,,,,,,,,,,,,,,,,,,,,,,,,,,,,,,,,,194,,,,,,,,,,
120082,,,,,,,,,,,,,,,,,,,,,,,,,,,,,,,,,,,,,,573,,,,,,,,,,,
120290,56500,56500,54500,56500,51000,54000,55400,0,1.4025e+08,2.034e+06,2.034e+06,2.035e+06,2.034e+06,2.036e+06,2.035e+06,630078,917968,1.6e+09,8,19176,153,36,19168,690,12,4816,57,282,19184,5409,136,19176,2607,184,4816,886,120,,,,,,,100,100,0,100,1.6129,1.6129
120517,,,,,,,,,,,,,,,,,,,,,,,,,,,,,,,,,,,,,,,,,196,,,,,,,,
120531,,,,,,,,,,,,,,,,,,,,,,,,,,,,,,,,,,,,,,,195,,,,,,,,,,
120711,,,,,,,,,,,,,,,,,,,,,,,,,,,,,,,,,,,,,,576,,,,,,,,,,,
121115,,,,,,,,,,,,,,,,,,,,,,,,,,,,,,,,,,,,,,,,,197,,,,,,,,
121152,,,,,,,,,,,,,,,,,,,,,,,,,,,,,,,,,,,,,,,196,,,,,,,,,,
121342,,,,,,,,,,,,,,,,,,,,,,,,,,,,,,,,,,,,,,579,,,,,,,,,,,
121735,,,,,,,,,,,,,,,,,,,,,,,,,,,,,,,,,,,,,,,,,198,,,,,,,,
121769,,,,,,,,,,,,,,,,,,,,,,,,,,,,,,,,,,,,,,,197,,,,,,,,,,
121799,56000,56000,54500,56000,51000,54000,55400,0,1.4025e+08,1.998e+06,2.034e+06,2.035e+06,1.995e+06,1.995e+06,1.998e+06,630078,898632,1.6e+09,8,19176,153,36,19168,690,12,4816,57,282,19184,5409,136,19176,2607,184,4816,886,120,,,,,,,100,100,0.666667,100,0.666667,1.3245
121969,,,,,,,,,,,,,,,,,,,,,,,,,,,,,,,,,,,,,,582,,,,,,,,,,,
122346,,,,,,,,,,,,,,,,,,,,,,,,,,,,,,,,,,,,,,,,,199,,,,,,,,
122378,,,,,,,,,,,,,,,,,,,,,,,,,,,,,,,,,,,,,,,198,,,,,,,,,,
122403,56000,56000,54500,56000,51000,54000,55400,0,1.4025e+08,1.997e+06,2.036e+06,2.034e+06,1.996e+06,1.997e+06,1.998e+06,630078,898632,1.6e+09,8,19176,153,36,19168,690,12,4816,57,282,19184,5409,136,19176,2607,184,4816,886,120,,,,,,,100,100,0,100,1.63934,0
122598,,,,,,,,,,,,,,,,,,,,,,,,,,,,,,,,,,,,,,585,,,,,,,,,,,
122958,,,,,,,,,,,,,,,,,,,,,,,,,,,,,,,,,,,,,,,,,200,,,,,,,,
122981,,,,,,,,,,,,,,,,,,,,,,,,,,,,,,,,,,,,,,,199,,,,,,,,,,
123225,,,,,,,,,,,,,,,,,,,,,,,,,,,,,,,,,,,,,,588,,,,,,,,,,,
123335,56000,56000,54500,56000,51000,54000,55400,0,1.4025e+08,1.997e+06,2.036e+06,2.034e+06,1.998e+06,1.997e+06,1.996e+06,630078,898632,1.6e+09,8,19176,153,36,19168,690,12,4816,57,282,19184,5409,136,19176,2607,184,4816,886,120,,,,,,,100,100,0,100,1.07527,0
123569,,,,,,,,,,,,,,,,,,,,,,,,,,,,,,,,,,,,,,,,,201,,,,,,,,
123595,,,,,,,,,,,,,,,,,,,,,,,,,,,,,,,,,,,,,,,200,,,,,,,,,,
123853,,,,,,,,,,,,,,,,,,,,,,,,,,,,,,,,,,,,,,591,,,,,,,,,,,
124193,,,,,,,,,,,,,,,,,,,,,,,,,,,,,,,,,,,,,,,,,202,,,,,,,,
124223,,,,,,,,,,,,,,,,,,,,,,,,,,,,,,,,,,,,,,,201,,,,,,,,,,
124486,,,,,,,,,,,,,,,,,,,,,,,,,,,,,,,,,,,,,,594,,,,,,,,,,,
124684,56000,56000,54500,56000,51000,54000,55400,0,1.4025e+08,2.035e+06,2.034e+06,2.034e+06,2.035e+06,2.035e+06,2.036e+06,630078,917968,1.6e+09,8,19176,153,36,19168,690,12,4816,57,284,19184,5448,136,19176,2607,184,4816,886,120,,,,,,,100,100,0.746269,100,0,0.746269
124799,,,,,,,,,,,,,,,,,,,,,,,,,,,,,,,,,,,,,,,,,203,,,,,,,,
124817,,,,,,,,,,,,,,,,,,,,,,,,,,,,,,,,,,,,,,,202,,,,,,,,,,
125114,,,,,,,,,,,,,,,,,,,,,,,,,,,,,,,,,,,,,,597,,,,,,,,,,,
125402,,,,,,,,,,,,,,,,,,,,,,,,,,,,,,,,,,,,,,,,,204,,,,,,,,
125421,,,,,,,,,,,,,,,,,,,,,,,,,,,,,,,,,,,,,,,203,,,,,,,,,,
125446,56500,56500,54500,56500,51000,54000,55400,0,1.4025e+08,2.035e+06,2.034e+06,2.034e+06,2.035e+06,2.035e+06,2.035e+06,630078,898632,1.6e+09,8,19176,153,36,19168,690,12,4816,57,282,19184,5409,136,19176,2607,184,4816,886,120,,,,,,,100,100,0,100,0,0
125741,,,,,,,,,,,,,,,,,,,,,,,,,,,,,,,,,,,,,,600,,,,,,,,,,,
126008,,,,,,,,,,,,,,,,,,,,,,,,,,,,,,,,,,,,,,,,,205,,,,,,,,
126030,,,,,,,,,,,,,,,,,,,,,,,,,,,,,,,,,,,,,,,204,,,,,,,,,,
126179,56000,56000,54500,56000,51000,54250,55400,19,1.4025e+08,2.033e+06,2.035e+06,2.034e+06,2.034e+06,2.034e+06,2.035e+06,630078,917968,1.6e+09,8,19176,153,36,19168,690,12,4816,57,282,19184,5409,136,19176,2607,184,4816,886,120,,,,,,,100,100,0,100,0,1.36986
126370,,,,,,,,,,,,,,,,,,,,,,,,,,,,,,,,,,,,,,603,,,,,,,,,,,
126629,,,,,,,,,,,,,,,,,,,,,,,,,,,,,,,,,,,,,,,,,206,,,,,,,,
126647,,,,,,,,,,,,,,,,,,,,,,,,,,,,,,,,,,,,,,,205,,,,,,,,,,
126998,,,,,,,,,,,,,,,,,,,,,,,,,,,,,,,,,,,,,,606,,,,,,,,,,,
127251,,,,,,,,,,,,,,,,,,,,,,,,,,,,,,,,,,,,,,,,,207,,,,,,,,
127280,,,,,,,,,,,,,,,,,,,,,,,,,,,,,,,,,,,,,,,206,,,,,,,,,,
127493,56000,56000,54500,56000,51000,54000,55400,0,1.4025e+08,2.035e+06,2.035e+06,2.034e+06,2.035e+06,2.036e+06,2.035e+06,630078,917968,1.6e+09,8,19176,153,36,19168,690,12,4816,57,284,19184,5448,136,19176,2607,184,4816,886,120,,,,,,,100,100,0.763359,100,0.763359,0.763359
127633,,,,,,,,,,,,,,,,,,,,,,,,,,,,,,,,,,,,,,609,,,,,,,,,,,
127859,,,,,,,,,,,,,,,,,,,,,,,,,,,,,,,,,,,,,,,,,208,,,,,,,,
127895,,,,,,,,,,,,,,,,,,,,,,,,,,,,,,,,,,,,,,,207,,,,,,,,,,
128260,,,,,,,,,,,,,,,,,,,,,,,,,,,,,,,,,,,,,,612,,,,,,,,,,,
128281,56000,56000,54500,56000,51000,54000,55400,0,1.4025e+08,1.996e+06,2.035e+06,2.035e+06,1.997e+06,1.996e+06,1.995e+06,630078,898632,1.6e+09,8,19176,153,36,19168,690,12,4816,57,282,19184,5409,136,19176,2607,184,4816,886,120,,,,,,,100,100,0,100,0,2.5
128465,,,,,,,,,,,,,,,,,,,,,,,,,,,,,,,,,,,,,,,,,209,,,,,,,,
128505,,,,,,,,,,,,,,,,,,,,,,,,,,,,,,,,,,,,,,,208,,,,,,,,,,
128888,,,,,,,,,,,,,,,,,,,,,,,,,,,,,,,,,,,,,,615,,,,,,,,,,,
129067,,,,,,,,,,,,,,,,,,,,,,,,,,,,,,,,,,,,,,,,,210,,,,,,,,
129105,,,,,,,,,,,,,,,,,,,,,,,,,,,,,,,,,,,,,,,209,,,,,,,,,,
129363,56000,56000,54500,56000,51000,54000,55700,51,1.4025e+08,1.997e+06,2.034e+06,2.035e+06,1.997e+06,1.997e+06,1.997e+06,630078,898632,1.6e+09,8,19176,153,36,19168,690,12,4816,57,284,19184,5448,136,19176,2607,184,4816,886,120,,,,,,,100,100,0,100,0,0.934579
129516,,,,,,,,,,,,,,,,,,,,,,,,,,,,,,,,,,,,,,618,,,,,,,,,,,
129680,,,,,,,,,,,,,,,,,,,,,,,,,,,,,,,,,,,,,,,,,211,,,,,,,,
129707,,,,,,,,,,,,,,,,,,,,,,,,,,,,,,,,,,,,,,,210,,,,,,,,,,
130149,,,,,,,,,,,,,,,,,,,,,,,,,,,,,,,,,,,,,,621,,,,,,,,,,,
130303,,,,,,,,,,,,,,,,,,,,,,,,,,,,,,,,,,,,,,,,,212,,,,,,,,
130331,,,,,,,,,,,,,,,,,,,,,,,,,,,,,,,,,,,,,,,211,,,,,,,,,,
130774,,,,,,,,,,,,,,,,,,,,,,,,,,,,,,,,,,,,,,624,,,,,,,,,,,
130869,56000,56000,54500,56000,51000,54000,55400,0,1.4025e+08,2.034e+06,2.036e+06,2.035e+06,2.035e+06,2.035e+06,2.035e+06,630078,898632,1.6e+09,8,19176,153,36,19168,690,12,4816,57,282,19184,5409,136,19176,2607,184,4816,886,120,,,,,,,100,100,0.662252,100,1.31579,0
130911,,,,,,,,,,,,,,,,,,,,,,,,,,,,,,,,,,,,,,,,,213,,,,,,,,
130948,,,,,,,,,,,,,,,,,,,,,,,,,,,,,,,,,,,,,,,212,,,,,,,,,,
131402,,,,,,,,,,,,,,,,,,,,,,,,,,,,,,,,,,,,,,627,,,,,,,,,,,
131511,,,,,,,,,,,,,,,,,,,,,,,,,,,,,,,,,,,,,,,,,214,,,,,,,,
131515,56000,56000,54500,56000,51000,54000,55400,0,1.4025e+08,1.996e+06,2.034e+06,2.034e+06,1.997e+06,1.997e+06,1.996e+06,630078,898632,1.6e+09,8,19176,153,36,19168,690,12,4816,57,282,19184,5409,136,19176,2607,184,4816,886,120,,,,,,,100,100,0,100,0,3.0303
131553,,,,,,,,,,,,,,,,,,,,,,,,,,,,,,,,,,,,,,,213,,,,,,,,,,
132029,,,,,,,,,,,,,,,,,,,,,,,,,,,,,,,,,,,,,,630,,,,,,,,,,,
132124,,,,,,,,,,,,,,,,,,,,,,,,,,,,,,,,,,,,,,,,,215,,,,,,,,
132167,,,,,,,,,,,,,,,,,,,,,,,,,,,,,,,,,,,,,,,214,,,,,,,,,,
132656,,,,,,,,,,,,,,,,,,,,,,,,,,,,,,,,,,,,,,633,,,,,,,,,,,
132726,,,,,,,,,,,,,,,,,,,,,,,,,,,,,,,,,,,,,,,,,216,,,,,,,,
132764,56000,56000,54500,56000,51000,54000,55400,0,1.4025e+08,1.997e+06,2.035e+06,2.035e+06,1.997e+06,1.997e+06,1.997e+06,630078,898632,1.6e+09,8,19176,153,36,19168,690,12,4816,57,282,19184,5409,136,19176,2607,184,4816,886,120,,,,,,,100,100,0,100,0.8,0
132779,,,,,,,,,,,,,,,,,,,,,,,,,,,,,,,,,,,,,,,215,,,,,,,,,,
133291,,,,,,,,,,,,,,,,,,,,,,,,,,,,,,,,,,,,,,636,,,,,,,,,,,
133357,,,,,,,,,,,,,,,,,,,,,,,,,,,,,,,,,,,,,,,,,217,,,,,,,,
133405,,,,,,,,,,,,,,,,,,,,,,,,,,,,,,,,,,,,,,,216,,,,,,,,,,
133917,,,,,,,,,,,,,,,,,,,,,,,,,,,,,,,,,,,,,,639,,,,,,,,,,,
133956,,,,,,,,,,,,,,,,,,,,,,,,,,,,,,,,,,,,,,,,,218,,,,,,,,
133989,56000,56000,54500,56000,51000,54000,55400,0,1.4025e+08,2.035e+06,2.034e+06,2.036e+06,2.035e+06,2.034e+06,2.033e+06,630078,917968,1.6e+09,8,19176,153,36,19168,690,12,4816,57,282,19184,5409,136,19176,2607,184,4816,886,120,,,,,,,100,100,0,100,0,1.62602
134041,,,,,,,,,,,,,,,,,,,,,,,,,,,,,,,,,,,,,,,217,,,,,,,,,,
134461,56000,56000,54000,56000,51000,54000,55400,0,1.4025e+08,1.997e+06,2.034e+06,2.034e+06,1.996e+06,1.998e+06,1.997e+06,630078,898632,1.6e+09,8,19176,153,36,19168,690,12,4816,57,282,19184,5409,136,19176,2607,184,4816,886,120,,,,,,,100,100,0,100,0,4.08163
134546,,,,,,,,,,,,,,,,,,,,,,,,,,,,,,,,,,,,,,642,,,,,,,,,,,
134580,,,,,,,,,,,,,,,,,,,,,,,,,,,,,,,,,,,,,,,,,219,,,,,,,,
134653,,,,,,,,,,,,,,,,,,,,,,,,,,,,,,,,,,,,,,,218,,,,,,,,,,
135172,56000,56000,54000,56000,51000,54000,55400,0,1.4025e+08,1.997e+06,2.034e+06,2.034e+06,1.996e+06,1.997e+06,1.996e+06,630078,898632,1.6e+09,8,19176,153,36,19168,690,12,4816,57,282,19184,5409,136,19176,2607,184,4816,886,120,,,,,,,100,100,0,100,0,1.40845
135180,,,,,,,,,,,,,,,,,,,,,,,,,,,,,,,,,,,,,,645,,,,,,,,,,,
135186,,,,,,,,,,,,,,,,,,,,,,,,,,,,,,,,,,,,,,,,,220,,,,,,,,
135271,,,,,,,,,,,,,,,,,,,,,,,,,,,,,,,,,,,,,,,219,,,,,,,,,,
135791,,,,,,,,,,,,,,,,,,,,,,,,,,,,,,,,,,,,,,,,,221,,,,,,,,
135802,,,,,,,,,,,,,,,,,,,,,,,,,,,,,,,,,,,,,,648,,,,,,,,,,,
135884,,,,,,,,,,,,,,,,,,,,,,,,,,,,,,,,,,,,,,,220,,,,,,,,,,
136410,,,,,,,,,,,,,,,,,,,,,,,,,,,,,,,,,,,,,,,,,222,,,,,,,,
136435,,,,,,,,,,,,,,,,,,,,,,,,,,,,,,,,,,,,,,651,,,,,,,,,,,
136510,,,,,,,,,,,,,,,,,,,,,,,,,,,,,,,,,,,,,,,221,,,,,,,,,,
136757,56000,56000,54500,56000,51000,54000,55400,0,1.4025e+08,1.996e+06,2.033e+06,2.034e+06,1.998e+06,1.999e+06,1.996e+06,630078,898632,1.6e+09,8,19176,153,36,19168,690,12,4816,57,282,19184,5409,136,19176,2607,184,4816,886,120,,,,,,,100,100,0,100,0.636943,0.636943
137025,,,,,,,,,,,,,,,,,,,,,,,,,,,,,,,,,,,,,,,,,223,,,,,,,,
137063,,,,,,,,,,,,,,,,,,,,,,,,,,,,,,,,,,,,,,654,,,,,,,,,,,
137140,,,,,,,,,,,,,,,,,,,,,,,,,,,,,,,,,,,,,,,222,,,,,,,,,,
137424,56500,56500,54500,56500,51000,54000,55700,0,1.4025e+08,2.036e+06,2.035e+06,2.035e+06,2.035e+06,2.035e+06,2.035e+06,630078,917968,1.6e+09,8,19176,153,36,19168,690,12,4816,57,282,19184,5409,136,19176,2607,184,4816,886,120,,,,,,,100,100,0,100,1.47059,0
137629,,,,,,,,,,,,,,,,,,,,,,,,,,,,,,,,,,,,,,,,,224,,,,,,,,
137690,,,,,,,,,,,,,,,,,,,,,,,,,,,,,,,,,,,,,,657,,,,,,,,,,,
137750,,,,,,,,,,,,,,,,,,,,,,,,,,,,,,,,,,,,,,,223,,,,,,,,,,
138243,,,,,,,,,,,,,,,,,,,,,,,,,,,,,,,,,,,,,,,,,225,,,,,,,,
138318,,,,,,,,,,,,,,,,,,,,,,,,,,,,,,,,,,,,,,660,,,,,,,,,,,
138358,,,,,,,,,,,,,,,,,,,,,,,,,,,,,,,,,,,,,,,224,,,,,,,,,,
138403,56500,56500,54500,56500,51000,54000,55200,0,1.4025e+08,1.997e+06,2.035e+06,2.035e+06,1.997e+06,1.998e+06,1.997e+06,630078,898632,1.6e+09,8,19176,153,36,19168,690,12,4816,57,282,19184,5409,136,19176,2607,184,4816,886,120,,,,,,,100,100,0,100,0,2.0202
138847,,,,,,,,,,,,,,,,,,,,,,,,,,,,,,,,,,,,,,,,,226,,,,,,,,
138945,,,,,,,,,,,,,,,,,,,,,,,,,,,,,,,,,,,,,,663,,,,,,,,,,,
138958,,,,,,,,,,,,,,,,,,,,,,,,,,,,,,,,,,,,,,,225,,,,,,,,,,
139477,,,,,,,,,,,,,,,,,,,,,,,,,,,,,,,,,,,,,,,,,227,,,,,,,,
139579,,,,,,,,,,,,,,,,,,,,,,,,,,,,,,,,,,,,,,666,,,,,,,,,,,
139594,,,,,,,,,,,,,,,,,,,,,,,,,,,,,,,,,,,,,,,226,,,,,,,,,,
139935,56500,56500,54500,56500,51000,54000,55400,0,1.4025e+08,1.997e+06,2.035e+06,2.035e+06,1.997e+06,1.997e+06,1.997e+06,630078,917968,1.6e+09,8,19176,153,36,19168,690,12,4816,57,282,19184,5409,136,19176,2607,184,4816,886,120,,,,,,,100,100,1.29032,100,0.653595,0.657895
140082,,,,,,,,,,,,,,,,,,,,,,,,,,,,,,,,,,,,,,,,,228,,,,,,,,
140206,,,,,,,,,,,,,,,,,,,,,,,,,,,,,,,,,,,,,,669,,,,,,,,,,,
140216,,,,,,,,,,,,,,,,,,,,,,,,,,,,,,,,,,,,,,,227,,,,,,,,,,
140518,56000,56000,54500,56000,51000,54000,55400,0,1.4025e+08,2.039e+06,2.036e+06,2.035e+06,2.04e+06,2.038e+06,2.038e+06,630078,909375,1.6e+09,8,19176,153,36,19168,690,12,4816,57,282,19184,5409,136,19176,2607,184,4816,886,120,,,,,,,100,100,0,100,0,0
140693,,,,,,,,,,,,,,,,,,,,,,,,,,,,,,,,,,,,,,,,,229,,,,,,,,
140826,,,,,,,,,,,,,,,,,,,,,,,,,,,,,,,,,,,,,,,228,,,,,,,,,,
140830,,,,,,,,,,,,,,,,,,,,,,,,,,,,,,,,,,,,,,672,,,,,,,,,,,
141296,,,,,,,,,,,,,,,,,,,,,,,,,,,,,,,,,,,,,,,,,230,,,,,,,,
141439,,,,,,,,,,,,,,,,,,,,,,,,,,,,,,,,,,,,,,,229,,,,,,,,,,
141458,,,,,,,,,,,,,,,,,,,,,,,,,,,,,,,,,,,,,,675,,,,,,,,,,,
141892,56000,56000,54500,56000,51000,54000,55400,0,1.4025e+08,1.996e+06,2.035e+06,2.034e+06,1.996e+06,1.996e+06,1.996e+06,630078,898632,1.6e+09,8,19176,153,36,19168,690,12,4816,57,282,19184,5409,136,19176,2607,184,4816,886,120,,,,,,,100,100,0,100,0.729927,0.729927
141907,,,,,,,,,,,,,,,,,,,,,,,,,,,,,,,,,,,,,,,,,231,,,,,,,,
142048,,,,,,,,,,,,,,,,,,,,,,,,,,,,,,,,,,,,,,,230,,,,,,,,,,
142085,,,,,,,,,,,,,,,,,,,,,,,,,,,,,,,,,,,,,,678,,,,,,,,,,,
142523,,,,,,,,,,,,,,,,,,,,,,,,,,,,,,,,,,,,,,,,,232,,,,,,,,
142677,,,,,,,,,,,,,,,,,,,,,,,,,,,,,,,,,,,,,,,231,,,,,,,,,,
142719,,,,,,,,,,,,,,,,,,,,,,,,,,,,,,,,,,,,,,681,,,,,,,,,,,
142940,56000,56000,54000,56000,51000,54250,55400,0,1.4025e+08,2.034e+06,2.034e+06,2.035e+06,2.035e+06,2.034e+06,2.034e+06,630078,917968,1.6e+09,8,19176,153,36,19168,690,12,4816,57,282,19184,5409,136,19176,2607,184,4816,886,120,,,,,,,100,100,1.90476,100,0,0
143160,,,,,,,,,,,,,,,,,,,,,,,,,,,,,,,,,,,,,,,,,233,,,,,,,,
143289,,,,,,,,,,,,,,,,,,,,,,,,,,,,,,,,,,,,,,,232,,,,,,,,,,
143347,,,,,,,,,,,,,,,,,,,,,,,,,,,,,,,,,,,,,,684,,,,,,,,,,,
143749,,,,,,,,,,,,,,,,,,,,,,,,,,,,,,,,,,,,,,,,,234,,,,,,,,
143777,56000,56000,54500,56000,51000,54000,55400,0,1.4025e+08,1.995e+06,2.035e+06,2.035e+06,1.996e+06,1.996e+06,1.996e+06,630078,898632,1.6e+09,8,19176,153,36,19168,690,12,4816,57,282,19184,5409,136,19176,2607,184,4816,886,120,,,,,,,100,100,0,100,0,2.40964
143904,,,,,,,,,,,,,,,,,,,,,,,,,,,,,,,,,,,,,,,233,,,,,,,,,,
143974,,,,,,,,,,,,,,,,,,,,,,,,,,,,,,,,,,,,,,687,,,,,,,,,,,
144367,,,,,,,,,,,,,,,,,,,,,,,,,,,,,,,,,,,,,,,,,235,,,,,,,,
144511,,,,,,,,,,,,,,,,,,,,,,,,,,,,,,,,,,,,,,,234,,,,,,,,,,
144603,,,,,,,,,,,,,,,,,,,,,,,,,,,,,,,,,,,,,,690,,,,,,,,,,,
144725,56000,56000,54500,56000,51000,54000,55400,0,1.4025e+08,2.035e+06,2.035e+06,2.036e+06,2.035e+06,2.034e+06,2.035e+06,630078,917968,1.6e+09,8,19176,153,36,19168,690,12,4816,57,282,19184,5409,136,19176,2607,184,4816,886,120,,,,,,,100,100,0,100,0,1.05263
144976,,,,,,,,,,,,,,,,,,,,,,,,,,,,,,,,,,,,,,,,,236,,,,,,,,
145116,,,,,,,,,,,,,,,,,,,,,,,,,,,,,,,,,,,,,,,235,,,,,,,,,,
145237,,,,,,,,,,,,,,,,,,,,,,,,,,,,,,,,,,,,,,693,,,,,,,,,,,
145419,56500,56500,54500,56500,51000,54000,55700,0,1.4025e+08,1.996e+06,2.035e+06,2.034e+06,1.997e+06,1.996e+06,1.995e+06,630078,898632,1.6e+09,8,19176,153,36,19168,690,12,4816,57,284,19184,5448,136,19176,2607,188,4816,905,120,,,,,,,100,100,0,100,0,4.28571
145614,,,,,,,,,,,,,,,,,,,,,,,,,,,,,,,,,,,,,,,,,237,,,,,,,,
145737,,,,,,,,,,,,,,,,,,,,,,,,,,,,,,,,,,,,,,,236,,,,,,,,,,
145864,,,,,,,,,,,,,,,,,,,,,,,,,,,,,,,,,,,,,,696,,,,,,,,,,,
146024,56000,56000,54500,56000,51000,54000,55700,0,1.4025e+08,2.035e+06,2.035e+06,2.035e+06,2.035e+06,2.035e+06,2.034e+06,630078,917968,1.6e+09,8,19176,153,36,19168,690,12,4816,57,282,19184,5409,136,19176,2607,184,4816,886,120,,,,,,,100,100,0,100,0,0
146223,,,,,,,,,,,,,,,,,,,,,,,,,,,,,,,,,,,,,,,,,238,,,,,,,,
146344,,,,,,,,,,,,,,,,,,,,,,,,,,,,,,,,,,,,,,,237,,,,,,,,,,
146490,,,,,,,,,,,,,,,,,,,,,,,,,,,,,,,,,,,,,,699,,,,,,,,,,,
146820,,,,,,,,,,,,,,,,,,,,,,,,,,,,,,,,,,,,,,,,,239,,,,,,,,
146958,,,,,,,,,,,,,,,,,,,,,,,,,,,,,,,,,,,,,,,238,,,,,,,,,,
147096,56000,56000,54500,56000,51000,54000,55400,0,1.4025e+08,2.033e+06,2.035e+06,2.034e+06,2.035e+06,2.035e+06,2.035e+06,630078,917968,1.6e+09,8,19176,153,36,19168,690,12,4816,57,282,19184,5409,136,19176,2607,184,4816,886,120,,,,,,,100,100,0,100,0,0.934579
147116,,,,,,,,,,,,,,,,,,,,,,,,,,,,,,,,,,,,,,702,,,,,,,,,,,
147434,,,,,,,,,,,,,,,,,,,,,,,,,,,,,,,,,,,,,,,,,240,,,,,,,,
147576,,,,,,,,,,,,,,,,,,,,,,,,,,,,,,,,,,,,,,,239,,,,,,,,,,
147744,,,,,,,,,,,,,,,,,,,,,,,,,,,,,,,,,,,,,,705,,,,,,,,,,,
148039,,,,,,,,,,,,,,,,,,,,,,,,,,,,,,,,,,,,,,,,,241,,,,,,,,
148144,56000,56000,54500,56000,51000,54000,55400,0,1.4025e+08,1.997e+06,2.035e+06,2.035e+06,1.996e+06,1.997e+06,1.996e+06,630078,898632,1.6e+09,8,19176,153,36,19168,690,12,4816,57,284,19184,5448,136,19176,2607,188,4816,905,120,,,,,,,100,100,1.88679,100,1.90476,1.90476
148202,,,,,,,,,,,,,,,,,,,,,,,,,,,,,,,,,,,,,,,240,,,,,,,,,,
148379,,,,,,,,,,,,,,,,,,,,,,,,,,,,,,,,,,,,,,708,,,,,,,,,,,
148668,,,,,,,,,,,,,,,,,,,,,,,,,,,,,,,,,,,,,,,,,242,,,,,,,,
148818,,,,,,,,,,,,,,,,,,,,,,,,,,,,,,,,,,,,,,,241,,,,,,,,,,
149005,,,,,,,,,,,,,,,,,,,,,,,,,,,,,,,,,,,,,,711,,,,,,,,,,,
149273,,,,,,,,,,,,,,,,,,,,,,,,,,,,,,,,,,,,,,,,,243,,,,,,,,
149393,56000,56000,54500,56000,51000,54000,55400,0,1.4025e+08,1.996e+06,2.036e+06,2.035e+06,1.997e+06,1.996e+06,1.997e+06,630078,917968,1.6e+09,8,19176,153,36,19168,690,12,4816,57,282,19184,5409,136,19176,2607,184,4816,886,120,,,,,,,100,100,0,100,0.8,0
149432,,,,,,,,,,,,,,,,,,,,,,,,,,,,,,,,,,,,,,,242,,,,,,,,,,
149632,,,,,,,,,,,,,,,,,,,,,,,,,,,,,,,,,,,,,,714,,,,,,,,,,,
149880,,,,,,,,,,,,,,,,,,,,,,,,,,,,,,,,,,,,,,,,,244,,,,,,,,
150044,,,,,,,,,,,,,,,,,,,,,,,,,,,,,,,,,,,,,,,243,,,,,,,,,,
150260,,,,,,,,,,,,,,,,,,,,,,,,,,,,,,,,,,,,,,717,,,,,,,,,,,
150491,,,,,,,,,,,,,,,,,,,,,,,,,,,,,,,,,,,,,,,,,245,,,,,,,,
150655,,,,,,,,,,,,,,,,,,,,,,,,,,,,,,,,,,,,,,,244,,,,,,,,,,
150771,56000,56000,54500,56000,51000,54000,55200,0,1.4025e+08,2.034e+06,2.035e+06,2.035e+06,2.036e+06,2.035e+06,2.034e+06,630078,909375,1.6e+09,8,19176,153,36,19168,690,12,4816,57,282,19184,5409,136,19176,2607,184,4816,886,120,,,,,,,100,100,0,100,0,0.724638
150886,,,,,,,,,,,,,,,,,,,,,,,,,,,,,,,,,,,,,,720,,,,,,,,,,,
151099,,,,,,,,,,,,,,,,,,,,,,,,,,,,,,,,,,,,,,,,,246,,,,,,,,
151276,,,,,,,,,,,,,,,,,,,,,,,,,,,,,,,,,,,,,,,245,,,,,,,,,,
151432,56000,56000,54500,56000,51000,54000,55200,0,1.4025e+08,2.035e+06,2.035e+06,2.035e+06,2.035e+06,2.035e+06,2.033e+06,630078,917968,1.6e+09,8,19176,153,36,19168,690,12,4816,57,284,19184,5448,136,19176,2607,188,4816,905,120,,,,,,,100,100,1.51515,100,1.51515,3.0303
151521,,,,,,,,,,,,,,,,,,,,,,,,,,,,,,,,,,,,,,723,,,,,,,,,,,
151729,,,,,,,,,,,,,,,,,,,,,,,,,,,,,,,,,,,,,,,,,247,,,,,,,,
151885,,,,,,,,,,,,,,,,,,,,,,,,,,,,,,,,,,,,,,,246,,,,,,,,,,
152147,,,,,,,,,,,,,,,,,,,,,,,,,,,,,,,,,,,,,,726,,,,,,,,,,,
152190,56000,56000,54500,56000,51000,54000,55400,0,1.4025e+08,2.036e+06,2.035e+06,2.036e+06,2.039e+06,2.042e+06,2.039e+06,630078,909375,1.6e+09,8,19176,153,36,19168,690,12,4816,57,282,19184,5409,136,19176,2607,184,4816,886,120,,,,,,,100,100,0,100,0,0
152336,,,,,,,,,,,,,,,,,,,,,,,,,,,,,,,,,,,,,,,,,248,,,,,,,,
152489,,,,,,,,,,,,,,,,,,,,,,,,,,,,,,,,,,,,,,,247,,,,,,,,,,
152771,,,,,,,,,,,,,,,,,,,,,,,,,,,,,,,,,,,,,,729,,,,,,,,,,,
152933,,,,,,,,,,,,,,,,,,,,,,,,,,,,,,,,,,,,,,,,,249,,,,,,,,
153091,,,,,,,,,,,,,,,,,,,,,,,,,,,,,,,,,,,,,,,248,,,,,,,,,,
153172,56500,56500,54500,56500,51000,54000,55400,0,1.4025e+08,2.035e+06,2.034e+06,2.035e+06,2.032e+06,2.033e+06,2.034e+06,630078,917968,1.6e+09,8,19176,153,36,19168,690,12,4816,57,282,19184,5409,136,19176,2607,184,4816,886,120,,,,,,,100,100,0,100,1.02041,0
153399,,,,,,,,,,,,,,,,,,,,,,,,,,,,,,,,,,,,,,732,,,,,,,,,,,
153547,,,,,,,,,,,,,,,,,,,,,,,,,,,,,,,,,,,,,,,,,250,,,,,,,,
153714,,,,,,,,,,,,,,,,,,,,,,,,,,,,,,,,,,,,,,,249,,,,,,,,,,
154025,,,,,,,,,,,,,,,,,,,,,,,,,,,,,,,,,,,,,,735,,,,,,,,,,,
154170,,,,,,,,,,,,,,,,,,,,,,,,,,,,,,,,,,,,,,,,,251,,,,,,,,
154345,,,,,,,,,,,,,,,,,,,,,,,,,,,,,,,,,,,,,,,250,,,,,,,,,,
154656,,,,,,,,,,,,,,,,,,,,,,,,,,,,,,,,,,,,,,738,,,,,,,,,,,
154766,56000,56000,54000,56000,51000,54000,55200,0,1.4025e+08,1.995e+06,2.034e+06,2.036e+06,1.995e+06,1.996e+06,1.997e+06,630078,898632,1.6e+09,8,19176,153,36,19168,690,12,4816,57,284,19184,5448,136,19176,2607,184,4816,886,120,,,,,,,100,100,1.25,100,1.25786,0.628931
154779,,,,,,,,,,,,,,,,,,,,,,,,,,,,,,,,,,,,,,,,,252,,,,,,,,
154951,,,,,,,,,,,,,,,,,,,,,,,,,,,,,,,,,,,,,,,251,,,,,,,,,,
155283,,,,,,,,,,,,,,,,,,,,,,,,,,,,,,,,,,,,,,741,,,,,,,,,,,
155383,,,,,,,,,,,,,,,,,,,,,,,,,,,,,,,,,,,,,,,,,253,,,,,,,,
155547,,,,,,,,,,,,,,,,,,,,,,,,,,,,,,,,,,,,,,,252,,,,,,,,,,
155872,56000,56000,54500,56000,51000,54000,55700,0,1.4025e+08,1.996e+06,2.034e+06,2.036e+06,1.997e+06,1.996e+06,1.998e+06,630078,898632,1.6e+09,8,19176,153,36,19168,690,12,4816,57,282,19184,5409,136,19176,2607,184,4816,886,120,,,,,,,100,100,0,100,0.900901,0
155911,,,,,,,,,,,,,,,,,,,,,,,,,,,,,,,,,,,,,,744,,,,,,,,,,,
155989,,,,,,,,,,,,,,,,,,,,,,,,,,,,,,,,,,,,,,,,,254,,,,,,,,
156148,,,,,,,,,,,,,,,,,,,,,,,,,,,,,,,,,,,,,,,253,,,,,,,,,,
156540,,,,,,,,,,,,,,,,,,,,,,,,,,,,,,,,,,,,,,747,,,,,,,,,,,
156598,,,,,,,,,,,,,,,,,,,,,,,,,,,,,,,,,,,,,,,,,255,,,,,,,,
156617,56000,56000,54000,56000,51000,54250,55400,0,1.4025e+08,1.996e+06,2.036e+06,2.034e+06,1.995e+06,1.997e+06,1.996e+06,630078,898632,1.6e+09,8,19176,153,36,19168,690,12,4816,57,282,19184,5409,136,19176,2607,184,4816,886,120,,,,,,,100,100,0,100,1.35135,1.33333
156764,,,,,,,,,,,,,,,,,,,,,,,,,,,,,,,,,,,,,,,254,,,,,,,,,,
157173,,,,,,,,,,,,,,,,,,,,,,,,,,,,,,,,,,,,,,750,,,,,,,,,,,
157234,,,,,,,,,,,,,,,,,,,,,,,,,,,,,,,,,,,,,,,,,256,,,,,,,,
157399,,,,,,,,,,,,,,,,,,,,,,,,,,,,,,,,,,,,,,,255,,,,,,,,,,
157800,,,,,,,,,,,,,,,,,,,,,,,,,,,,,,,,,,,,,,753,,,,,,,,,,,
157836,,,,,,,,,,,,,,,,,,,,,,,,,,,,,,,,,,,,,,,,,257,,,,,,,,
157944,56000,56000,54500,56000,51000,54000,55400,0,1.4025e+08,2.034e+06,2.034e+06,2.035e+06,2.035e+06,2.035e+06,2.034e+06,630078,909375,1.6e+09,8,19176,153,36,19168,690,12,4816,57,282,19184,5409,136,19176,2607,184,4816,886,120,,,,,,,100,100,0,100,0,0.757576
158011,,,,,,,,,,,,,,,,,,,,,,,,,,,,,,,,,,,,,,,256,,,,,,,,,,
158365,56500,56500,54500,56500,51000,54000,55400,0,1.4025e+08,2.042e+06,2.034e+06,2.035e+06,2.035e+06,2.045e+06,2.041e+06,630078,909375,1.6e+09,8,19176,153,36,19168,690,12,4816,57,282,19184,5409,136,19176,2607,184,4816,886,120,,,,,,,100,100,0,100,2.38095,2.32558
158426,,,,,,,,,,,,,,,,,,,,,,,,,,,,,,,,,,,,,,756,,,,,,,,,,,
158452,,,,,,,,,,,,,,,,,,,,,,,,,,,,,,,,,,,,,,,,,258,,,,,,,,
158620,,,,,,,,,,,,,,,,,,,,,,,,,,,,,,,,,,,,,,,257,,,,,,,,,,
159051,,,,,,,,,,,,,,,,,,,,,,,,,,,,,,,,,,,,,,759,,,,,,,,,,,
159057,,,,,,,,,,,,,,,,,,,,,,,,,,,,,,,,,,,,,,,,,259,,,,,,,,
159241,,,,,,,,,,,,,,,,,,,,,,,,,,,,,,,,,,,,,,,258,,,,,,,,,,
159663,,,,,,,,,,,,,,,,,,,,,,,,,,,,,,,,,,,,,,,,,260,,,,,,,,
159677,,,,,,,,,,,,,,,,,,,,,,,,,,,,,,,,,,,,,,762,,,,,,,,,,,
159840,,,,,,,,,,,,,,,,,,,,,,,,,,,,,,,,,,,,,,,259,,,,,,,,,,
159898,56000,56000,54500,56000,51000,54000,55400,0,1.4025e+08,2.037e+06,2.035e+06,2.036e+06,2.034e+06,2.034e+06,2.035e+06,630078,909375,1.6e+09,8,19176,153,36,19168,690,12,4816,57,282,19184,5409,136,19176,2607,184,4816,886,120,,,,,,,100,100,0,100,0.653595,0.653595
160296,,,,,,,,,,,,,,,,,,,,,,,,,,,,,,,,,,,,,,,,,261,,,,,,,,
160305,56000,56000,54000,56000,51000,54000,55400,0,1.4025e+08,1.996e+06,2.036e+06,2.034e+06,1.996e+06,1.996e+06,1.997e+06,630078,898632,1.6e+09,8,19176,153,36,19168,690,12,4816,57,284,19184,5448,136,19176,2607,184,4816,886,120,,,,,,,100,100,0,100,2.43902,4.7619
160312,,,,,,,,,,,,,,,,,,,,,,,,,,,,,,,,,,,,,,765,,,,,,,,,,,
160463,,,,,,,,,,,,,,,,,,,,,,,,,,,,,,,,,,,,,,,260,,,,,,,,,,
160902,,,,,,,,,,,,,,,,,,,,,,,,,,,,,,,,,,,,,,,,,262,,,,,,,,
160937,,,,,,,,,,,,,,,,,,,,,,,,,,,,,,,,,,,,,,768,,,,,,,,,,,
161079,,,,,,,,,,,,,,,,,,,,,,,,,,,,,,,,,,,,,,,261,,,,,,,,,,
161231,56000,56000,54500,56000,51000,54000,55400,0,1.4025e+08,1.996e+06,2.034e+06,2.035e+06,1.997e+06,1.996e+06,1.997e+06,630078,898632,1.6e+09,8,19176,153,36,19168,690,12,4816,57,282,19184,5409,136,19176,2607,184,4816,886,120,,,,,,,100,100,0,100,1.07527,0
161514,,,,,,,,,,,,,,,,,,,,,,,,,,,,,,,,,,,,,,,,,263,,,,,,,,
161564,,,,,,,,,,,,,,,,,,,,,,,,,,,,,,,,,,,,,,771,,,,,,,,,,,
161688,,,,,,,,,,,,,,,,,,,,,,,,,,,,,,,,,,,,,,,262,,,,,,,,,,
162122,,,,,,,,,,,,,,,,,,,,,,,,,,,,,,,,,,,,,,,,,264,,,,,,,,
162192,,,,,,,,,,,,,,,,,,,,,,,,,,,,,,,,,,,,,,774,,,,,,,,,,,
162309,,,,,,,,,,,,,,,,,,,,,,,,,,,,,,,,,,,,,,,263,,,,,,,,,,
162411,56000,56000,54500,56000,51000,54000,55400,0,1.4025e+08,2.039e+06,2.036e+06,2.034e+06,2.037e+06,2.042e+06,2.042e+06,630078,909375,1.6e+09,8,19176,153,36,19168,690,12,4816,57,282,19184,5409,136,19176,2607,184,4816,886,120,,,,,,,100,100,0,100,0.847458,0.847458
162734,,,,,,,,,,,,,,,,,,,,,,,,,,,,,,,,,,,,,,,,,265,,,,,,,,
162818,,,,,,,,,,,,,,,,,,,,,,,,,,,,,,,,,,,,,,777,,,,,,,,,,,
162933,,,,,,,,,,,,,,,,,,,,,,,,,,,,,,,,,,,,,,,264,,,,,,,,,,
163068,56000,56000,54500,56000,51000,54000,55500,0,1.4025e+08,2.034e+06,2.036e+06,2.034e+06,2.036e+06,2.035e+06,2.034e+06,630078,917968,1.6e+09,8,19176,153,36,19168,690,12,4816,57,282,19184,5409,136,19176,2607,184,4816,886,120,,,,,,,100,100,0,100,0,0
163359,,,,,,,,,,,,,,,,,,,,,,,,,,,,,,,,,,,,,,,,,266,,,,,,,,
163451,,,,,,,,,,,,,,,,,,,,,,,,,,,,,,,,,,,,,,780,,,,,,,,,,,
163568,,,,,,,,,,,,,,,,,,,,,,,,,,,,,,,,,,,,,,,265,,,,,,,,,,
163960,,,,,,,,,,,,,,,,,,,,,,,,,,,,,,,,,,,,,,,,,267,,,,,,,,
164076,,,,,,,,,,,,,,,,,,,,,,,,,,,,,,,,,,,,,,783,,,,,,,,,,,
164186,,,,,,,,,,,,,,,,,,,,,,,,,,,,,,,,,,,,,,,266,,,,,,,,,,
164219,56000,56000,54500,56000,51000,54000,55400,0,1.4025e+08,2.035e+06,2.035e+06,2.034e+06,2.034e+06,2.036e+06,2.035e+06,630078,909375,1.6e+09,8,19176,153,36,19168,690,12,4816,57,282,19184,5409,136,19176,2607,184,4816,886,120,,,,,,,100,100,0.869565,100,1.73913,1.72414
164566,,,,,,,,,,,,,,,,,,,,,,,,,,,,,,,,,,,,,,,,,268,,,,,,,,
164703,,,,,,,,,,,,,,,,,,,,,,,,,,,,,,,,,,,,,,786,,,,,,,,,,,
164801,,,,,,,,,,,,,,,,,,,,,,,,,,,,,,,,,,,,,,,267,,,,,,,,,,
165173,,,,,,,,,,,,,,,,,,,,,,,,,,,,,,,,,,,,,,,,,269,,,,,,,,
165330,,,,,,,,,,,,,,,,,,,,,,,,,,,,,,,,,,,,,,789,,,,,,,,,,,
165418,,,,,,,,,,,,,,,,,,,,,,,,,,,,,,,,,,,,,,,268,,,,,,,,,,
165771,,,,,,,,,,,,,,,,,,,,,,,,,,,,,,,,,,,,,,,,,270,,,,,,,,
165871,56000,56000,54000,56000,51000,54000,55400,0,1.4025e+08,2.041e+06,2.035e+06,2.035e+06,2.035e+06,2.037e+06,2.036e+06,630078,909375,1.6e+09,8,19176,153,36,19168,690,12,4816,57,282,19184,5409,136,19176,2607,184,4816,886,120,,,,,,,100,100,0,100,0.606061,0
165957,,,,,,,,,,,,,,,,,,,,,,,,,,,,,,,,,,,,,,792,,,,,,,,,,,
166034,,,,,,,,,,,,,,,,,,,,,,,,,,,,,,,,,,,,,,,269,,,,,,,,,,
166238,56000,56000,54000,56000,51000,54000,55400,0,1.4025e+08,2.038e+06,2.035e+06,2.035e+06,2.036e+06,2.04e+06,2.04e+06,630078,909375,1.6e+09,8,19176,153,36,19168,690,12,4816,57,284,19184,5448,136,19176,2607,188,4816,905,120,,,,,,,100,100,2.7027,100,2.7027,2.7027
166411,,,,,,,,,,,,,,,,,,,,,,,,,,,,,,,,,,,,,,,,,271,,,,,,,,
166590,,,,,,,,,,,,,,,,,,,,,,,,,,,,,,,,,,,,,,795,,,,,,,,,,,
166651,,,,,,,,,,,,,,,,,,,,,,,,,,,,,,,,,,,,,,,270,,,,,,,,,,
167012,,,,,,,,,,,,,,,,,,,,,,,,,,,,,,,,,,,,,,,,,272,,,,,,,,
167216,,,,,,,,,,,,,,,,,,,,,,,,,,,,,,,,,,,,,,798,,,,,,,,,,,
167259,,,,,,,,,,,,,,,,,,,,,,,,,,,,,,,,,,,,,,,271,,,,,,,,,,
167615,,,,,,,,,,,,,,,,,,,,,,,,,,,,,,,,,,,,,,,,,273,,,,,,,,
167842,,,,,,,,,,,,,,,,,,,,,,,,,,,,,,,,,,,,,,801,,,,,,,,,,,
167862,,,,,,,,,,,,,,,,,,,,,,,,,,,,,,,,,,,,,,,272,,,,,,,,,,
167975,56000,56000,54500,56000,51000,54000,55400,0,1.4025e+08,2.036e+06,2.034e+06,2.035e+06,2.034e+06,2.034e+06,2.034e+06,630078,917968,1.6e+09,8,19176,153,36,19168,690,12,4816,57,282,19184,5409,136,19176,2607,184,4816,886,120,,,,,,,100,100,0,100,0.578035,0
168238,,,,,,,,,,,,,,,,,,,,,,,,,,,,,,,,,,,,,,,,,274,,,,,,,,
168295,56500,56500,54000,56500,51000,54000,55200,0,1.4025e+08,1.996e+06,2.034e+06,2.034e+06,1.997e+06,1.995e+06,1.997e+06,630078,898632,1.6e+09,8,19176,153,36,19168,690,12,4816,57,284,19184,5448,136,19176,2607,184,4816,886,120,,,,,,,100,100,0,100,3.0303,0
168472,,,,,,,,,,,,,,,,,,,,,,,,,,,,,,,,,,,,,,804,,,,,,,,,,,
168473,,,,,,,,,,,,,,,,,,,,,,,,,,,,,,,,,,,,,,,273,,,,,,,,,,
168843,,,,,,,,,,,,,,,,,,,,,,,,,,,,,,,,,,,,,,,,,275,,,,,,,,
169095,,,,,,,,,,,,,,,,,,,,,,,,,,,,,,,,,,,,,,,274,,,,,,,,,,
169099,,,,,,,,,,,,,,,,,,,,,,,,,,,,,,,,,,,,,,807,,,,,,,,,,,
169475,,,,,,,,,,,,,,,,,,,,,,,,,,,,,,,,,,,,,,,,,276,,,,,,,,
169639,56000,56000,54500,56000,51000,54000,55700,0,1.4025e+08,2.034e+06,2.034e+06,2.034e+06,2.034e+06,2.034e+06,2.035e+06,630078,917968,1.6e+09,8,19176,153,36,19168,690,12,4816,57,282,19184,5409,136,19176,2607,184,4816,886,120,,,,,,,100,100,0.740741,100,1.49254,0.746269
169729,,,,,,,,,,,,,,,,,,,,,,,,,,,,,,,,,,,,,,,275,,,,,,,,,,
169734,,,,,,,,,,,,,,,,,,,,,,,,,,,,,,,,,,,,,,810,,,,,,,,,,,
170078,,,,,,,,,,,,,,,,,,,,,,,,,,,,,,,,,,,,,,,,,277,,,,,,,,
170346,,,,,,,,,,,,,,,,,,,,,,,,,,,,,,,,,,,,,,,276,,,,,,,,,,
170361,,,,,,,,,,,,,,,,,,,,,,,,,,,,,,,,,,,,,,813,,,,,,,,,,,
170690,,,,,,,,,,,,,,,,,,,,,,,,,,,,,,,,,,,,,,,,,278,,,,,,,,
170909,56000,56000,54500,56000,51000,54000,55200,0,1.4025e+08,2.035e+06,2.035e+06,2.035e+06,2.036e+06,2.035e+06,2.036e+06,630078,909375,1.6e+09,8,19176,153,36,19168,690,12,4816,57,282,19184,5409,136,19176,2607,184,4816,886,120,,,,,,,100,100,0,100,0.787402,0.787402
170960,,,,,,,,,,,,,,,,,,,,,,,,,,,,,,,,,,,,,,,277,,,,,,,,,,
170986,,,,,,,,,,,,,,,,,,,,,,,,,,,,,,,,,,,,,,816,,,,,,,,,,,
171295,,,,,,,,,,,,,,,,,,,,,,,,,,,,,,,,,,,,,,,,,279,,,,,,,,
171577,,,,,,,,,,,,,,,,,,,,,,,,,,,,,,,,,,,,,,,278,,,,,,,,,,
171612,,,,,,,,,,,,,,,,,,,,,,,,,,,,,,,,,,,,,,819,,,,,,,,,,,
171811,56000,56000,54500,56000,51000,54000,55400,0,1.4025e+08,1.995e+06,2.035e+06,2.035e+06,1.997e+06,1.997e+06,1.997e+06,630078,898632,1.6e+09,8,19176,153,36,19168,690,12,4816,57,282,19184,5409,136,19176,2607,184,4816,886,120,,,,,,,100,100,0,100,0,0
171911,,,,,,,,,,,,,,,,,,,,,,,,,,,,,,,,,,,,,,,,,280,,,,,,,,
172203,,,,,,,,,,,,,,,,,,,,,,,,,,,,,,,,,,,,,,,279,,,,,,,,,,
172247,,,,,,,,,,,,,,,,,,,,,,,,,,,,,,,,,,,,,,822,,,,,,,,,,,
172530,56000,56000,54500,56000,51000,54250,55400,0,1.4025e+08,1.996e+06,2.034e+06,2.033e+06,1.996e+06,1.996e+06,1.996e+06,630078,898632,1.6e+09,8,19176,153,36,19168,690,12,4816,57,284,19184,5448,136,19176,2607,184,4816,886,120,,,,,,,100,100,0,100,2.77778,2.73973
172538,,,,,,,,,,,,,,,,,,,,,,,,,,,,,,,,,,,,,,,,,281,,,,,,,,
172810,,,,,,,,,,,,,,,,,,,,,,,,,,,,,,,,,,,,,,,280,,,,,,,,,,
172874,,,,,,,,,,,,,,,,,,,,,,,,,,,,,,,,,,,,,,825,,,,,,,,,,,
173148,,,,,,,,,,,,,,,,,,,,,,,,,,,,,,,,,,,,,,,,,282,,,,,,,,
173417,,,,,,,,,,,,,,,,,,,,,,,,,,,,,,,,,,,,,,,281,,,,,,,,,,
173501,,,,,,,,,,,,,,,,,,,,,,,,,,,,,,,,,,,,,,828,,,,,,,,,,,
173744,,,,,,,,,,,,,,,,,,,,,,,,,,,,,,,,,,,,,,,,,283,,,,,,,,
173849,56000,56000,54500,56000,51000,54000,55400,0,1.4025e+08,1.997e+06,2.034e+06,2.034e+06,1.997e+06,1.997e+06,1.998e+06,630078,898632,1.6e+09,8,19176,153,36,19168,690,12,4816,57,282,19184,5409,136,19176,2607,184,4816,886,120,,,,,,,100,100,0,100,0.763359,0
174026,,,,,,,,,,,,,,,,,,,,,,,,,,,,,,,,,,,,,,,282,,,,,,,,,,
174129,,,,,,,,,,,,,,,,,,,,,,,,,,,,,,,,,,,,,,831,,,,,,,,,,,
174365,,,,,,,,,,,,,,,,,,,,,,,,,,,,,,,,,,,,,,,,,284,,,,,,,,
174588,56000,56000,54000,56000,51000,54000,55400,0,1.4025e+08,1.996e+06,2.033e+06,2.034e+06,1.997e+06,1.996e+06,1.995e+06,630078,898632,1.6e+09,8,19176,153,36,19168,690,12,4816,57,282,19184,5409,136,19176,2607,184,4816,886,120,,,,,,,100,100,0,100,1.33333,0
174634,,,,,,,,,,,,,,,,,,,,,,,,,,,,,,,,,,,,,,,283,,,,,,,,,,
174756,,,,,,,,,,,,,,,,,,,,,,,,,,,,,,,,,,,,,,834,,,,,,,,,,,
174968,,,,,,,,,,,,,,,,,,,,,,,,,,,,,,,,,,,,,,,,,285,,,,,,,,
175255,56000,56000,54500,56000,51000,54250,55400,0,1.4025e+08,1.997e+06,2.035e+06,2.035e+06,1.996e+06,1.997e+06,1.996e+06,630078,898632,1.6e+09,8,19176,153,36,19168,690,12,4816,57,284,19184,5448,136,19176,2607,188,4816,905,120,,,,,,,100,100,1.49254,100,1.51515,2.98507
175263,,,,,,,,,,,,,,,,,,,,,,,,,,,,,,,,,,,,,,,284,,,,,,,,,,
175390,,,,,,,,,,,,,,,,,,,,,,,,,,,,,,,,,,,,,,837,,,,,,,,,,,
175604,,,,,,,,,,,,,,,,,,,,,,,,,,,,,,,,,,,,,,,,,286,,,,,,,,
175872,,,,,,,,,,,,,,,,,,,,,,,,,,,,,,,,,,,,,,,285,,,,,,,,,,
176016,,,,,,,,,,,,,,,,,,,,,,,,,,,,,,,,,,,,,,840,,,,,,,,,,,
176199,,,,,,,,,,,,,,,,,,,,,,,,,,,,,,,,,,,,,,,,,287,,,,,,,,
176265,56000,56000,54500,56000,51000,54000,55400,185,1.4025e+08,2.036e+06,2.034e+06,2.035e+06,2.035e+06,2.039e+06,2.04e+06,630078,909375,1.6e+09,8,19176,153,36,19168,690,12,4816,57,284,19184,5448,136,19176,2607,184,4816,886,120,,,,,,,100,100,0,100,0,0.980392
176472,,,,,,,,,,,,,,,,,,,,,,,,,,,,,,,,,,,,,,,286,,,,,,,,,,
176641,,,,,,,,,,,,,,,,,,,,,,,,,,,,,,,,,,,,,,843,,,,,,,,,,,
176810,,,,,,,,,,,,,,,,,,,,,,,,,,,,,,,,,,,,,,,,,288,,,,,,,,
177088,,,,,,,,,,,,,,,,,,,,,,,,,,,,,,,,,,,,,,,287,,,,,,,,,,
177268,,,,,,,,,,,,,,,,,,,,,,,,,,,,,,,,,,,,,,846,,,,,,,,,,,
177412,,,,,,,,,,,,,,,,,,,,,,,,,,,,,,,,,,,,,,,,,289,,,,,,,,
177609,56000,56000,54500,56000,51000,54000,55400,0,1.4025e+08,2.035e+06,2.035e+06,2.035e+06,2.034e+06,1.998e+06,1.998e+06,630078,898632,1.6e+09,8,19176,153,36,19168,690,12,4816,57,282,19184,5409,136,19176,2607,184,4816,886,120,,,,,,,100,100,0,100,0.746269,0
177704,,,,,,,,,,,,,,,,,,,,,,,,,,,,,,,,,,,,,,,288,,,,,,,,,,
177896,,,,,,,,,,,,,,,,,,,,,,,,,,,,,,,,,,,,,,849,,,,,,,,,,,
178028,,,,,,,,,,,,,,,,,,,,,,,,,,,,,,,,,,,,,,,,,290,,,,,,,,
178338,,,,,,,,,,,,,,,,,,,,,,,,,,,,,,,,,,,,,,,289,,,,,,,,,,
178349,56000,56000,54500,56000,51000,54000,55400,0,1.4025e+08,2.035e+06,2.034e+06,2.035e+06,2.035e+06,2.035e+06,2.035e+06,630078,917968,1.6e+09,8,19176,153,36,19168,690,12,4816,57,284,19184,5448,136,19176,2607,188,4816,905,120,,,,,,,100,100,0,100,1.36986,1.35135
178530,,,,,,,,,,,,,,,,,,,,,,,,,,,,,,,,,,,,,,852,,,,,,,,,,,
178664,,,,,,,,,,,,,,,,,,,,,,,,,,,,,,,,,,,,,,,,,291,,,,,,,,
178948,,,,,,,,,,,,,,,,,,,,,,,,,,,,,,,,,,,,,,,290,,,,,,,,,,
179157,,,,,,,,,,,,,,,,,,,,,,,,,,,,,,,,,,,,,,855,,,,,,,,,,,
179266,,,,,,,,,,,,,,,,,,,,,,,,,,,,,,,,,,,,,,,,,292,,,,,,,,
179408,56000,56000,54500,56000,51000,54000,55400,0,1.4025e+08,2.034e+06,2.035e+06,2.034e+06,2.036e+06,2.034e+06,2.036e+06,630078,917968,1.6e+09,8,19176,153,36,19168,690,12,4816,57,282,19184,5409,136,19176,2607,184,4816,886,120,,,,,,,100,100,0,100,0.943396,0
179558,,,,,,,,,,,,,,,,,,,,,,,,,,,,,,,,,,,,,,,291,,,,,,,,,,
179785,,,,,,,,,,,,,,,,,,,,,,,,,,,,,,,,,,,,,,858,,,,,,,,,,,
179877,,,,,,,,,,,,,,,,,,,,,,,,,,,,,,,,,,,,,,,,,293,,,,,,,,
