# Started at: 2022-05-03 08:13:23 +0000, Version: v0.1-177-gf3f14d1, Generated by: thermobench --verbose --fan-cmd=fan --fan-on=0 --time=180 --wait=50 --wait-timeout=60 --sensors_file=/root/thermobench/src/sensors.imx8 --cpu-usage --column=CPU0_work_done --column=CPU1_work_done --column=CPU2_work_done --column=CPU3_work_done --column=CPU4_work_done --column=CPU5_work_done --output=/root/JSA/lr_experiment/measurements/imx8a//22_28_0_0_0_0.json.yaml.csv -- demos-sched -p high -c /root/JSA/lr_experiment/demos_configurations/imx8a//22_28_0_0_0_0.json.yaml
time/ms,CPU_0_temp/m°C,CPU_1_temp/m°C,GPU_0_temp/m°C,GPU_1_temp/m°C,DRC_temp/m°C,PMIC_temp/m°C,Cortex_A53_0_freq/Hz,Cortex_A53_1_freq/Hz,Cortex_A53_2_freq/Hz,Cortex_A53_3_freq/Hz,Cortex_A72_0_freq/Hz,Cortex_A72_1_freq/Hz,ambient,energy,cam_cpu,cam_mem,heat_sources,CPU0_work_done,CPU1_work_done,CPU2_work_done,CPU3_work_done,CPU4_work_done,CPU5_work_done,CPU0_load/%,CPU1_load/%,CPU2_load/%,CPU3_load/%,CPU4_load/%,CPU5_load/%
1.12728,48100,49500,49500,47700,48500,70000,600000,600000,600000,600000,1.056e+06,1.056e+06,,,,,,,,,,,,0,0,0,0,50,0
310.707,,,,,,,,,,,,,,,,,,,0,,,,,,,,,,
446.751,,,,,,,,,,,,,,,,,,0,,,,,,,,,,,
714.046,,,,,,,,,,,,,,,,,,1,,,,,,,,,,,
981.592,,,,,,,,,,,,,,,,,,2,,,,,,,,,,,
991.664,48900,49900,49700,47700,48500,70000,1.2e+06,1.2e+06,1.2e+06,1.2e+06,1.596e+06,1.596e+06,25.737,622676.613,,,,,,,,,,88,87.8788,5.10204,3.06122,1.0101,3
1250.5,,,,,,,,,,,,,,,,,,3,,,,,,,,,,,
1515.79,,,,,,,,,,,,,,,,,,4,,,,,,,,,,,
1782.42,,,,,,,,,,,,,,,,,,5,,,,,,,,,,,
1992.49,48500,49300,49300,47700,48100,70000,1.2e+06,1.2e+06,1.2e+06,1.2e+06,1.596e+06,1.596e+06,,622683.840,,,,,,,,,,100,100,0.990099,0,0,0
2047.94,,,,,,,,,,,,,,,,,,6,,,,,,,,,,,
2316.72,,,,,,,,,,,,,,,,,,7,,,,,,,,,,,
2583.27,,,,,,,,,,,,,,,,,,8,,,,,,,,,,,
2852.6,,,,,,,,,,,,,,,,,,9,,,,,,,,,,,
2991.76,48700,49500,49300,47500,48300,70000,1.2e+06,1.2e+06,1.2e+06,1.2e+06,1.596e+06,1.596e+06,,622691.133,,,,,,,,,,100,100,0,0,0,0
3120.14,,,,,,,,,,,,,,,,,,10,,,,,,,,,,,
3387.62,,,,,,,,,,,,,,,,,,11,,,,,,,,,,,
3653.94,,,,,,,,,,,,,,,,,,12,,,,,,,,,,,
3923.56,,,,,,,,,,,,,,,,,,13,,,,,,,,,,,
3991.65,48700,49300,49100,47400,48500,70000,1.2e+06,1.2e+06,1.2e+06,1.2e+06,1.596e+06,1.596e+06,,622698.426,,,,,,,,,,100,100,0,0,0,0
4031.3,,,,,,,,,,,,,,,,,,,1,,,,,,,,,,
4196.13,,,,,,,,,,,,,,,,,,14,,,,,,,,,,,
4464.01,,,,,,,,,,,,,,,,,,15,,,,,,,,,,,
4732.73,,,,,,,,,,,,,,,,,,16,,,,,,,,,,,
4992.53,48500,49700,49300,47700,48300,70000,1.2e+06,1.2e+06,1.2e+06,1.2e+06,1.596e+06,1.596e+06,,622705.788,,,,,,,,,,100,100,1,0,0,0
5001.98,,,,,,,,,,,,,,,,,,17,,,,,,,,,,,
5271.98,,,,,,,,,,,,,,,,,,18,,,,,,,,,,,
5539.57,,,,,,,,,,,,,,,,,,19,,,,,,,,,,,
5805.53,,,,,,,,,,,,,,,,,,20,,,,,,,,,,,
5992.3,48700,49700,49300,47700,48500,70000,1.2e+06,1.2e+06,1.2e+06,1.2e+06,1.596e+06,1.596e+06,,622713.068,,,,,,,,,,100,100,0.990099,0,0,0
6074.05,,,,,,,,,,,,,,,,,,21,,,,,,,,,,,
6342.97,,,,,,,,,,,,,,,,,,22,,,,,,,,,,,
6608.2,,,,,,,,,,,,,,,,,,23,,,,,,,,,,,
6876.22,,,,,,,,,,,,,,,,,,24,,,,,,,,,,,
6992.41,48900,49700,49500,47900,48500,70000,1.2e+06,1.2e+06,1.2e+06,1.2e+06,1.596e+06,1.596e+06,,622720.379,,,,,,,,,,100,100,0,0,0,0
7144.97,,,,,,,,,,,,,,,,,,25,,,,,,,,,,,
7411.99,,,,,,,,,,,,,,,,,,26,,,,,,,,,,,
7677.9,,,,,,,,,,,,,,,,,,27,,,,,,,,,,,
7752.27,,,,,,,,,,,,,,,,,,,2,,,,,,,,,,
7945.04,,,,,,,,,,,,,,,,,,28,,,,,,,,,,,
7992.17,48900,49700,49700,47700,48500,70000,1.2e+06,1.2e+06,1.2e+06,1.2e+06,1.596e+06,1.596e+06,,622727.668,,,,,,,,,,100,100,0.990099,0,0,0
8211.82,,,,,,,,,,,,,,,,,,29,,,,,,,,,,,
8477.38,,,,,,,,,,,,,,,,,,30,,,,,,,,,,,
8743.61,,,,,,,,,,,,,,,,,,31,,,,,,,,,,,
8992.47,48900,50100,49700,47900,48500,70000,1.2e+06,1.2e+06,1.2e+06,1.2e+06,1.596e+06,1.596e+06,,622734.938,,,,,,,,,,100,100,0,0,0,0
9010.17,,,,,,,,,,,,,,,,,,32,,,,,,,,,,,
9274.46,,,,,,,,,,,,,,,,,,33,,,,,,,,,,,
9539.83,,,,,,,,,,,,,,,,,,34,,,,,,,,,,,
9805.81,,,,,,,,,,,,,,,,,,35,,,,,,,,,,,
9991.89,49100,50100,49700,48100,48900,70000,1.2e+06,1.2e+06,1.2e+06,1.2e+06,1.596e+06,1.596e+06,,622742.230,,,,,,,,,,100,100,0,0,0,0
10074.6,,,,,,,,,,,,,,,,,,36,,,,,,,,,,,
10342.3,,,,,,,,,,,,,,,,,,37,,,,,,,,,,,
10609,,,,,,,,,,,,,,,,,,38,,,,,,,,,,,
10877.3,,,,,,,,,,,,,,,,,,39,,,,,,,,,,,
10992.5,49300,50100,50100,48100,48900,70000,1.2e+06,1.2e+06,1.2e+06,1.2e+06,1.596e+06,1.596e+06,25.726,622749.449,,,,,,,,,,100,100,0.990099,0,0,0
11145.7,,,,,,,,,,,,,,,,,,40,,,,,,,,,,,
11411,,,,,,,,,,,,,,,,,,41,,,,,,,,,,,
11458.8,,,,,,,,,,,,,,,,,,,3,,,,,,,,,,
11676.7,,,,,,,,,,,,,,,,,,42,,,,,,,,,,,
11940.9,,,,,,,,,,,,,,,,,,43,,,,,,,,,,,
11992,49100,50100,49900,48100,48700,70000,1.2e+06,1.2e+06,1.2e+06,1.2e+06,1.596e+06,1.596e+06,,622756.734,,,,,,,,,,100,100,0,0,0,0
12207.6,,,,,,,,,,,,,,,,,,44,,,,,,,,,,,
12471.9,,,,,,,,,,,,,,,,,,45,,,,,,,,,,,
12738.1,,,,,,,,,,,,,,,,,,46,,,,,,,,,,,
12991.7,49300,50100,50100,48100,48900,70000,1.2e+06,1.2e+06,1.2e+06,1.2e+06,1.596e+06,1.596e+06,,622763.970,,,,,,,,,,100,100,0,0,0.990099,0
13005.4,,,,,,,,,,,,,,,,,,47,,,,,,,,,,,
13273.9,,,,,,,,,,,,,,,,,,48,,,,,,,,,,,
13541.1,,,,,,,,,,,,,,,,,,49,,,,,,,,,,,
13804.6,,,,,,,,,,,,,,,,,,50,,,,,,,,,,,
13992.4,49300,50100,50100,48100,48900,70000,1.2e+06,1.2e+06,1.2e+06,1.2e+06,1.596e+06,1.596e+06,,622771.264,,,,,,,,,,100,100,0,0,0,0
14072.3,,,,,,,,,,,,,,,,,,51,,,,,,,,,,,
14340.7,,,,,,,,,,,,,,,,,,52,,,,,,,,,,,
14607.2,,,,,,,,,,,,,,,,,,53,,,,,,,,,,,
14873,,,,,,,,,,,,,,,,,,54,,,,,,,,,,,
14992.5,49700,50500,50100,48500,49100,70000,1.2e+06,1.2e+06,1.2e+06,1.2e+06,1.596e+06,1.596e+06,,622778.531,,,,,,,,,,100,100,1.96078,0,0,0
15140.7,,,,,,,,,,,,,,,,,,55,,,,,,,,,,,
15166.8,,,,,,,,,,,,,,,,,,,4,,,,,,,,,,
15410.6,,,,,,,,,,,,,,,,,,56,,,,,,,,,,,
15679,,,,,,,,,,,,,,,,,,57,,,,,,,,,,,
15944.4,,,,,,,,,,,,,,,,,,58,,,,,,,,,,,
15992.5,49300,50100,49900,48300,48900,70000,1.2e+06,1.2e+06,1.2e+06,1.2e+06,1.596e+06,1.596e+06,,622785.843,,,,,,,,,,100,100,0,0.990099,0,0
16210.1,,,,,,,,,,,,,,,,,,59,,,,,,,,,,,
16477.3,,,,,,,,,,,,,,,,,,60,,,,,,,,,,,
16744.1,,,,,,,,,,,,,,,,,,61,,,,,,,,,,,
16992.6,49700,50300,50300,48300,49100,70000,1.2e+06,1.2e+06,1.2e+06,1.2e+06,1.596e+06,1.596e+06,,622793.201,,,,,,,,,,100,100,0,0,0,0
17010.2,,,,,,,,,,,,,,,,,,62,,,,,,,,,,,
17278.4,,,,,,,,,,,,,,,,,,63,,,,,,,,,,,
17546.9,,,,,,,,,,,,,,,,,,64,,,,,,,,,,,
17812.8,,,,,,,,,,,,,,,,,,65,,,,,,,,,,,
17992.7,49700,50700,50500,48700,49300,70000,1.2e+06,1.2e+06,1.2e+06,1.2e+06,1.596e+06,1.596e+06,,622800.464,,,,,,,,,,100,100,1.9802,0,0,0
18078.6,,,,,,,,,,,,,,,,,,66,,,,,,,,,,,
18345.5,,,,,,,,,,,,,,,,,,67,,,,,,,,,,,
18612.9,,,,,,,,,,,,,,,,,,68,,,,,,,,,,,
18875.1,,,,,,,,,,,,,,,,,,,5,,,,,,,,,,
18878.9,,,,,,,,,,,,,,,,,,69,,,,,,,,,,,
18992.2,49700,50700,50700,48500,49300,70000,1.2e+06,1.2e+06,1.2e+06,1.2e+06,1.596e+06,1.596e+06,,622807.828,,,,,,,,,,100,100,0.990099,0.990099,0,0
19145.6,,,,,,,,,,,,,,,,,,70,,,,,,,,,,,
19411.9,,,,,,,,,,,,,,,,,,71,,,,,,,,,,,
19677.8,,,,,,,,,,,,,,,,,,72,,,,,,,,,,,
19942.8,,,,,,,,,,,,,,,,,,73,,,,,,,,,,,
19992,49700,50500,50700,48500,49300,70000,1.2e+06,1.2e+06,1.2e+06,1.2e+06,1.596e+06,1.596e+06,,622815.112,,,,,,,,,,100,100,0,0,0,0.990099
20212.4,,,,,,,,,,,,,,,,,,74,,,,,,,,,,,
20478.1,,,,,,,,,,,,,,,,,,75,,,,,,,,,,,
20746.7,,,,,,,,,,,,,,,,,,76,,,,,,,,,,,
20992.6,49700,50700,50500,48500,49500,70000,1.2e+06,1.2e+06,1.2e+06,1.2e+06,1.596e+06,1.596e+06,25.705,622822.473,,,,,,,,,,100,100,1,0,0,0
21013.4,,,,,,,,,,,,,,,,,,77,,,,,,,,,,,
21280.6,,,,,,,,,,,,,,,,,,78,,,,,,,,,,,
21545.4,,,,,,,,,,,,,,,,,,79,,,,,,,,,,,
21812.2,,,,,,,,,,,,,,,,,,80,,,,,,,,,,,
21991.7,50100,50900,50700,48900,49300,70000,1.2e+06,1.2e+06,1.2e+06,1.2e+06,1.596e+06,1.596e+06,,622829.757,,,,,,,,,,100,100,0,0,0,0
22079.3,,,,,,,,,,,,,,,,,,81,,,,,,,,,,,
22348,,,,,,,,,,,,,,,,,,82,,,,,,,,,,,
22582.6,,,,,,,,,,,,,,,,,,,6,,,,,,,,,,
22613.9,,,,,,,,,,,,,,,,,,83,,,,,,,,,,,
22880.6,,,,,,,,,,,,,,,,,,84,,,,,,,,,,,
22992.4,49900,50900,50700,48900,49500,70000,1.2e+06,1.2e+06,1.2e+06,1.2e+06,1.596e+06,1.596e+06,,622837.121,,,,,,,,,,100,100,1,0,0,0
23146.5,,,,,,,,,,,,,,,,,,85,,,,,,,,,,,
23413.8,,,,,,,,,,,,,,,,,,86,,,,,,,,,,,
23678.8,,,,,,,,,,,,,,,,,,87,,,,,,,,,,,
23943.9,,,,,,,,,,,,,,,,,,88,,,,,,,,,,,
23992.7,50100,50700,51100,49100,49500,70000,1.2e+06,1.2e+06,1.2e+06,1.2e+06,1.596e+06,1.596e+06,,622844.399,,,,,,,,,,100,100,0.990099,0,0,0
24212.3,,,,,,,,,,,,,,,,,,89,,,,,,,,,,,
24478.6,,,,,,,,,,,,,,,,,,90,,,,,,,,,,,
24744.1,,,,,,,,,,,,,,,,,,91,,,,,,,,,,,
24992.2,50100,50700,50700,48900,49500,70000,1.2e+06,1.2e+06,1.2e+06,1.2e+06,1.596e+06,1.596e+06,,622851.740,,,,,,,,,,100,100,0,0,0,0
25011.6,,,,,,,,,,,,,,,,,,92,,,,,,,,,,,
25277.4,,,,,,,,,,,,,,,,,,93,,,,,,,,,,,
25546,,,,,,,,,,,,,,,,,,94,,,,,,,,,,,
25811.7,,,,,,,,,,,,,,,,,,95,,,,,,,,,,,
25991.8,50100,50900,50900,48900,49700,70000,1.2e+06,1.2e+06,1.2e+06,1.2e+06,1.596e+06,1.596e+06,,622859.030,,,,,,,,,,100,100,0,0,0,0
26079.2,,,,,,,,,,,,,,,,,,96,,,,,,,,,,,
26289.1,,,,,,,,,,,,,,,,,,,7,,,,,,,,,,
26349.5,,,,,,,,,,,,,,,,,,97,,,,,,,,,,,
26614.3,,,,,,,,,,,,,,,,,,98,,,,,,,,,,,
26881.7,,,,,,,,,,,,,,,,,,99,,,,,,,,,,,
26992.3,50300,50900,50700,49300,49700,70000,1.2e+06,1.2e+06,1.2e+06,1.2e+06,1.596e+06,1.596e+06,,622866.361,,,,,,,,,,100,100,0,0,0,0
27149.1,,,,,,,,,,,,,,,,,,100,,,,,,,,,,,
27417.1,,,,,,,,,,,,,,,,,,101,,,,,,,,,,,
27680.5,,,,,,,,,,,,,,,,,,102,,,,,,,,,,,
27948.3,,,,,,,,,,,,,,,,,,103,,,,,,,,,,,
27991.9,50300,51300,51100,49300,49900,70000,1.2e+06,1.2e+06,1.2e+06,1.2e+06,1.596e+06,1.596e+06,,622873.646,,,,,,,,,,100,100,0.990099,0,0,0
28216.5,,,,,,,,,,,,,,,,,,104,,,,,,,,,,,
28480.3,,,,,,,,,,,,,,,,,,105,,,,,,,,,,,
28747.9,,,,,,,,,,,,,,,,,,106,,,,,,,,,,,
28991.9,50500,51500,51100,49500,49900,70000,1.2e+06,1.2e+06,1.2e+06,1.2e+06,1.596e+06,1.596e+06,,622880.984,,,,,,,,,,100,100,0,0,0,0
29015.6,,,,,,,,,,,,,,,,,,107,,,,,,,,,,,
29282.3,,,,,,,,,,,,,,,,,,108,,,,,,,,,,,
29551.6,,,,,,,,,,,,,,,,,,109,,,,,,,,,,,
29817.5,,,,,,,,,,,,,,,,,,110,,,,,,,,,,,
29992.2,50700,51500,51300,49500,50100,70000,1.2e+06,1.2e+06,1.2e+06,1.2e+06,1.596e+06,1.596e+06,,622888.287,,,,,,,,,,100,100,0,0,0,0
29996.7,,,,,,,,,,,,,,,,,,,8,,,,,,,,,,
30085.8,,,,,,,,,,,,,,,,,,111,,,,,,,,,,,
30351.7,,,,,,,,,,,,,,,,,,112,,,,,,,,,,,
30618,,,,,,,,,,,,,,,,,,113,,,,,,,,,,,
30884.9,,,,,,,,,,,,,,,,,,114,,,,,,,,,,,
30992.5,50500,51500,51300,49500,50100,70000,1.2e+06,1.2e+06,1.2e+06,1.2e+06,1.596e+06,1.596e+06,25.694,622895.656,,,,,,,,,,100,100,0.990099,0,0,0
31151.8,,,,,,,,,,,,,,,,,,115,,,,,,,,,,,
31417.1,,,,,,,,,,,,,,,,,,116,,,,,,,,,,,
31687.9,,,,,,,,,,,,,,,,,,117,,,,,,,,,,,
31955.6,,,,,,,,,,,,,,,,,,118,,,,,,,,,,,
31992.4,50500,51300,51500,49300,50100,70000,1.2e+06,1.2e+06,1.2e+06,1.2e+06,1.596e+06,1.596e+06,,622902.983,,,,,,,,,,100,100,0,0,0,0
32224.6,,,,,,,,,,,,,,,,,,119,,,,,,,,,,,
32491.8,,,,,,,,,,,,,,,,,,120,,,,,,,,,,,
32760.3,,,,,,,,,,,,,,,,,,121,,,,,,,,,,,
32992.6,50700,51500,51300,49300,50100,70000,1.2e+06,1.2e+06,1.2e+06,1.2e+06,1.596e+06,1.596e+06,,622908.420,,,,,,,,,,100,100,0,0,0,0
33026,,,,,,,,,,,,,,,,,,122,,,,,,,,,,,
33291,,,,,,,,,,,,,,,,,,123,,,,,,,,,,,
33558.8,,,,,,,,,,,,,,,,,,124,,,,,,,,,,,
33704.4,,,,,,,,,,,,,,,,,,,9,,,,,,,,,,
33826.2,,,,,,,,,,,,,,,,,,125,,,,,,,,,,,
33992.5,50500,51300,51500,49500,50100,70000,1.2e+06,1.2e+06,1.2e+06,1.2e+06,1.596e+06,1.596e+06,,622915.722,,,,,,,,,,100,100,1,0.990099,0,0
34092.4,,,,,,,,,,,,,,,,,,126,,,,,,,,,,,
34356.3,,,,,,,,,,,,,,,,,,127,,,,,,,,,,,
34624.2,,,,,,,,,,,,,,,,,,128,,,,,,,,,,,
34889.2,,,,,,,,,,,,,,,,,,129,,,,,,,,,,,
34992.4,50500,51700,51500,49700,50100,70000,1.2e+06,1.2e+06,1.2e+06,1.2e+06,1.596e+06,1.596e+06,,622923.088,,,,,,,,,,100,100,0,0,0,0
35156.5,,,,,,,,,,,,,,,,,,130,,,,,,,,,,,
35423.5,,,,,,,,,,,,,,,,,,131,,,,,,,,,,,
35692,,,,,,,,,,,,,,,,,,132,,,,,,,,,,,
35958.5,,,,,,,,,,,,,,,,,,133,,,,,,,,,,,
35992.6,50500,51700,51500,49500,50100,70000,1.2e+06,1.2e+06,1.2e+06,1.2e+06,1.596e+06,1.596e+06,,622930.360,,,,,,,,,,100,100,1,0,0,0
36226.1,,,,,,,,,,,,,,,,,,134,,,,,,,,,,,
36491.4,,,,,,,,,,,,,,,,,,135,,,,,,,,,,,
36756.3,,,,,,,,,,,,,,,,,,136,,,,,,,,,,,
36992.1,50900,51700,51300,49700,50100,70000,1.2e+06,1.2e+06,1.2e+06,1.2e+06,1.596e+06,1.596e+06,,622937.718,,,,,,,,,,100,100,0,0,0,0
37022.2,,,,,,,,,,,,,,,,,,137,,,,,,,,,,,
37292.7,,,,,,,,,,,,,,,,,,138,,,,,,,,,,,
37411.1,,,,,,,,,,,,,,,,,,,10,,,,,,,,,,
37559.6,,,,,,,,,,,,,,,,,,139,,,,,,,,,,,
37826.4,,,,,,,,,,,,,,,,,,140,,,,,,,,,,,
37992.6,50900,51700,51700,49700,50300,70000,1.2e+06,1.2e+06,1.2e+06,1.2e+06,1.596e+06,1.596e+06,,622944.998,,,,,,,,,,100,100,1,0,0,0
38092.6,,,,,,,,,,,,,,,,,,141,,,,,,,,,,,
38361.6,,,,,,,,,,,,,,,,,,142,,,,,,,,,,,
38627.4,,,,,,,,,,,,,,,,,,143,,,,,,,,,,,
38892.7,,,,,,,,,,,,,,,,,,144,,,,,,,,,,,
38991.9,50900,51900,51700,49700,50300,70000,1.2e+06,1.2e+06,1.2e+06,1.2e+06,1.596e+06,1.596e+06,,622952.353,,,,,,,,,,100,100,0,0,0,0
39158.7,,,,,,,,,,,,,,,,,,145,,,,,,,,,,,
39423.2,,,,,,,,,,,,,,,,,,146,,,,,,,,,,,
39687.1,,,,,,,,,,,,,,,,,,147,,,,,,,,,,,
39952,,,,,,,,,,,,,,,,,,148,,,,,,,,,,,
39992.1,50900,51700,51500,49700,50100,70000,1.2e+06,1.2e+06,1.2e+06,1.2e+06,1.596e+06,1.596e+06,,622959.736,,,,,,,,,,100,100,0,0,0,0
40218.8,,,,,,,,,,,,,,,,,,149,,,,,,,,,,,
40483.9,,,,,,,,,,,,,,,,,,150,,,,,,,,,,,
40749,,,,,,,,,,,,,,,,,,151,,,,,,,,,,,
40992.2,51300,51900,51900,49900,50500,70000,1.2e+06,1.2e+06,1.2e+06,1.2e+06,1.596e+06,1.596e+06,25.694,622967.026,,,,,,,,,,100,100,0.990099,0,0,0
41016.8,,,,,,,,,,,,,,,,,,152,,,,,,,,,,,
41117,,,,,,,,,,,,,,,,,,,11,,,,,,,,,,
41282.7,,,,,,,,,,,,,,,,,,153,,,,,,,,,,,
41551.9,,,,,,,,,,,,,,,,,,154,,,,,,,,,,,
41820.6,,,,,,,,,,,,,,,,,,155,,,,,,,,,,,
41991.8,51100,51900,51900,49700,50500,70000,1.2e+06,1.2e+06,1.2e+06,1.2e+06,1.596e+06,1.596e+06,,622974.374,,,,,,,,,,100,100,0,0,0,0
42087,,,,,,,,,,,,,,,,,,156,,,,,,,,,,,
42354,,,,,,,,,,,,,,,,,,157,,,,,,,,,,,
42617.8,,,,,,,,,,,,,,,,,,158,,,,,,,,,,,
42885.6,,,,,,,,,,,,,,,,,,159,,,,,,,,,,,
42991.7,51300,52100,52100,49700,50500,70000,1.2e+06,1.2e+06,1.2e+06,1.2e+06,1.596e+06,1.596e+06,,622981.658,,,,,,,,,,100,100,0,0,0.990099,0
43150.9,,,,,,,,,,,,,,,,,,160,,,,,,,,,,,
43416.3,,,,,,,,,,,,,,,,,,161,,,,,,,,,,,
43684.3,,,,,,,,,,,,,,,,,,162,,,,,,,,,,,
43953.2,,,,,,,,,,,,,,,,,,163,,,,,,,,,,,
43992.4,50900,52100,52100,50100,50500,70000,1.2e+06,1.2e+06,1.2e+06,1.2e+06,1.596e+06,1.596e+06,,622989.005,,,,,,,,,,100,100,1,0,0,0
44218.6,,,,,,,,,,,,,,,,,,164,,,,,,,,,,,
44486.9,,,,,,,,,,,,,,,,,,165,,,,,,,,,,,
44752.3,,,,,,,,,,,,,,,,,,166,,,,,,,,,,,
44825,,,,,,,,,,,,,,,,,,,12,,,,,,,,,,
44992.3,51100,52100,51900,49900,50900,70000,1.2e+06,1.2e+06,1.2e+06,1.2e+06,1.596e+06,1.596e+06,,622996.352,,,,,,,,,,100,100,0,0,0,0
45019.3,,,,,,,,,,,,,,,,,,167,,,,,,,,,,,
45284.3,,,,,,,,,,,,,,,,,,168,,,,,,,,,,,
45548.5,,,,,,,,,,,,,,,,,,169,,,,,,,,,,,
45814.4,,,,,,,,,,,,,,,,,,170,,,,,,,,,,,
45991.6,51300,52100,52100,49900,50500,70000,1.2e+06,1.2e+06,1.2e+06,1.2e+06,1.596e+06,1.596e+06,,623003.654,,,,,,,,,,100,100,0,0,0,0
46079.9,,,,,,,,,,,,,,,,,,171,,,,,,,,,,,
46344.3,,,,,,,,,,,,,,,,,,172,,,,,,,,,,,
46612.8,,,,,,,,,,,,,,,,,,173,,,,,,,,,,,
46879.2,,,,,,,,,,,,,,,,,,174,,,,,,,,,,,
46992.4,51300,52500,52100,50100,50700,70000,1.2e+06,1.2e+06,1.2e+06,1.2e+06,1.596e+06,1.596e+06,,623011.020,,,,,,,,,,100,100,0.990099,0,0,0
47145.1,,,,,,,,,,,,,,,,,,175,,,,,,,,,,,
47411.4,,,,,,,,,,,,,,,,,,176,,,,,,,,,,,
47678.5,,,,,,,,,,,,,,,,,,177,,,,,,,,,,,
47946.2,,,,,,,,,,,,,,,,,,178,,,,,,,,,,,
47992.3,51300,52100,52100,50100,50700,70000,1.2e+06,1.2e+06,1.2e+06,1.2e+06,1.596e+06,1.596e+06,,623018.400,,,,,,,,,,100,100,0,0,0,0
48213,,,,,,,,,,,,,,,,,,179,,,,,,,,,,,
48478.8,,,,,,,,,,,,,,,,,,180,,,,,,,,,,,
48532.8,,,,,,,,,,,,,,,,,,,13,,,,,,,,,,
48746.5,,,,,,,,,,,,,,,,,,181,,,,,,,,,,,
48992.6,51300,52300,52100,50100,50900,70000,1.2e+06,1.2e+06,1.2e+06,1.2e+06,1.596e+06,1.596e+06,,623025.715,,,,,,,,,,100,100,0.990099,0,0,0
49014.7,,,,,,,,,,,,,,,,,,182,,,,,,,,,,,
49282,,,,,,,,,,,,,,,,,,183,,,,,,,,,,,
49546.4,,,,,,,,,,,,,,,,,,184,,,,,,,,,,,
49812.7,,,,,,,,,,,,,,,,,,185,,,,,,,,,,,
49992.4,51500,52500,52300,50500,50900,70000,1.2e+06,1.2e+06,1.2e+06,1.2e+06,1.596e+06,1.596e+06,,623033.041,,,,,,,,,,100,100,0,0,0,0
50079.8,,,,,,,,,,,,,,,,,,186,,,,,,,,,,,
50345.4,,,,,,,,,,,,,,,,,,187,,,,,,,,,,,
50609.6,,,,,,,,,,,,,,,,,,188,,,,,,,,,,,
50875.8,,,,,,,,,,,,,,,,,,189,,,,,,,,,,,
50992,51700,52500,52500,50500,51100,70000,1.2e+06,1.2e+06,1.2e+06,1.2e+06,1.596e+06,1.596e+06,25.705,623040.327,,,,,,,,,,100,100,0.990099,0,0,0
51142.4,,,,,,,,,,,,,,,,,,190,,,,,,,,,,,
51407.2,,,,,,,,,,,,,,,,,,191,,,,,,,,,,,
51673.7,,,,,,,,,,,,,,,,,,192,,,,,,,,,,,
51942.8,,,,,,,,,,,,,,,,,,193,,,,,,,,,,,
51991.9,51500,52100,52500,50500,50900,70000,1.2e+06,1.2e+06,1.2e+06,1.2e+06,1.596e+06,1.596e+06,,623047.734,,,,,,,,,,100,100,0,0,0,0
52208.1,,,,,,,,,,,,,,,,,,194,,,,,,,,,,,
52239.1,,,,,,,,,,,,,,,,,,,14,,,,,,,,,,
52476.8,,,,,,,,,,,,,,,,,,195,,,,,,,,,,,
52741.3,,,,,,,,,,,,,,,,,,196,,,,,,,,,,,
52992.4,51700,52600,52500,50500,50900,70000,1.2e+06,1.2e+06,1.2e+06,1.2e+06,1.596e+06,1.596e+06,,623055.020,,,,,,,,,,100,100,0,0,0,0
53008,,,,,,,,,,,,,,,,,,197,,,,,,,,,,,
53272.8,,,,,,,,,,,,,,,,,,198,,,,,,,,,,,
53537.6,,,,,,,,,,,,,,,,,,199,,,,,,,,,,,
53804.4,,,,,,,,,,,,,,,,,,200,,,,,,,,,,,
53992,51500,52500,52500,50500,50900,70000,1.2e+06,1.2e+06,1.2e+06,1.2e+06,1.596e+06,1.596e+06,,623062.364,,,,,,,,,,100,100,1,0,0,0
54070.9,,,,,,,,,,,,,,,,,,201,,,,,,,,,,,
54432.9,,,,,,,,,,,,,,,,,,202,,,,,,,,,,,
54730.5,,,,,,,,,,,,,,,,,,203,,,,,,,,,,,
54992,51700,52600,52500,50500,51100,70000,1.2e+06,1.2e+06,1.2e+06,1.2e+06,1.596e+06,1.596e+06,,623070.057,,,,,,,,,,100,100,2.0202,1.02041,1.9802,4.9505
55002.2,,,,,,,,,,,,,,,,,,204,,,,,,,,,,,
55269.2,,,,,,,,,,,,,,,,,,205,,,,,,,,,,,
55534.5,,,,,,,,,,,,,,,,,,206,,,,,,,,,,,
55800.5,,,,,,,,,,,,,,,,,,207,,,,,,,,,,,
55947.2,,,,,,,,,,,,,,,,,,,15,,,,,,,,,,
55992.4,51700,52300,52500,50700,51300,70000,1.2e+06,1.2e+06,1.2e+06,1.2e+06,1.596e+06,1.596e+06,,623077.315,,,,,,,,,,100,100,0,0,0.990099,0
56071.2,,,,,,,,,,,,,,,,,,208,,,,,,,,,,,
56338,,,,,,,,,,,,,,,,,,209,,,,,,,,,,,
56602.9,,,,,,,,,,,,,,,,,,210,,,,,,,,,,,
56870.2,,,,,,,,,,,,,,,,,,211,,,,,,,,,,,
56992.4,51700,52500,52500,50500,51300,70000,1.2e+06,1.2e+06,1.2e+06,1.2e+06,1.596e+06,1.596e+06,,623084.711,,,,,,,,,,100,100,0.990099,0,0,0
57139.2,,,,,,,,,,,,,,,,,,212,,,,,,,,,,,
57404.2,,,,,,,,,,,,,,,,,,213,,,,,,,,,,,
57670,,,,,,,,,,,,,,,,,,214,,,,,,,,,,,
57937,,,,,,,,,,,,,,,,,,215,,,,,,,,,,,
57992.1,51900,52800,52600,50700,51300,70000,1.2e+06,1.2e+06,1.2e+06,1.2e+06,1.596e+06,1.596e+06,,623092.022,,,,,,,,,,100,100,0,0,0,0
58203.5,,,,,,,,,,,,,,,,,,216,,,,,,,,,,,
58469.4,,,,,,,,,,,,,,,,,,217,,,,,,,,,,,
58735.8,,,,,,,,,,,,,,,,,,218,,,,,,,,,,,
58992.3,51900,52500,52800,50900,51300,70000,1.2e+06,1.2e+06,1.2e+06,1.2e+06,1.596e+06,1.596e+06,,623099.403,,,,,,,,,,100,100,0,0,0,0
59004.5,,,,,,,,,,,,,,,,,,219,,,,,,,,,,,
59270.1,,,,,,,,,,,,,,,,,,220,,,,,,,,,,,
59536.3,,,,,,,,,,,,,,,,,,221,,,,,,,,,,,
59655.2,,,,,,,,,,,,,,,,,,,16,,,,,,,,,,
59803.6,,,,,,,,,,,,,,,,,,222,,,,,,,,,,,
59992.3,51700,52600,52500,50700,51100,70000,1.2e+06,1.2e+06,1.2e+06,1.2e+06,1.596e+06,1.596e+06,,623106.715,,,,,,,,,,100,100,1,0,0,0
60070.2,,,,,,,,,,,,,,,,,,223,,,,,,,,,,,
60336.4,,,,,,,,,,,,,,,,,,224,,,,,,,,,,,
60603.2,,,,,,,,,,,,,,,,,,225,,,,,,,,,,,
60872.6,,,,,,,,,,,,,,,,,,226,,,,,,,,,,,
60991.8,51900,52800,52600,50900,51300,70000,1.2e+06,1.2e+06,1.2e+06,1.2e+06,1.596e+06,1.596e+06,25.726,623114.073,,,,,,,,,,100,100,0,0,0,0
61140,,,,,,,,,,,,,,,,,,227,,,,,,,,,,,
61406,,,,,,,,,,,,,,,,,,228,,,,,,,,,,,
61673.1,,,,,,,,,,,,,,,,,,229,,,,,,,,,,,
61940.4,,,,,,,,,,,,,,,,,,230,,,,,,,,,,,
61992.5,52100,52600,52800,50900,51300,70000,1.2e+06,1.2e+06,1.2e+06,1.2e+06,1.596e+06,1.596e+06,,623121.366,,,,,,,,,,100,100,0,0,0,0
62210.5,,,,,,,,,,,,,,,,,,231,,,,,,,,,,,
62478,,,,,,,,,,,,,,,,,,232,,,,,,,,,,,
62742.9,,,,,,,,,,,,,,,,,,233,,,,,,,,,,,
62992.7,51900,52800,52600,50700,51300,70000,1.2e+06,1.2e+06,1.2e+06,1.2e+06,1.596e+06,1.596e+06,,623128.737,,,,,,,,,,100,100,0,0,0,0
63012.2,,,,,,,,,,,,,,,,,,234,,,,,,,,,,,
63277.2,,,,,,,,,,,,,,,,,,235,,,,,,,,,,,
63362.9,,,,,,,,,,,,,,,,,,,17,,,,,,,,,,
63542.7,,,,,,,,,,,,,,,,,,236,,,,,,,,,,,
63808.6,,,,,,,,,,,,,,,,,,237,,,,,,,,,,,
63992.4,51900,52800,52800,50900,51300,70000,1.2e+06,1.2e+06,1.2e+06,1.2e+06,1.596e+06,1.596e+06,,623136.128,,,,,,,,,,100,100,1,0,0,0
64076,,,,,,,,,,,,,,,,,,238,,,,,,,,,,,
64343.8,,,,,,,,,,,,,,,,,,239,,,,,,,,,,,
64608.2,,,,,,,,,,,,,,,,,,240,,,,,,,,,,,
64873.6,,,,,,,,,,,,,,,,,,241,,,,,,,,,,,
64991.7,52100,52800,52800,50900,51500,70000,1.2e+06,1.2e+06,1.2e+06,1.2e+06,1.596e+06,1.596e+06,,623143.441,,,,,,,,,,100,100,0,0,0,0
65141.2,,,,,,,,,,,,,,,,,,242,,,,,,,,,,,
65406.8,,,,,,,,,,,,,,,,,,243,,,,,,,,,,,
65676.3,,,,,,,,,,,,,,,,,,244,,,,,,,,,,,
65941.4,,,,,,,,,,,,,,,,,,245,,,,,,,,,,,
65992.6,52300,52600,52800,50900,51700,70000,1.2e+06,1.2e+06,1.2e+06,1.2e+06,1.596e+06,1.596e+06,,623150.810,,,,,,,,,,100,100,0,0,0,0
66207.3,,,,,,,,,,,,,,,,,,246,,,,,,,,,,,
66471.7,,,,,,,,,,,,,,,,,,247,,,,,,,,,,,
66736.3,,,,,,,,,,,,,,,,,,248,,,,,,,,,,,
66992.3,52100,52800,53000,50900,51500,70000,1.2e+06,1.2e+06,1.2e+06,1.2e+06,1.596e+06,1.596e+06,,623158.134,,,,,,,,,,100,100,0.990099,0,0,0
67001.4,,,,,,,,,,,,,,,,,,249,,,,,,,,,,,
67069.2,,,,,,,,,,,,,,,,,,,18,,,,,,,,,,
67268.7,,,,,,,,,,,,,,,,,,250,,,,,,,,,,,
67535.7,,,,,,,,,,,,,,,,,,251,,,,,,,,,,,
67801.2,,,,,,,,,,,,,,,,,,252,,,,,,,,,,,
67992.4,52300,53000,53000,51300,51500,70000,1.2e+06,1.2e+06,1.2e+06,1.2e+06,1.596e+06,1.596e+06,,623165.519,,,,,,,,,,100,100,0,0,0,0
68069.3,,,,,,,,,,,,,,,,,,253,,,,,,,,,,,
68335.3,,,,,,,,,,,,,,,,,,254,,,,,,,,,,,
68601.2,,,,,,,,,,,,,,,,,,255,,,,,,,,,,,
68868.6,,,,,,,,,,,,,,,,,,256,,,,,,,,,,,
68992.3,52100,52800,52800,50900,51300,70000,1.2e+06,1.2e+06,1.2e+06,1.2e+06,1.596e+06,1.596e+06,,623172.812,,,,,,,,,,100,100,0,0,0,0
69138.2,,,,,,,,,,,,,,,,,,257,,,,,,,,,,,
69404.7,,,,,,,,,,,,,,,,,,258,,,,,,,,,,,
69669.9,,,,,,,,,,,,,,,,,,259,,,,,,,,,,,
69935.4,,,,,,,,,,,,,,,,,,260,,,,,,,,,,,
69992.6,52100,52800,52800,51100,51300,70000,1.2e+06,1.2e+06,1.2e+06,1.2e+06,1.596e+06,1.596e+06,,623180.206,,,,,,,,,,100,100,1,0,0.990099,0
70201.8,,,,,,,,,,,,,,,,,,261,,,,,,,,,,,
70465.7,,,,,,,,,,,,,,,,,,262,,,,,,,,,,,
70731.9,,,,,,,,,,,,,,,,,,263,,,,,,,,,,,
70776.9,,,,,,,,,,,,,,,,,,,19,,,,,,,,,,
70992.6,52100,52800,53000,50900,51700,70000,1.2e+06,1.2e+06,1.2e+06,1.2e+06,1.596e+06,1.596e+06,25.705,623187.505,,,,,,,,,,100,100,0,0,0,0
70998.7,,,,,,,,,,,,,,,,,,264,,,,,,,,,,,
71265.9,,,,,,,,,,,,,,,,,,265,,,,,,,,,,,
71530,,,,,,,,,,,,,,,,,,266,,,,,,,,,,,
71796.3,,,,,,,,,,,,,,,,,,267,,,,,,,,,,,
71992.4,52100,53000,53000,50900,51500,70000,1.2e+06,1.2e+06,1.2e+06,1.2e+06,1.596e+06,1.596e+06,,623194.911,,,,,,,,,,100,100,0,0,0,0
72063,,,,,,,,,,,,,,,,,,268,,,,,,,,,,,
72330.4,,,,,,,,,,,,,,,,,,269,,,,,,,,,,,
72596.7,,,,,,,,,,,,,,,,,,270,,,,,,,,,,,
72862.6,,,,,,,,,,,,,,,,,,271,,,,,,,,,,,
72992.5,52500,53000,53200,51300,51900,70000,1.2e+06,1.2e+06,1.2e+06,1.2e+06,1.596e+06,1.596e+06,,623202.229,,,,,,,,,,100,100,0,0,0,0
73130.9,,,,,,,,,,,,,,,,,,272,,,,,,,,,,,
73396.4,,,,,,,,,,,,,,,,,,273,,,,,,,,,,,
73664.6,,,,,,,,,,,,,,,,,,274,,,,,,,,,,,
73929,,,,,,,,,,,,,,,,,,275,,,,,,,,,,,
73992,52500,53200,53400,51100,51700,70000,1.2e+06,1.2e+06,1.2e+06,1.2e+06,1.596e+06,1.596e+06,,623209.637,,,,,,,,,,100,100,1.96078,0,0,0
74196.7,,,,,,,,,,,,,,,,,,276,,,,,,,,,,,
74461.9,,,,,,,,,,,,,,,,,,277,,,,,,,,,,,
74483.5,,,,,,,,,,,,,,,,,,,20,,,,,,,,,,
74730.7,,,,,,,,,,,,,,,,,,278,,,,,,,,,,,
74991.9,52100,53000,53200,50900,51700,70000,1.2e+06,1.2e+06,1.2e+06,1.2e+06,1.596e+06,1.596e+06,,623216.969,,,,,,,,,,100,100,0,0,0,0
74997.4,,,,,,,,,,,,,,,,,,279,,,,,,,,,,,
75264.8,,,,,,,,,,,,,,,,,,280,,,,,,,,,,,
75533,,,,,,,,,,,,,,,,,,281,,,,,,,,,,,
75798.1,,,,,,,,,,,,,,,,,,282,,,,,,,,,,,
75991.7,52100,52800,52800,51300,51700,70000,1.2e+06,1.2e+06,1.2e+06,1.2e+06,1.596e+06,1.596e+06,,623224.358,,,,,,,,,,100,100,0,0,0,0
76064.4,,,,,,,,,,,,,,,,,,283,,,,,,,,,,,
76332.3,,,,,,,,,,,,,,,,,,284,,,,,,,,,,,
76598.2,,,,,,,,,,,,,,,,,,285,,,,,,,,,,,
76865.6,,,,,,,,,,,,,,,,,,286,,,,,,,,,,,
76991.8,52500,53200,53000,51300,51700,70000,1.2e+06,1.2e+06,1.2e+06,1.2e+06,1.596e+06,1.596e+06,,623231.706,,,,,,,,,,100,100,1,0,0,0
77134,,,,,,,,,,,,,,,,,,287,,,,,,,,,,,
77401,,,,,,,,,,,,,,,,,,288,,,,,,,,,,,
77667,,,,,,,,,,,,,,,,,,289,,,,,,,,,,,
77933.4,,,,,,,,,,,,,,,,,,290,,,,,,,,,,,
77992.5,52500,53200,53000,51300,51900,70000,1.2e+06,1.2e+06,1.2e+06,1.2e+06,1.596e+06,1.596e+06,,623239.106,,,,,,,,,,100,100,0,0,0,0
78189.5,,,,,,,,,,,,,,,,,,,21,,,,,,,,,,
78200.8,,,,,,,,,,,,,,,,,,291,,,,,,,,,,,
78466.5,,,,,,,,,,,,,,,,,,292,,,,,,,,,,,
78733,,,,,,,,,,,,,,,,,,293,,,,,,,,,,,
78992.5,52500,53600,53200,51300,51900,70000,1.2e+06,1.2e+06,1.2e+06,1.2e+06,1.596e+06,1.596e+06,,623246.436,,,,,,,,,,100,100,0,0,0,0
78999.7,,,,,,,,,,,,,,,,,,294,,,,,,,,,,,
79267.1,,,,,,,,,,,,,,,,,,295,,,,,,,,,,,
79533.2,,,,,,,,,,,,,,,,,,296,,,,,,,,,,,
79800.7,,,,,,,,,,,,,,,,,,297,,,,,,,,,,,
79992.4,52800,53400,53400,51300,51900,70000,1.2e+06,1.2e+06,1.2e+06,1.2e+06,1.596e+06,1.596e+06,,623253.869,,,,,,,,,,100,100,0.990099,0,0,0
80067.2,,,,,,,,,,,,,,,,,,298,,,,,,,,,,,
80332.4,,,,,,,,,,,,,,,,,,299,,,,,,,,,,,
80598.4,,,,,,,,,,,,,,,,,,300,,,,,,,,,,,
80864.9,,,,,,,,,,,,,,,,,,301,,,,,,,,,,,
80992.1,52500,53200,53200,51300,51700,70000,1.2e+06,1.2e+06,1.2e+06,1.2e+06,1.596e+06,1.596e+06,25.716,623259.352,,,,,,,,,,100,100,0,0,0,0
81131.9,,,,,,,,,,,,,,,,,,302,,,,,,,,,,,
81397.3,,,,,,,,,,,,,,,,,,303,,,,,,,,,,,
81662.5,,,,,,,,,,,,,,,,,,304,,,,,,,,,,,
81898.1,,,,,,,,,,,,,,,,,,,22,,,,,,,,,,
81928.9,,,,,,,,,,,,,,,,,,305,,,,,,,,,,,
81992.1,52500,53200,53200,51100,51700,70000,1.2e+06,1.2e+06,1.2e+06,1.2e+06,1.596e+06,1.596e+06,,623266.773,,,,,,,,,,100,100,0,0,0,0
82195.1,,,,,,,,,,,,,,,,,,306,,,,,,,,,,,
82462.1,,,,,,,,,,,,,,,,,,307,,,,,,,,,,,
82728.8,,,,,,,,,,,,,,,,,,308,,,,,,,,,,,
82992.1,52500,53200,53200,50900,51900,70000,1.2e+06,1.2e+06,1.2e+06,1.2e+06,1.596e+06,1.596e+06,,623274.079,,,,,,,,,,100,100,0,0,0,0
82994.4,,,,,,,,,,,,,,,,,,309,,,,,,,,,,,
83261.3,,,,,,,,,,,,,,,,,,310,,,,,,,,,,,
83526.3,,,,,,,,,,,,,,,,,,311,,,,,,,,,,,
83792.5,,,,,,,,,,,,,,,,,,312,,,,,,,,,,,
83991.7,52500,53400,53400,51500,51700,70000,1.2e+06,1.2e+06,1.2e+06,1.2e+06,1.596e+06,1.596e+06,,623281.506,,,,,,,,,,100,100,0.990099,0,0,0
84060.6,,,,,,,,,,,,,,,,,,313,,,,,,,,,,,
84327,,,,,,,,,,,,,,,,,,314,,,,,,,,,,,
84592.6,,,,,,,,,,,,,,,,,,315,,,,,,,,,,,
84857.4,,,,,,,,,,,,,,,,,,316,,,,,,,,,,,
84992.6,52500,53200,53200,51500,51900,70000,1.2e+06,1.2e+06,1.2e+06,1.2e+06,1.596e+06,1.596e+06,,623288.842,,,,,,,,,,100,100,0,0,0,0
85123.1,,,,,,,,,,,,,,,,,,317,,,,,,,,,,,
85391.4,,,,,,,,,,,,,,,,,,318,,,,,,,,,,,
85605.8,,,,,,,,,,,,,,,,,,,23,,,,,,,,,,
85658.5,,,,,,,,,,,,,,,,,,319,,,,,,,,,,,
85924.8,,,,,,,,,,,,,,,,,,320,,,,,,,,,,,
85991.9,52800,53400,53400,51700,52100,70000,1.2e+06,1.2e+06,1.2e+06,1.2e+06,1.596e+06,1.596e+06,,623296.247,,,,,,,,,,100,100,0,0,0.990099,0
86190.4,,,,,,,,,,,,,,,,,,321,,,,,,,,,,,
86456.5,,,,,,,,,,,,,,,,,,322,,,,,,,,,,,
86723.1,,,,,,,,,,,,,,,,,,323,,,,,,,,,,,
86990.8,,,,,,,,,,,,,,,,,,324,,,,,,,,,,,
86991.8,52500,53600,53400,51300,51900,70000,1.2e+06,1.2e+06,1.2e+06,1.2e+06,1.596e+06,1.596e+06,,623303.591,,,,,,,,,,100,100,1,0,0,0
87259,,,,,,,,,,,,,,,,,,325,,,,,,,,,,,
87525.4,,,,,,,,,,,,,,,,,,326,,,,,,,,,,,
87792,,,,,,,,,,,,,,,,,,327,,,,,,,,,,,
87992.3,52800,53600,53600,51700,52100,70000,1.2e+06,1.2e+06,1.2e+06,1.2e+06,1.596e+06,1.596e+06,,623311.021,,,,,,,,,,100,100,0,0,0,0
88057.7,,,,,,,,,,,,,,,,,,328,,,,,,,,,,,
88324.5,,,,,,,,,,,,,,,,,,329,,,,,,,,,,,
88588.4,,,,,,,,,,,,,,,,,,330,,,,,,,,,,,
88855.5,,,,,,,,,,,,,,,,,,331,,,,,,,,,,,
88992.7,52600,53600,53200,51700,52100,70000,1.2e+06,1.2e+06,1.2e+06,1.2e+06,1.596e+06,1.596e+06,,623318.384,,,,,,,,,,100,100,0,0.990099,0,0
89122.6,,,,,,,,,,,,,,,,,,332,,,,,,,,,,,
89312,,,,,,,,,,,,,,,,,,,24,,,,,,,,,,
89390.1,,,,,,,,,,,,,,,,,,333,,,,,,,,,,,
89655.5,,,,,,,,,,,,,,,,,,334,,,,,,,,,,,
89919.8,,,,,,,,,,,,,,,,,,335,,,,,,,,,,,
89992,52600,53600,53600,51700,52100,70000,1.2e+06,1.2e+06,1.2e+06,1.2e+06,1.596e+06,1.596e+06,,623325.807,,,,,,,,,,100,100,1,0,0,0
90187.1,,,,,,,,,,,,,,,,,,336,,,,,,,,,,,
90452.3,,,,,,,,,,,,,,,,,,337,,,,,,,,,,,
90721.2,,,,,,,,,,,,,,,,,,338,,,,,,,,,,,
90988.3,,,,,,,,,,,,,,,,,,339,,,,,,,,,,,
90992.4,52600,53200,53600,51500,52100,70000,1.2e+06,1.2e+06,1.2e+06,1.2e+06,1.596e+06,1.596e+06,25.683,623333.164,,,,,,,,,,100,100,0,0,0,0
91255.2,,,,,,,,,,,,,,,,,,340,,,,,,,,,,,
91521.1,,,,,,,,,,,,,,,,,,341,,,,,,,,,,,
91786.4,,,,,,,,,,,,,,,,,,342,,,,,,,,,,,
91992.6,52500,53600,53400,51700,52100,70000,1.2e+06,1.2e+06,1.2e+06,1.2e+06,1.596e+06,1.596e+06,,623340.597,,,,,,,,,,100,100,0,0,0,0
92053,,,,,,,,,,,,,,,,,,343,,,,,,,,,,,
92319,,,,,,,,,,,,,,,,,,344,,,,,,,,,,,
92585.8,,,,,,,,,,,,,,,,,,345,,,,,,,,,,,
92850.9,,,,,,,,,,,,,,,,,,346,,,,,,,,,,,
92992.1,52500,53400,53400,51500,52100,70000,1.2e+06,1.2e+06,1.2e+06,1.2e+06,1.596e+06,1.596e+06,,623347.915,,,,,,,,,,100,100,0,0,0,0
93018.7,,,,,,,,,,,,,,,,,,,25,,,,,,,,,,
93118.1,,,,,,,,,,,,,,,,,,347,,,,,,,,,,,
93385.2,,,,,,,,,,,,,,,,,,348,,,,,,,,,,,
93652.7,,,,,,,,,,,,,,,,,,349,,,,,,,,,,,
93922.7,,,,,,,,,,,,,,,,,,350,,,,,,,,,,,
93991.8,52600,53400,53200,51500,52100,70000,1.2e+06,1.2e+06,1.2e+06,1.2e+06,1.596e+06,1.596e+06,,623355.332,,,,,,,,,,100,100,1,0,0,0
94191.3,,,,,,,,,,,,,,,,,,351,,,,,,,,,,,
94456.9,,,,,,,,,,,,,,,,,,352,,,,,,,,,,,
94722.7,,,,,,,,,,,,,,,,,,353,,,,,,,,,,,
94988.7,,,,,,,,,,,,,,,,,,354,,,,,,,,,,,
94991.8,52800,53600,53600,51500,52100,70000,1.2e+06,1.2e+06,1.2e+06,1.2e+06,1.596e+06,1.596e+06,,623362.768,,,,,,,,,,100,100,0,0.990099,0,0
95255.1,,,,,,,,,,,,,,,,,,355,,,,,,,,,,,
95521.6,,,,,,,,,,,,,,,,,,356,,,,,,,,,,,
95787.6,,,,,,,,,,,,,,,,,,357,,,,,,,,,,,
95992.2,52800,53600,53600,51700,52100,70000,1.2e+06,1.2e+06,1.2e+06,1.2e+06,1.596e+06,1.596e+06,,623370.128,,,,,,,,,,100,100,0,0,0,0
96054.4,,,,,,,,,,,,,,,,,,358,,,,,,,,,,,
96319.5,,,,,,,,,,,,,,,,,,359,,,,,,,,,,,
96587.1,,,,,,,,,,,,,,,,,,360,,,,,,,,,,,
96724.1,,,,,,,,,,,,,,,,,,,26,,,,,,,,,,
96853.4,,,,,,,,,,,,,,,,,,361,,,,,,,,,,,
96992.6,52800,53600,53600,51700,52100,70000,1.2e+06,1.2e+06,1.2e+06,1.2e+06,1.596e+06,1.596e+06,,623377.546,,,,,,,,,,100,100,0.990099,0,0,0
97120.4,,,,,,,,,,,,,,,,,,362,,,,,,,,,,,
97387.2,,,,,,,,,,,,,,,,,,363,,,,,,,,,,,
97655.2,,,,,,,,,,,,,,,,,,364,,,,,,,,,,,
97920.9,,,,,,,,,,,,,,,,,,365,,,,,,,,,,,
97992.1,52800,53600,53600,51700,52300,70000,1.2e+06,1.2e+06,1.2e+06,1.2e+06,1.596e+06,1.596e+06,,623384.901,,,,,,,,,,100,100,0,0,0,0
98188.7,,,,,,,,,,,,,,,,,,366,,,,,,,,,,,
98455.1,,,,,,,,,,,,,,,,,,367,,,,,,,,,,,
98721.4,,,,,,,,,,,,,,,,,,368,,,,,,,,,,,
98986.4,,,,,,,,,,,,,,,,,,369,,,,,,,,,,,
98992.5,52800,53800,53600,51500,52100,70000,1.2e+06,1.2e+06,1.2e+06,1.2e+06,1.596e+06,1.596e+06,,623392.313,,,,,,,,,,100,100,0.990099,0,0,0
99254.5,,,,,,,,,,,,,,,,,,370,,,,,,,,,,,
99521,,,,,,,,,,,,,,,,,,371,,,,,,,,,,,
99785.8,,,,,,,,,,,,,,,,,,372,,,,,,,,,,,
99992,53000,53600,53600,51700,52300,70000,1.2e+06,1.2e+06,1.2e+06,1.2e+06,1.596e+06,1.596e+06,,623399.649,,,,,,,,,,100,100,1,0,0,0
100051,,,,,,,,,,,,,,,,,,373,,,,,,,,,,,
100315,,,,,,,,,,,,,,,,,,374,,,,,,,,,,,
100432,,,,,,,,,,,,,,,,,,,27,,,,,,,,,,
100581,,,,,,,,,,,,,,,,,,375,,,,,,,,,,,
100846,,,,,,,,,,,,,,,,,,376,,,,,,,,,,,
100992,52800,53600,53600,51700,52300,70000,1.2e+06,1.2e+06,1.2e+06,1.2e+06,1.596e+06,1.596e+06,25.694,623407.102,,,,,,,,,,100,100,0,0,0,0
101116,,,,,,,,,,,,,,,,,,377,,,,,,,,,,,
101383,,,,,,,,,,,,,,,,,,378,,,,,,,,,,,
101650,,,,,,,,,,,,,,,,,,379,,,,,,,,,,,
101918,,,,,,,,,,,,,,,,,,380,,,,,,,,,,,
101992,52800,53800,53800,51900,52100,70000,1.2e+06,1.2e+06,1.2e+06,1.2e+06,1.596e+06,1.596e+06,,623414.501,,,,,,,,,,100,100,0,0,0,0
102184,,,,,,,,,,,,,,,,,,381,,,,,,,,,,,
102451,,,,,,,,,,,,,,,,,,382,,,,,,,,,,,
102715,,,,,,,,,,,,,,,,,,383,,,,,,,,,,,
102984,,,,,,,,,,,,,,,,,,384,,,,,,,,,,,
102992,52800,53800,53600,51700,52100,70000,1.2e+06,1.2e+06,1.2e+06,1.2e+06,1.596e+06,1.596e+06,,623421.887,,,,,,,,,,100,100,0,0,0,0
103253,,,,,,,,,,,,,,,,,,385,,,,,,,,,,,
103518,,,,,,,,,,,,,,,,,,386,,,,,,,,,,,
103782,,,,,,,,,,,,,,,,,,387,,,,,,,,,,,
103992,53000,54000,53800,51900,52500,70000,1.2e+06,1.2e+06,1.2e+06,1.2e+06,1.596e+06,1.596e+06,,623429.294,,,,,,,,,,100,100,0.990099,0,0,0
104049,,,,,,,,,,,,,,,,,,388,,,,,,,,,,,
104138,,,,,,,,,,,,,,,,,,,28,,,,,,,,,,
104314,,,,,,,,,,,,,,,,,,389,,,,,,,,,,,
104581,,,,,,,,,,,,,,,,,,390,,,,,,,,,,,
104846,,,,,,,,,,,,,,,,,,391,,,,,,,,,,,
104992,53200,54000,53800,51900,52500,70000,1.2e+06,1.2e+06,1.2e+06,1.2e+06,1.596e+06,1.596e+06,,623436.752,,,,,,,,,,100,100,0,0,0,0
105114,,,,,,,,,,,,,,,,,,392,,,,,,,,,,,
105383,,,,,,,,,,,,,,,,,,393,,,,,,,,,,,
105649,,,,,,,,,,,,,,,,,,394,,,,,,,,,,,
105914,,,,,,,,,,,,,,,,,,395,,,,,,,,,,,
105992,53000,53800,54000,52100,52500,70000,1.2e+06,1.2e+06,1.2e+06,1.2e+06,1.596e+06,1.596e+06,,623444.082,,,,,,,,,,100,100,0,0,0,0
106180,,,,,,,,,,,,,,,,,,396,,,,,,,,,,,
106447,,,,,,,,,,,,,,,,,,397,,,,,,,,,,,
106714,,,,,,,,,,,,,,,,,,398,,,,,,,,,,,
106980,,,,,,,,,,,,,,,,,,399,,,,,,,,,,,
106992,53000,54000,54000,52100,52500,70000,1.2e+06,1.2e+06,1.2e+06,1.2e+06,1.596e+06,1.596e+06,,623451.486,,,,,,,,,,100,100,1,0,0,0
107245,,,,,,,,,,,,,,,,,,400,,,,,,,,,,,
107511,,,,,,,,,,,,,,,,,,401,,,,,,,,,,,
107776,,,,,,,,,,,,,,,,,,402,,,,,,,,,,,
107846,,,,,,,,,,,,,,,,,,,29,,,,,,,,,,
107992,53200,54000,54000,52100,52600,70000,1.2e+06,1.2e+06,1.2e+06,1.2e+06,1.596e+06,1.596e+06,,623458.843,,,,,,,,,,100,100,0,0,0,0
108044,,,,,,,,,,,,,,,,,,403,,,,,,,,,,,
108312,,,,,,,,,,,,,,,,,,404,,,,,,,,,,,
108578,,,,,,,,,,,,,,,,,,405,,,,,,,,,,,
108843,,,,,,,,,,,,,,,,,,406,,,,,,,,,,,
108993,52800,54000,53600,51900,52500,70000,1.2e+06,1.2e+06,1.2e+06,1.2e+06,1.596e+06,1.596e+06,,623466.269,,,,,,,,,,100,100,0,0,0,0
109112,,,,,,,,,,,,,,,,,,407,,,,,,,,,,,
109377,,,,,,,,,,,,,,,,,,408,,,,,,,,,,,
109644,,,,,,,,,,,,,,,,,,409,,,,,,,,,,,
109911,,,,,,,,,,,,,,,,,,410,,,,,,,,,,,
109992,53200,54000,53600,51700,52300,70000,1.2e+06,1.2e+06,1.2e+06,1.2e+06,1.596e+06,1.596e+06,,623473.641,,,,,,,,,,100,100,0.990099,0,0,0.990099
110179,,,,,,,,,,,,,,,,,,411,,,,,,,,,,,
110447,,,,,,,,,,,,,,,,,,412,,,,,,,,,,,
110713,,,,,,,,,,,,,,,,,,413,,,,,,,,,,,
110978,,,,,,,,,,,,,,,,,,414,,,,,,,,,,,
110992,52800,54000,54000,51900,52500,70000,1.2e+06,1.2e+06,1.2e+06,1.2e+06,1.596e+06,1.596e+06,25.683,623481.058,,,,,,,,,,100,100,0,0,0,0
111246,,,,,,,,,,,,,,,,,,415,,,,,,,,,,,
111513,,,,,,,,,,,,,,,,,,416,,,,,,,,,,,
111553,,,,,,,,,,,,,,,,,,,30,,,,,,,,,,
111781,,,,,,,,,,,,,,,,,,417,,,,,,,,,,,
111992,53000,54000,53800,51900,52500,70000,1.2e+06,1.2e+06,1.2e+06,1.2e+06,1.596e+06,1.596e+06,,623488.409,,,,,,,,,,100,100,0,0,0,0
112046,,,,,,,,,,,,,,,,,,418,,,,,,,,,,,
112313,,,,,,,,,,,,,,,,,,419,,,,,,,,,,,
112580,,,,,,,,,,,,,,,,,,420,,,,,,,,,,,
112847,,,,,,,,,,,,,,,,,,421,,,,,,,,,,,
112993,53000,54000,53800,51900,52500,70000,1.2e+06,1.2e+06,1.2e+06,1.2e+06,1.596e+06,1.596e+06,,623495.823,,,,,,,,,,100,100,0,0,0,0
113116,,,,,,,,,,,,,,,,,,422,,,,,,,,,,,
113383,,,,,,,,,,,,,,,,,,423,,,,,,,,,,,
113650,,,,,,,,,,,,,,,,,,424,,,,,,,,,,,
113917,,,,,,,,,,,,,,,,,,425,,,,,,,,,,,
113992,53000,54000,54000,52100,52300,70000,1.2e+06,1.2e+06,1.2e+06,1.2e+06,1.596e+06,1.596e+06,,623503.252,,,,,,,,,,100,100,0.990099,0,0,0
114188,,,,,,,,,,,,,,,,,,426,,,,,,,,,,,
114453,,,,,,,,,,,,,,,,,,427,,,,,,,,,,,
114716,,,,,,,,,,,,,,,,,,428,,,,,,,,,,,
114983,,,,,,,,,,,,,,,,,,429,,,,,,,,,,,
114992,53000,54000,54000,51900,52500,70000,1.2e+06,1.2e+06,1.2e+06,1.2e+06,1.596e+06,1.596e+06,,623510.602,,,,,,,,,,100,100,0,0,0,0
115250,,,,,,,,,,,,,,,,,,430,,,,,,,,,,,
115260,,,,,,,,,,,,,,,,,,,31,,,,,,,,,,
115517,,,,,,,,,,,,,,,,,,431,,,,,,,,,,,
115786,,,,,,,,,,,,,,,,,,432,,,,,,,,,,,
115993,53200,53800,53800,52100,52500,70000,1.2e+06,1.2e+06,1.2e+06,1.2e+06,1.596e+06,1.596e+06,,623517.961,,,,,,,,,,100,100,0,0,0,0
116054,,,,,,,,,,,,,,,,,,433,,,,,,,,,,,
116318,,,,,,,,,,,,,,,,,,434,,,,,,,,,,,
116585,,,,,,,,,,,,,,,,,,435,,,,,,,,,,,
116851,,,,,,,,,,,,,,,,,,436,,,,,,,,,,,
116992,53000,54000,54000,52100,52500,70000,1.2e+06,1.2e+06,1.2e+06,1.2e+06,1.596e+06,1.596e+06,,623525.415,,,,,,,,,,100,100,1,0,0,0
117116,,,,,,,,,,,,,,,,,,437,,,,,,,,,,,
117382,,,,,,,,,,,,,,,,,,438,,,,,,,,,,,
117646,,,,,,,,,,,,,,,,,,439,,,,,,,,,,,
117913,,,,,,,,,,,,,,,,,,440,,,,,,,,,,,
117993,53200,54000,54000,52100,52500,70000,1.2e+06,1.2e+06,1.2e+06,1.2e+06,1.596e+06,1.596e+06,,623532.813,,,,,,,,,,100,100,0,0,0,0
118180,,,,,,,,,,,,,,,,,,441,,,,,,,,,,,
118448,,,,,,,,,,,,,,,,,,442,,,,,,,,,,,
118716,,,,,,,,,,,,,,,,,,443,,,,,,,,,,,
118967,,,,,,,,,,,,,,,,,,,32,,,,,,,,,,
118984,,,,,,,,,,,,,,,,,,444,,,,,,,,,,,
118992,53200,54000,53800,51900,52500,70000,1.2e+06,1.2e+06,1.2e+06,1.2e+06,1.596e+06,1.596e+06,,623540.235,,,,,,,,,,100,100,0,0,0,0
119250,,,,,,,,,,,,,,,,,,445,,,,,,,,,,,
119516,,,,,,,,,,,,,,,,,,446,,,,,,,,,,,
119783,,,,,,,,,,,,,,,,,,447,,,,,,,,,,,
119992,53200,54000,54000,51900,52600,70000,1.2e+06,1.2e+06,1.2e+06,1.2e+06,1.596e+06,1.596e+06,,623547.587,,,,,,,,,,100,100,0.990099,0,0,0
120051,,,,,,,,,,,,,,,,,,448,,,,,,,,,,,
120318,,,,,,,,,,,,,,,,,,449,,,,,,,,,,,
120584,,,,,,,,,,,,,,,,,,450,,,,,,,,,,,
120851,,,,,,,,,,,,,,,,,,451,,,,,,,,,,,
120992,53200,54000,54000,52100,52500,70000,1.2e+06,1.2e+06,1.2e+06,1.2e+06,1.596e+06,1.596e+06,25.694,623555.019,,,,,,,,,,100,100,1.96078,0,0,0
121117,,,,,,,,,,,,,,,,,,452,,,,,,,,,,,
121381,,,,,,,,,,,,,,,,,,453,,,,,,,,,,,
121648,,,,,,,,,,,,,,,,,,454,,,,,,,,,,,
121912,,,,,,,,,,,,,,,,,,455,,,,,,,,,,,
121992,53200,54200,53800,52100,52500,70000,1.2e+06,1.2e+06,1.2e+06,1.2e+06,1.596e+06,1.596e+06,,623562.467,,,,,,,,,,100,100,0,0,0,0
122178,,,,,,,,,,,,,,,,,,456,,,,,,,,,,,
122443,,,,,,,,,,,,,,,,,,457,,,,,,,,,,,
122674,,,,,,,,,,,,,,,,,,,33,,,,,,,,,,
122708,,,,,,,,,,,,,,,,,,458,,,,,,,,,,,
122975,,,,,,,,,,,,,,,,,,459,,,,,,,,,,,
122992,53000,54200,54000,52100,52500,70000,1.2e+06,1.2e+06,1.2e+06,1.2e+06,1.596e+06,1.596e+06,,623569.808,,,,,,,,,,100,99,0.990099,0,0,0
123243,,,,,,,,,,,,,,,,,,460,,,,,,,,,,,
123510,,,,,,,,,,,,,,,,,,461,,,,,,,,,,,
123774,,,,,,,,,,,,,,,,,,462,,,,,,,,,,,
123992,53200,54200,54000,52100,52600,70000,1.2e+06,1.2e+06,1.2e+06,1.2e+06,1.596e+06,1.596e+06,,623577.145,,,,,,,,,,100,100,0,0,0,0
124038,,,,,,,,,,,,,,,,,,463,,,,,,,,,,,
124306,,,,,,,,,,,,,,,,,,464,,,,,,,,,,,
124572,,,,,,,,,,,,,,,,,,465,,,,,,,,,,,
124838,,,,,,,,,,,,,,,,,,466,,,,,,,,,,,
124993,53200,54000,54000,52100,52500,70000,1.2e+06,1.2e+06,1.2e+06,1.2e+06,1.596e+06,1.596e+06,,623584.589,,,,,,,,,,100,100,0,0,0,0
125104,,,,,,,,,,,,,,,,,,467,,,,,,,,,,,
125370,,,,,,,,,,,,,,,,,,468,,,,,,,,,,,
125635,,,,,,,,,,,,,,,,,,469,,,,,,,,,,,
125903,,,,,,,,,,,,,,,,,,470,,,,,,,,,,,
125992,53200,54200,54000,52100,52600,70000,1.2e+06,1.2e+06,1.2e+06,1.2e+06,1.596e+06,1.596e+06,,623592.009,,,,,,,,,,100,100,0,0,0,0
126169,,,,,,,,,,,,,,,,,,471,,,,,,,,,,,
126382,,,,,,,,,,,,,,,,,,,34,,,,,,,,,,
126436,,,,,,,,,,,,,,,,,,472,,,,,,,,,,,
126700,,,,,,,,,,,,,,,,,,473,,,,,,,,,,,
126967,,,,,,,,,,,,,,,,,,474,,,,,,,,,,,
126992,53200,54000,54000,52100,52500,70000,1.2e+06,1.2e+06,1.2e+06,1.2e+06,1.596e+06,1.596e+06,,623599.370,,,,,,,,,,100,100,0.990099,0,0,0
127233,,,,,,,,,,,,,,,,,,475,,,,,,,,,,,
127499,,,,,,,,,,,,,,,,,,476,,,,,,,,,,,
127766,,,,,,,,,,,,,,,,,,477,,,,,,,,,,,
127993,53200,54000,54000,52100,52500,70000,1.2e+06,1.2e+06,1.2e+06,1.2e+06,1.596e+06,1.596e+06,,623606.820,,,,,,,,,,100,100,0,0,0,0
128031,,,,,,,,,,,,,,,,,,478,,,,,,,,,,,
128297,,,,,,,,,,,,,,,,,,479,,,,,,,,,,,
128565,,,,,,,,,,,,,,,,,,480,,,,,,,,,,,
128830,,,,,,,,,,,,,,,,,,481,,,,,,,,,,,
128992,53200,54200,54200,52100,52600,70000,1.2e+06,1.2e+06,1.2e+06,1.2e+06,1.596e+06,1.596e+06,,623612.352,,,,,,,,,,100,100,0,0,0,0
129098,,,,,,,,,,,,,,,,,,482,,,,,,,,,,,
129366,,,,,,,,,,,,,,,,,,483,,,,,,,,,,,
129632,,,,,,,,,,,,,,,,,,484,,,,,,,,,,,
129899,,,,,,,,,,,,,,,,,,485,,,,,,,,,,,
129992,53200,54200,54000,52100,52500,70000,1.2e+06,1.2e+06,1.2e+06,1.2e+06,1.596e+06,1.596e+06,,623619.758,,,,,,,,,,100,100,1,0,0,0.990099
130090,,,,,,,,,,,,,,,,,,,35,,,,,,,,,,
130166,,,,,,,,,,,,,,,,,,486,,,,,,,,,,,
130431,,,,,,,,,,,,,,,,,,487,,,,,,,,,,,
130700,,,,,,,,,,,,,,,,,,488,,,,,,,,,,,
130967,,,,,,,,,,,,,,,,,,489,,,,,,,,,,,
130992,53400,54200,54000,52100,52600,70000,1.2e+06,1.2e+06,1.2e+06,1.2e+06,1.596e+06,1.596e+06,25.694,623627.128,,,,,,,,,,100,100,0,0,0,0
131234,,,,,,,,,,,,,,,,,,490,,,,,,,,,,,
131501,,,,,,,,,,,,,,,,,,491,,,,,,,,,,,
131767,,,,,,,,,,,,,,,,,,492,,,,,,,,,,,
131992,53400,54000,54000,52300,52600,70000,1.2e+06,1.2e+06,1.2e+06,1.2e+06,1.596e+06,1.596e+06,,623634.587,,,,,,,,,,100,100,0,0,0.990099,0
132032,,,,,,,,,,,,,,,,,,493,,,,,,,,,,,
132301,,,,,,,,,,,,,,,,,,494,,,,,,,,,,,
132565,,,,,,,,,,,,,,,,,,495,,,,,,,,,,,
132831,,,,,,,,,,,,,,,,,,496,,,,,,,,,,,
132992,53200,54000,54000,52300,52500,70000,1.2e+06,1.2e+06,1.2e+06,1.2e+06,1.596e+06,1.596e+06,,623641.989,,,,,,,,,,100,100,1,0,0,0
133097,,,,,,,,,,,,,,,,,,497,,,,,,,,,,,
133365,,,,,,,,,,,,,,,,,,498,,,,,,,,,,,
133633,,,,,,,,,,,,,,,,,,499,,,,,,,,,,,
133798,,,,,,,,,,,,,,,,,,,36,,,,,,,,,,
133902,,,,,,,,,,,,,,,,,,500,,,,,,,,,,,
133993,53200,54000,54000,52100,52600,70000,1.2e+06,1.2e+06,1.2e+06,1.2e+06,1.596e+06,1.596e+06,,623649.402,,,,,,,,,,100,100,0,0,0,0
134170,,,,,,,,,,,,,,,,,,501,,,,,,,,,,,
134436,,,,,,,,,,,,,,,,,,502,,,,,,,,,,,
134702,,,,,,,,,,,,,,,,,,503,,,,,,,,,,,
134968,,,,,,,,,,,,,,,,,,504,,,,,,,,,,,
134992,53200,54000,54200,52100,52600,70000,1.2e+06,1.2e+06,1.2e+06,1.2e+06,1.596e+06,1.596e+06,,623656.749,,,,,,,,,,100,100,0,0,0,0
135234,,,,,,,,,,,,,,,,,,505,,,,,,,,,,,
135499,,,,,,,,,,,,,,,,,,506,,,,,,,,,,,
135764,,,,,,,,,,,,,,,,,,507,,,,,,,,,,,
135992,53400,54200,54200,52500,52600,70000,1.2e+06,1.2e+06,1.2e+06,1.2e+06,1.596e+06,1.596e+06,,623664.156,,,,,,,,,,100,100,0,0,0,0
136030,,,,,,,,,,,,,,,,,,508,,,,,,,,,,,
136296,,,,,,,,,,,,,,,,,,509,,,,,,,,,,,
136561,,,,,,,,,,,,,,,,,,510,,,,,,,,,,,
136827,,,,,,,,,,,,,,,,,,511,,,,,,,,,,,
136992,53200,54400,54200,52100,52800,70000,1.2e+06,1.2e+06,1.2e+06,1.2e+06,1.596e+06,1.596e+06,,623671.549,,,,,,,,,,100,100,1,0,0,0
137093,,,,,,,,,,,,,,,,,,512,,,,,,,,,,,
137361,,,,,,,,,,,,,,,,,,513,,,,,,,,,,,
137505,,,,,,,,,,,,,,,,,,,37,,,,,,,,,,
137630,,,,,,,,,,,,,,,,,,514,,,,,,,,,,,
137895,,,,,,,,,,,,,,,,,,515,,,,,,,,,,,
137993,53200,54000,54400,52300,52800,70000,1.2e+06,1.2e+06,1.2e+06,1.2e+06,1.596e+06,1.596e+06,,623678.972,,,,,,,,,,100,100,0,0,0,0
138162,,,,,,,,,,,,,,,,,,516,,,,,,,,,,,
138429,,,,,,,,,,,,,,,,,,517,,,,,,,,,,,
138695,,,,,,,,,,,,,,,,,,518,,,,,,,,,,,
138962,,,,,,,,,,,,,,,,,,519,,,,,,,,,,,
138992,53600,54400,54400,52500,52800,70000,1.2e+06,1.2e+06,1.2e+06,1.2e+06,1.596e+06,1.596e+06,,623686.435,,,,,,,,,,100,100,0,0,0,0
139230,,,,,,,,,,,,,,,,,,520,,,,,,,,,,,
139495,,,,,,,,,,,,,,,,,,521,,,,,,,,,,,
139761,,,,,,,,,,,,,,,,,,522,,,,,,,,,,,
139992,53600,54200,54200,52500,52800,70000,1.2e+06,1.2e+06,1.2e+06,1.2e+06,1.596e+06,1.596e+06,,623693.776,,,,,,,,,,100,100,0.990099,0,0,0
140027,,,,,,,,,,,,,,,,,,523,,,,,,,,,,,
140295,,,,,,,,,,,,,,,,,,524,,,,,,,,,,,
140564,,,,,,,,,,,,,,,,,,525,,,,,,,,,,,
140829,,,,,,,,,,,,,,,,,,526,,,,,,,,,,,
140993,53600,54400,54600,52300,52600,70000,1.2e+06,1.2e+06,1.2e+06,1.2e+06,1.596e+06,1.596e+06,25.673,623701.180,,,,,,,,,,100,100,0,0,0,0
141097,,,,,,,,,,,,,,,,,,527,,,,,,,,,,,
141212,,,,,,,,,,,,,,,,,,,38,,,,,,,,,,
141366,,,,,,,,,,,,,,,,,,528,,,,,,,,,,,
141634,,,,,,,,,,,,,,,,,,529,,,,,,,,,,,
141898,,,,,,,,,,,,,,,,,,530,,,,,,,,,,,
141992,53600,54200,54400,52500,52600,70000,1.2e+06,1.2e+06,1.2e+06,1.2e+06,1.596e+06,1.596e+06,,623708.551,,,,,,,,,,100,100,0,0,0,0
142165,,,,,,,,,,,,,,,,,,531,,,,,,,,,,,
142431,,,,,,,,,,,,,,,,,,532,,,,,,,,,,,
142696,,,,,,,,,,,,,,,,,,533,,,,,,,,,,,
142961,,,,,,,,,,,,,,,,,,534,,,,,,,,,,,
142992,53600,54200,54200,52500,52500,70000,1.2e+06,1.2e+06,1.2e+06,1.2e+06,1.596e+06,1.596e+06,,623716.009,,,,,,,,,,100,100,1,0,0,0
143227,,,,,,,,,,,,,,,,,,535,,,,,,,,,,,
143493,,,,,,,,,,,,,,,,,,536,,,,,,,,,,,
143760,,,,,,,,,,,,,,,,,,537,,,,,,,,,,,
143992,53600,54400,54400,52500,52800,70000,1.2e+06,1.2e+06,1.2e+06,1.2e+06,1.596e+06,1.596e+06,,623723.358,,,,,,,,,,100,100,0,0,0,0
144027,,,,,,,,,,,,,,,,,,538,,,,,,,,,,,
144293,,,,,,,,,,,,,,,,,,539,,,,,,,,,,,
144561,,,,,,,,,,,,,,,,,,540,,,,,,,,,,,
144827,,,,,,,,,,,,,,,,,,541,,,,,,,,,,,
144920,,,,,,,,,,,,,,,,,,,39,,,,,,,,,,
144992,53600,54200,54400,52500,52800,70000,1.2e+06,1.2e+06,1.2e+06,1.2e+06,1.596e+06,1.596e+06,,623730.710,,,,,,,,,,100,100,0,0,0,0
145095,,,,,,,,,,,,,,,,,,542,,,,,,,,,,,
145361,,,,,,,,,,,,,,,,,,543,,,,,,,,,,,
145627,,,,,,,,,,,,,,,,,,544,,,,,,,,,,,
145892,,,,,,,,,,,,,,,,,,545,,,,,,,,,,,
145992,53600,54200,54000,52500,52800,70000,1.2e+06,1.2e+06,1.2e+06,1.2e+06,1.596e+06,1.596e+06,,623738.190,,,,,,,,,,100,100,0,0,0,0
146158,,,,,,,,,,,,,,,,,,546,,,,,,,,,,,
146423,,,,,,,,,,,,,,,,,,547,,,,,,,,,,,
146689,,,,,,,,,,,,,,,,,,548,,,,,,,,,,,
146955,,,,,,,,,,,,,,,,,,549,,,,,,,,,,,
146992,53400,54400,54000,52300,52800,70000,1.2e+06,1.2e+06,1.2e+06,1.2e+06,1.596e+06,1.596e+06,,623745.580,,,,,,,,,,100,100,1,0,0,0
147221,,,,,,,,,,,,,,,,,,550,,,,,,,,,,,
147487,,,,,,,,,,,,,,,,,,551,,,,,,,,,,,
147754,,,,,,,,,,,,,,,,,,552,,,,,,,,,,,
147992,53400,54400,54000,52500,52800,70000,1.2e+06,1.2e+06,1.2e+06,1.2e+06,1.596e+06,1.596e+06,,623752.995,,,,,,,,,,100,100,0,0,0,0
148020,,,,,,,,,,,,,,,,,,553,,,,,,,,,,,
148287,,,,,,,,,,,,,,,,,,554,,,,,,,,,,,
148554,,,,,,,,,,,,,,,,,,555,,,,,,,,,,,
148628,,,,,,,,,,,,,,,,,,,40,,,,,,,,,,
148823,,,,,,,,,,,,,,,,,,556,,,,,,,,,,,
148992,53600,54400,54200,52300,52600,70000,1.2e+06,1.2e+06,1.2e+06,1.2e+06,1.596e+06,1.596e+06,,623760.366,,,,,,,,,,100,100,0,0,0,0
149088,,,,,,,,,,,,,,,,,,557,,,,,,,,,,,
149355,,,,,,,,,,,,,,,,,,558,,,,,,,,,,,
149620,,,,,,,,,,,,,,,,,,559,,,,,,,,,,,
149884,,,,,,,,,,,,,,,,,,560,,,,,,,,,,,
149993,53600,54400,54400,52500,52800,70000,1.2e+06,1.2e+06,1.2e+06,1.2e+06,1.596e+06,1.596e+06,,623767.821,,,,,,,,,,100,100,0.990099,0,0,0
150152,,,,,,,,,,,,,,,,,,561,,,,,,,,,,,
150418,,,,,,,,,,,,,,,,,,562,,,,,,,,,,,
150685,,,,,,,,,,,,,,,,,,563,,,,,,,,,,,
150953,,,,,,,,,,,,,,,,,,564,,,,,,,,,,,
150992,53600,54400,54400,52500,52800,70000,1.2e+06,1.2e+06,1.2e+06,1.2e+06,1.596e+06,1.596e+06,25.673,623775.218,,,,,,,,,,100,100,0,0,0,0
151219,,,,,,,,,,,,,,,,,,565,,,,,,,,,,,
151484,,,,,,,,,,,,,,,,,,566,,,,,,,,,,,
151750,,,,,,,,,,,,,,,,,,567,,,,,,,,,,,
151993,53600,54400,54400,52500,52800,70000,1.2e+06,1.2e+06,1.2e+06,1.2e+06,1.596e+06,1.596e+06,,623782.630,,,,,,,,,,100,100,0,0,0,0
152017,,,,,,,,,,,,,,,,,,568,,,,,,,,,,,
152283,,,,,,,,,,,,,,,,,,569,,,,,,,,,,,
152336,,,,,,,,,,,,,,,,,,,41,,,,,,,,,,
152549,,,,,,,,,,,,,,,,,,570,,,,,,,,,,,
152814,,,,,,,,,,,,,,,,,,571,,,,,,,,,,,
152992,53400,54400,54400,52300,52800,70000,1.2e+06,1.2e+06,1.2e+06,1.2e+06,1.596e+06,1.596e+06,,623789.984,,,,,,,,,,100,100,0.990099,0,0,0
153081,,,,,,,,,,,,,,,,,,572,,,,,,,,,,,
153348,,,,,,,,,,,,,,,,,,573,,,,,,,,,,,
153612,,,,,,,,,,,,,,,,,,574,,,,,,,,,,,
153880,,,,,,,,,,,,,,,,,,575,,,,,,,,,,,
153992,53400,54400,54200,52100,52800,70000,1.2e+06,1.2e+06,1.2e+06,1.2e+06,1.596e+06,1.596e+06,,623797.428,,,,,,,,,,100,100,0,0,0,0
154147,,,,,,,,,,,,,,,,,,576,,,,,,,,,,,
154413,,,,,,,,,,,,,,,,,,577,,,,,,,,,,,
154679,,,,,,,,,,,,,,,,,,578,,,,,,,,,,,
154944,,,,,,,,,,,,,,,,,,579,,,,,,,,,,,
154992,53600,54400,54400,52500,52800,70000,1.2e+06,1.2e+06,1.2e+06,1.2e+06,1.596e+06,1.596e+06,,623804.901,,,,,,,,,,100,100,0,0,0,0
155210,,,,,,,,,,,,,,,,,,580,,,,,,,,,,,
155478,,,,,,,,,,,,,,,,,,581,,,,,,,,,,,
155746,,,,,,,,,,,,,,,,,,582,,,,,,,,,,,
155992,53600,54600,54400,52500,52800,70000,1.2e+06,1.2e+06,1.2e+06,1.2e+06,1.596e+06,1.596e+06,,623812.228,,,,,,,,,,100,100,0,0,0,0
156014,,,,,,,,,,,,,,,,,,583,,,,,,,,,,,
156042,,,,,,,,,,,,,,,,,,,42,,,,,,,,,,
156280,,,,,,,,,,,,,,,,,,584,,,,,,,,,,,
156547,,,,,,,,,,,,,,,,,,585,,,,,,,,,,,
156813,,,,,,,,,,,,,,,,,,586,,,,,,,,,,,
156992,53600,54400,54400,52500,52800,70000,1.2e+06,1.2e+06,1.2e+06,1.2e+06,1.596e+06,1.596e+06,,623819.577,,,,,,,,,,100,100,0.990099,0,0,0
157079,,,,,,,,,,,,,,,,,,587,,,,,,,,,,,
157346,,,,,,,,,,,,,,,,,,588,,,,,,,,,,,
157614,,,,,,,,,,,,,,,,,,589,,,,,,,,,,,
157880,,,,,,,,,,,,,,,,,,590,,,,,,,,,,,
157992,53400,54400,54400,52500,52800,70000,1.2e+06,1.2e+06,1.2e+06,1.2e+06,1.596e+06,1.596e+06,,623826.980,,,,,,,,,,100,100,0,0,0,0
158147,,,,,,,,,,,,,,,,,,591,,,,,,,,,,,
158413,,,,,,,,,,,,,,,,,,592,,,,,,,,,,,
158680,,,,,,,,,,,,,,,,,,593,,,,,,,,,,,
158946,,,,,,,,,,,,,,,,,,594,,,,,,,,,,,
158992,53600,54600,54200,52500,52800,70000,1.2e+06,1.2e+06,1.2e+06,1.2e+06,1.596e+06,1.596e+06,,623834.338,,,,,,,,,,100,100,0,0,0,0
159212,,,,,,,,,,,,,,,,,,595,,,,,,,,,,,
159478,,,,,,,,,,,,,,,,,,596,,,,,,,,,,,
159745,,,,,,,,,,,,,,,,,,597,,,,,,,,,,,
159750,,,,,,,,,,,,,,,,,,,43,,,,,,,,,,
159992,53200,54200,54400,52300,52800,70000,1.2e+06,1.2e+06,1.2e+06,1.2e+06,1.596e+06,1.596e+06,,623841.755,,,,,,,,,,100,100,1,0,0.990099,0
160012,,,,,,,,,,,,,,,,,,598,,,,,,,,,,,
160278,,,,,,,,,,,,,,,,,,599,,,,,,,,,,,
160545,,,,,,,,,,,,,,,,,,600,,,,,,,,,,,
160810,,,,,,,,,,,,,,,,,,601,,,,,,,,,,,
160992,53200,54200,54400,52300,52800,70000,1.2e+06,1.2e+06,1.2e+06,1.2e+06,1.596e+06,1.596e+06,25.662,623849.195,,,,,,,,,,100,100,0,0,0,0
161076,,,,,,,,,,,,,,,,,,602,,,,,,,,,,,
161343,,,,,,,,,,,,,,,,,,603,,,,,,,,,,,
161608,,,,,,,,,,,,,,,,,,604,,,,,,,,,,,
161877,,,,,,,,,,,,,,,,,,605,,,,,,,,,,,
161992,53400,54400,54400,52100,52800,70000,1.2e+06,1.2e+06,1.2e+06,1.2e+06,1.596e+06,1.596e+06,,623856.626,,,,,,,,,,100,100,0,0,0,0
162141,,,,,,,,,,,,,,,,,,606,,,,,,,,,,,
162406,,,,,,,,,,,,,,,,,,607,,,,,,,,,,,
162673,,,,,,,,,,,,,,,,,,608,,,,,,,,,,,
162938,,,,,,,,,,,,,,,,,,609,,,,,,,,,,,
162992,53600,54600,54400,52300,52800,70000,1.2e+06,1.2e+06,1.2e+06,1.2e+06,1.596e+06,1.596e+06,,623864.023,,,,,,,,,,100,100,0.990099,0,0,0
163205,,,,,,,,,,,,,,,,,,610,,,,,,,,,,,
163458,,,,,,,,,,,,,,,,,,,44,,,,,,,,,,
163471,,,,,,,,,,,,,,,,,,611,,,,,,,,,,,
163737,,,,,,,,,,,,,,,,,,612,,,,,,,,,,,
163992,53600,54400,54400,52300,52800,70000,1.2e+06,1.2e+06,1.2e+06,1.2e+06,1.596e+06,1.596e+06,,623871.471,,,,,,,,,,100,100,0,0,0,0
164005,,,,,,,,,,,,,,,,,,613,,,,,,,,,,,
164274,,,,,,,,,,,,,,,,,,614,,,,,,,,,,,
164541,,,,,,,,,,,,,,,,,,615,,,,,,,,,,,
164807,,,,,,,,,,,,,,,,,,616,,,,,,,,,,,
164992,53600,54800,54800,52500,52800,70000,1.2e+06,1.2e+06,1.2e+06,1.2e+06,1.596e+06,1.596e+06,,623878.843,,,,,,,,,,100,100,0,0,0,0
165075,,,,,,,,,,,,,,,,,,617,,,,,,,,,,,
165340,,,,,,,,,,,,,,,,,,618,,,,,,,,,,,
165609,,,,,,,,,,,,,,,,,,619,,,,,,,,,,,
165876,,,,,,,,,,,,,,,,,,620,,,,,,,,,,,
165992,53600,54400,54600,52500,52600,70000,1.2e+06,1.2e+06,1.2e+06,1.2e+06,1.596e+06,1.596e+06,,623886.319,,,,,,,,,,100,100,1,0,0,0
166143,,,,,,,,,,,,,,,,,,621,,,,,,,,,,,
166411,,,,,,,,,,,,,,,,,,622,,,,,,,,,,,
166676,,,,,,,,,,,,,,,,,,623,,,,,,,,,,,
166943,,,,,,,,,,,,,,,,,,624,,,,,,,,,,,
166992,53600,54600,54600,52800,53000,70000,1.2e+06,1.2e+06,1.2e+06,1.2e+06,1.596e+06,1.596e+06,,623893.697,,,,,,,,,,100,100,0,0,0,0
167164,,,,,,,,,,,,,,,,,,,45,,,,,,,,,,
167211,,,,,,,,,,,,,,,,,,625,,,,,,,,,,,
167477,,,,,,,,,,,,,,,,,,626,,,,,,,,,,,
167743,,,,,,,,,,,,,,,,,,627,,,,,,,,,,,
167992,53600,54600,54400,52500,52800,70000,1.2e+06,1.2e+06,1.2e+06,1.2e+06,1.596e+06,1.596e+06,,623901.110,,,,,,,,,,100,100,0.990099,0,0,0
168010,,,,,,,,,,,,,,,,,,628,,,,,,,,,,,
168275,,,,,,,,,,,,,,,,,,629,,,,,,,,,,,
168540,,,,,,,,,,,,,,,,,,630,,,,,,,,,,,
168807,,,,,,,,,,,,,,,,,,631,,,,,,,,,,,
168992,53600,54600,54600,52500,53200,70000,1.2e+06,1.2e+06,1.2e+06,1.2e+06,1.596e+06,1.596e+06,,623908.551,,,,,,,,,,100,100,0,0,0,0
169071,,,,,,,,,,,,,,,,,,632,,,,,,,,,,,
169336,,,,,,,,,,,,,,,,,,633,,,,,,,,,,,
169604,,,,,,,,,,,,,,,,,,634,,,,,,,,,,,
169873,,,,,,,,,,,,,,,,,,635,,,,,,,,,,,
169992,53800,54600,54800,52500,53000,70000,1.2e+06,1.2e+06,1.2e+06,1.2e+06,1.596e+06,1.596e+06,,623915.910,,,,,,,,,,100,100,0.990099,0,0,0
170139,,,,,,,,,,,,,,,,,,636,,,,,,,,,,,
170405,,,,,,,,,,,,,,,,,,637,,,,,,,,,,,
170672,,,,,,,,,,,,,,,,,,638,,,,,,,,,,,
170872,,,,,,,,,,,,,,,,,,,46,,,,,,,,,,
170939,,,,,,,,,,,,,,,,,,639,,,,,,,,,,,
170992,53600,54600,54600,52500,52800,70000,1.2e+06,1.2e+06,1.2e+06,1.2e+06,1.596e+06,1.596e+06,25.683,623923.318,,,,,,,,,,100,100,0,0,0,0
171208,,,,,,,,,,,,,,,,,,640,,,,,,,,,,,
171475,,,,,,,,,,,,,,,,,,641,,,,,,,,,,,
171743,,,,,,,,,,,,,,,,,,642,,,,,,,,,,,
171992,53600,54600,54800,52500,53200,70000,1.2e+06,1.2e+06,1.2e+06,1.2e+06,1.596e+06,1.596e+06,,623930.802,,,,,,,,,,100,100,0,0,0,0
172009,,,,,,,,,,,,,,,,,,643,,,,,,,,,,,
172275,,,,,,,,,,,,,,,,,,644,,,,,,,,,,,
172541,,,,,,,,,,,,,,,,,,645,,,,,,,,,,,
172806,,,,,,,,,,,,,,,,,,646,,,,,,,,,,,
172992,53600,54600,54600,52500,53200,70000,1.2e+06,1.2e+06,1.2e+06,1.2e+06,1.596e+06,1.596e+06,,623938.238,,,,,,,,,,100,100,1,0,0,0
173073,,,,,,,,,,,,,,,,,,647,,,,,,,,,,,
173340,,,,,,,,,,,,,,,,,,648,,,,,,,,,,,
173608,,,,,,,,,,,,,,,,,,649,,,,,,,,,,,
173876,,,,,,,,,,,,,,,,,,650,,,,,,,,,,,
173992,53600,54800,54800,52800,53200,70000,1.2e+06,1.2e+06,1.2e+06,1.2e+06,1.596e+06,1.596e+06,,623945.625,,,,,,,,,,100,100,0,0.990099,0,0
174144,,,,,,,,,,,,,,,,,,651,,,,,,,,,,,
174414,,,,,,,,,,,,,,,,,,652,,,,,,,,,,,
174579,,,,,,,,,,,,,,,,,,,47,,,,,,,,,,
174682,,,,,,,,,,,,,,,,,,653,,,,,,,,,,,
174949,,,,,,,,,,,,,,,,,,654,,,,,,,,,,,
174992,53600,54600,54800,52500,53200,70000,1.2e+06,1.2e+06,1.2e+06,1.2e+06,1.596e+06,1.596e+06,,623952.994,,,,,,,,,,100,100,0,0,0,0
175215,,,,,,,,,,,,,,,,,,655,,,,,,,,,,,
175482,,,,,,,,,,,,,,,,,,656,,,,,,,,,,,
175749,,,,,,,,,,,,,,,,,,657,,,,,,,,,,,
175992,53600,54600,54800,52800,53200,70000,1.2e+06,1.2e+06,1.2e+06,1.2e+06,1.596e+06,1.596e+06,,623960.352,,,,,,,,,,100,100,0.990099,0,0,0
176016,,,,,,,,,,,,,,,,,,658,,,,,,,,,,,
176281,,,,,,,,,,,,,,,,,,659,,,,,,,,,,,
176546,,,,,,,,,,,,,,,,,,660,,,,,,,,,,,
176812,,,,,,,,,,,,,,,,,,661,,,,,,,,,,,
176992,54000,54600,54600,52500,52800,70000,1.2e+06,1.2e+06,1.2e+06,1.2e+06,1.596e+06,1.596e+06,,623965.965,,,,,,,,,,100,100,0,0,0.990099,0
177078,,,,,,,,,,,,,,,,,,662,,,,,,,,,,,
177342,,,,,,,,,,,,,,,,,,663,,,,,,,,,,,
177609,,,,,,,,,,,,,,,,,,664,,,,,,,,,,,
177875,,,,,,,,,,,,,,,,,,665,,,,,,,,,,,
177992,53600,54800,54800,52800,53200,70000,1.2e+06,1.2e+06,1.2e+06,1.2e+06,1.596e+06,1.596e+06,,623973.336,,,,,,,,,,100,100,0,0,0,0
178141,,,,,,,,,,,,,,,,,,666,,,,,,,,,,,
178287,,,,,,,,,,,,,,,,,,,48,,,,,,,,,,
178410,,,,,,,,,,,,,,,,,,667,,,,,,,,,,,
178675,,,,,,,,,,,,,,,,,,668,,,,,,,,,,,
178942,,,,,,,,,,,,,,,,,,669,,,,,,,,,,,
178992,54000,54800,54800,52600,53200,70000,1.2e+06,1.2e+06,1.2e+06,1.2e+06,1.596e+06,1.596e+06,,623980.749,,,,,,,,,,100,100,0,0.990099,0.990099,0
179210,,,,,,,,,,,,,,,,,,670,,,,,,,,,,,
179476,,,,,,,,,,,,,,,,,,671,,,,,,,,,,,
179742,,,,,,,,,,,,,,,,,,672,,,,,,,,,,,
179992,53600,54600,54600,52800,53000,70000,1.2e+06,1.2e+06,1.2e+06,1.2e+06,1.596e+06,1.596e+06,,623988.215,,,,,,,,,,100,100,1.96078,0,0,0
