# Started at: 2022-04-28 10:57:53 +0000, Version: v0.1-177-gf3f14d1, Generated by: thermobench --verbose --fan-cmd=fan --fan-on=0 --time=300 --wait=50 --wait-timeout=60 --sensors_file=/root/thermobench/src/sensors.imx8 --cpu-usage --column=CPU0_work_done --column=CPU1_work_done --column=CPU2_work_done --column=CPU3_work_done --column=CPU4_work_done --column=CPU5_work_done --output=/root/JSA/coefficients_experiment/measurements/imx8a//idctrn-4K_A72_all.json.yaml.csv -- demos-sched -p high -c /root/JSA/coefficients_experiment/demos_configurations/imx8//idctrn-4K_A72_all.json.yaml
time/ms,CPU_0_temp/m°C,CPU_1_temp/m°C,GPU_0_temp/m°C,GPU_1_temp/m°C,DRC_temp/m°C,PMIC_temp/m°C,Cortex_A53_0_freq/Hz,Cortex_A53_1_freq/Hz,Cortex_A53_2_freq/Hz,Cortex_A53_3_freq/Hz,Cortex_A72_0_freq/Hz,Cortex_A72_1_freq/Hz,ambient,energy,cam_cpu,cam_mem,heat_sources,CPU0_work_done,CPU1_work_done,CPU2_work_done,CPU3_work_done,CPU4_work_done,CPU5_work_done,CPU0_load/%,CPU1_load/%,CPU2_load/%,CPU3_load/%,CPU4_load/%,CPU5_load/%
1.12878,47900,49100,49300,47400,47900,70000,600000,600000,600000,600000,600000,600000,,,,,,,,,,,,50,0,0,0,0,50
158.071,,,,,,,,,,,,,,,,,,,,,,0,0,,,,,,
658.05,,,,,,,,,,,,,,,,,,,,,,,101,,,,,,
660.58,,,,,,,,,,,,,,,,,,,,,,102,,,,,,,
994.904,48900,51700,49700,48300,48900,70000,1.2e+06,1.2e+06,1.2e+06,1.2e+06,1.596e+06,1.596e+06,26.177,76486.793,,,,,,,,,,3.0303,0,7,0,88,85.8586
1157.56,,,,,,,,,,,,,,,,,,,,,,,202,,,,,,
1162.71,,,,,,,,,,,,,,,,,,,,,,204,,,,,,,
1661.5,,,,,,,,,,,,,,,,,,,,,,,304,,,,,,
1664.77,,,,,,,,,,,,,,,,,,,,,,306,,,,,,,
1994.03,48700,51500,49500,48300,48900,70000,1.2e+06,1.2e+06,1.2e+06,1.2e+06,1.596e+06,1.596e+06,,76495.293,,,,,,,,,,0,0,0,0,100,100
2165.45,,,,,,,,,,,,,,,,,,,,,,,406,,,,,,
2166.89,,,,,,,,,,,,,,,,,,,,,,408,,,,,,,
2669,,,,,,,,,,,,,,,,,,,,,,510,,,,,,,
2669.29,,,,,,,,,,,,,,,,,,,,,,,508,,,,,,
2994.71,48700,51700,49700,48300,48700,70000,1.2e+06,1.2e+06,1.2e+06,1.2e+06,1.596e+06,1.596e+06,,76503.865,,,,,,,,,,0,0,0,0,100,100
3171.13,,,,,,,,,,,,,,,,,,,,,,612,,,,,,,
3173.27,,,,,,,,,,,,,,,,,,,,,,,610,,,,,,
3673.18,,,,,,,,,,,,,,,,,,,,,,714,,,,,,,
3677.07,,,,,,,,,,,,,,,,,,,,,,,712,,,,,,
3994.48,49100,51700,49700,48500,48900,70000,1.2e+06,1.2e+06,1.2e+06,1.2e+06,1.596e+06,1.596e+06,,76512.359,,,,,,,,,,1,0,0,0,100,100
4175.36,,,,,,,,,,,,,,,,,,,,,,816,,,,,,,
4181.02,,,,,,,,,,,,,,,,,,,,,,,814,,,,,,
4677.42,,,,,,,,,,,,,,,,,,,,,,918,,,,,,,
4684.83,,,,,,,,,,,,,,,,,,,,,,,916,,,,,,
4994.75,49100,51700,49900,48500,48900,70000,1.2e+06,1.2e+06,1.2e+06,1.2e+06,1.596e+06,1.596e+06,,76520.926,,,,,,,,,,1,0,0,0,100,100
5179.53,,,,,,,,,,,,,,,,,,,,,,1020,,,,,,,
5188.81,,,,,,,,,,,,,,,,,,,,,,,1018,,,,,,
5681.6,,,,,,,,,,,,,,,,,,,,,,1122,,,,,,,
5692.66,,,,,,,,,,,,,,,,,,,,,,,1120,,,,,,
5994.93,49100,51700,49900,48500,49100,70000,1.2e+06,1.2e+06,1.2e+06,1.2e+06,1.596e+06,1.596e+06,,76529.418,,,,,,,,,,0,0.990099,0,0,100,100
6183.74,,,,,,,,,,,,,,,,,,,,,,1224,,,,,,,
6196.61,,,,,,,,,,,,,,,,,,,,,,,1222,,,,,,
6685.8,,,,,,,,,,,,,,,,,,,,,,1326,,,,,,,
6700.5,,,,,,,,,,,,,,,,,,,,,,,1324,,,,,,
6994.92,49300,52100,50500,48900,49300,70000,1.2e+06,1.2e+06,1.2e+06,1.2e+06,1.596e+06,1.596e+06,,76538.011,,,,,,,,,,1,0,0,0,100,100
7187.91,,,,,,,,,,,,,,,,,,,,,,1428,,,,,,,
7204.5,,,,,,,,,,,,,,,,,,,,,,,1426,,,,,,
7689.99,,,,,,,,,,,,,,,,,,,,,,1530,,,,,,,
7708.41,,,,,,,,,,,,,,,,,,,,,,,1528,,,,,,
7994.82,49100,52100,50300,48700,49100,70000,1.2e+06,1.2e+06,1.2e+06,1.2e+06,1.596e+06,1.596e+06,,76546.525,,,,,,,,,,0,0,0,0,100,100
8192.1,,,,,,,,,,,,,,,,,,,,,,1632,,,,,,,
8212.4,,,,,,,,,,,,,,,,,,,,,,,1630,,,,,,
8694.17,,,,,,,,,,,,,,,,,,,,,,1734,,,,,,,
8716.26,,,,,,,,,,,,,,,,,,,,,,,1732,,,,,,
8994.64,49300,52500,50300,48900,49300,70000,1.2e+06,1.2e+06,1.2e+06,1.2e+06,1.596e+06,1.596e+06,,76555.122,,,,,,,,,,1.9802,0,0,0,100,100
9196.31,,,,,,,,,,,,,,,,,,,,,,1836,,,,,,,
9220.21,,,,,,,,,,,,,,,,,,,,,,,1834,,,,,,
9698.39,,,,,,,,,,,,,,,,,,,,,,1938,,,,,,,
9724.08,,,,,,,,,,,,,,,,,,,,,,,1936,,,,,,
9994.48,49700,52300,50500,48900,49700,70000,1.2e+06,1.2e+06,1.2e+06,1.2e+06,1.596e+06,1.596e+06,,76563.743,,,,,,,,,,0,0,0,0,100,100
10200.5,,,,,,,,,,,,,,,,,,,,,,2040,,,,,,,
10228,,,,,,,,,,,,,,,,,,,,,,,2038,,,,,,
10702.6,,,,,,,,,,,,,,,,,,,,,,2142,,,,,,,
10731.9,,,,,,,,,,,,,,,,,,,,,,,2140,,,,,,
10994.3,49700,52600,50700,49300,49900,70000,1.2e+06,1.2e+06,1.2e+06,1.2e+06,1.596e+06,1.596e+06,26.166,76572.256,,,,,,,,,,1,0,0,0,100,100
11204.8,,,,,,,,,,,,,,,,,,,,,,2244,,,,,,,
11235.9,,,,,,,,,,,,,,,,,,,,,,,2242,,,,,,
11706.9,,,,,,,,,,,,,,,,,,,,,,2346,,,,,,,
11739.7,,,,,,,,,,,,,,,,,,,,,,,2344,,,,,,
11994.1,49900,52800,50700,48900,50100,70000,1.2e+06,1.2e+06,1.2e+06,1.2e+06,1.596e+06,1.596e+06,,76580.858,,,,,,,,,,1,0,0,0,100,100
12209,,,,,,,,,,,,,,,,,,,,,,2448,,,,,,,
12243.7,,,,,,,,,,,,,,,,,,,,,,,2446,,,,,,
12711.1,,,,,,,,,,,,,,,,,,,,,,2550,,,,,,,
12747.5,,,,,,,,,,,,,,,,,,,,,,,2548,,,,,,
12994.9,49900,52800,51100,49300,50100,70000,1.2e+06,1.2e+06,1.2e+06,1.2e+06,1.596e+06,1.596e+06,,76589.354,,,,,,,,,,1,0,0,0,100,100
13213.3,,,,,,,,,,,,,,,,,,,,,,2652,,,,,,,
13251.5,,,,,,,,,,,,,,,,,,,,,,,2650,,,,,,
13715.4,,,,,,,,,,,,,,,,,,,,,,2754,,,,,,,
13755.4,,,,,,,,,,,,,,,,,,,,,,,2752,,,,,,
13994.8,49900,52800,50900,49500,49900,70000,1.2e+06,1.2e+06,1.2e+06,1.2e+06,1.596e+06,1.596e+06,,76597.949,,,,,,,,,,1,0,0,0,100,100
14217.6,,,,,,,,,,,,,,,,,,,,,,2856,,,,,,,
14259.3,,,,,,,,,,,,,,,,,,,,,,,2854,,,,,,
14719.7,,,,,,,,,,,,,,,,,,,,,,2958,,,,,,,
14763.2,,,,,,,,,,,,,,,,,,,,,,,2956,,,,,,
14994.3,50100,53000,50900,49700,50100,70000,1.2e+06,1.2e+06,1.2e+06,1.2e+06,1.596e+06,1.596e+06,,76606.483,,,,,,,,,,1,0.990099,0,0,100,100
15221.8,,,,,,,,,,,,,,,,,,,,,,3060,,,,,,,
15267.2,,,,,,,,,,,,,,,,,,,,,,,3058,,,,,,
15724,,,,,,,,,,,,,,,,,,,,,,3162,,,,,,,
15771.1,,,,,,,,,,,,,,,,,,,,,,,3160,,,,,,
15994.5,50100,53000,51100,49700,50100,70000,1.2e+06,1.2e+06,1.2e+06,1.2e+06,1.596e+06,1.596e+06,,76615.102,,,,,,,,,,1.9802,0,0,0,100,100
16226.1,,,,,,,,,,,,,,,,,,,,,,3264,,,,,,,
16275,,,,,,,,,,,,,,,,,,,,,,,3262,,,,,,
16728.2,,,,,,,,,,,,,,,,,,,,,,3366,,,,,,,
16778.9,,,,,,,,,,,,,,,,,,,,,,,3364,,,,,,
16994.8,50300,53000,51100,49700,50100,70000,1.2e+06,1.2e+06,1.2e+06,1.2e+06,1.596e+06,1.596e+06,,76623.648,,,,,,,,,,1,0,0,0,100,100
17230.4,,,,,,,,,,,,,,,,,,,,,,3468,,,,,,,
17282.9,,,,,,,,,,,,,,,,,,,,,,,3466,,,,,,
17732.4,,,,,,,,,,,,,,,,,,,,,,3570,,,,,,,
17786.7,,,,,,,,,,,,,,,,,,,,,,,3568,,,,,,
17995,50300,53000,51300,49700,50100,70000,1.2e+06,1.2e+06,1.2e+06,1.2e+06,1.596e+06,1.596e+06,,76632.282,,,,,,,,,,0,0,0,0.990099,100,100
18234.6,,,,,,,,,,,,,,,,,,,,,,3672,,,,,,,
18290.7,,,,,,,,,,,,,,,,,,,,,,,3670,,,,,,
18736.6,,,,,,,,,,,,,,,,,,,,,,3774,,,,,,,
18794.5,,,,,,,,,,,,,,,,,,,,,,,3772,,,,,,
18994.2,50300,53000,51300,49700,50500,70000,1.2e+06,1.2e+06,1.2e+06,1.2e+06,1.596e+06,1.596e+06,,76640.821,,,,,,,,,,0,0,0,0,100,100
19238.7,,,,,,,,,,,,,,,,,,,,,,3876,,,,,,,
19298.5,,,,,,,,,,,,,,,,,,,,,,,3874,,,,,,
19740.8,,,,,,,,,,,,,,,,,,,,,,3978,,,,,,,
19802.3,,,,,,,,,,,,,,,,,,,,,,,3976,,,,,,
19994.4,50700,53200,51700,50100,50500,70000,1.2e+06,1.2e+06,1.2e+06,1.2e+06,1.596e+06,1.596e+06,,76649.444,,,,,,,,,,1.9802,0,0,0,100,100
20243,,,,,,,,,,,,,,,,,,,,,,4080,,,,,,,
20306.3,,,,,,,,,,,,,,,,,,,,,,,4078,,,,,,
20745.1,,,,,,,,,,,,,,,,,,,,,,4182,,,,,,,
20810.2,,,,,,,,,,,,,,,,,,,,,,,4180,,,,,,
20994.7,50500,53200,51500,50100,50500,70000,1.2e+06,1.2e+06,1.2e+06,1.2e+06,1.596e+06,1.596e+06,26.177,76657.983,,,,,,,,,,1,0,0,0,100,100
21247.3,,,,,,,,,,,,,,,,,,,,,,4284,,,,,,,
21314.1,,,,,,,,,,,,,,,,,,,,,,,4282,,,,,,
21749.3,,,,,,,,,,,,,,,,,,,,,,4386,,,,,,,
21818,,,,,,,,,,,,,,,,,,,,,,,4384,,,,,,
21994.9,50700,53600,51700,50100,50900,70000,1.2e+06,1.2e+06,1.2e+06,1.2e+06,1.596e+06,1.596e+06,,76666.614,,,,,,,,,,0,0,0,0,100,100
22251.4,,,,,,,,,,,,,,,,,,,,,,4488,,,,,,,
22321.9,,,,,,,,,,,,,,,,,,,,,,,4486,,,,,,
22753.5,,,,,,,,,,,,,,,,,,,,,,4590,,,,,,,
22825.8,,,,,,,,,,,,,,,,,,,,,,,4588,,,,,,
22994,50700,53600,51700,50300,50700,70000,1.2e+06,1.2e+06,1.2e+06,1.2e+06,1.596e+06,1.596e+06,,76675.134,,,,,,,,,,0,0,0,0,100,100
23255.7,,,,,,,,,,,,,,,,,,,,,,4692,,,,,,,
23329.7,,,,,,,,,,,,,,,,,,,,,,,4690,,,,,,
23757.8,,,,,,,,,,,,,,,,,,,,,,4794,,,,,,,
23833.6,,,,,,,,,,,,,,,,,,,,,,,4792,,,,,,
23994.9,50700,53600,51700,50100,50900,70000,1.2e+06,1.2e+06,1.2e+06,1.2e+06,1.596e+06,1.596e+06,,76683.759,,,,,,,,,,2.94118,0,0,0,100,100
24260,,,,,,,,,,,,,,,,,,,,,,4896,,,,,,,
24337.6,,,,,,,,,,,,,,,,,,,,,,,4894,,,,,,
24762.1,,,,,,,,,,,,,,,,,,,,,,4998,,,,,,,
24841.5,,,,,,,,,,,,,,,,,,,,,,,4996,,,,,,
24994.6,50900,53800,51900,50500,50900,70000,1.2e+06,1.2e+06,1.2e+06,1.2e+06,1.596e+06,1.596e+06,,76692.323,,,,,,,,,,0,0,0,0,100,100
25264.2,,,,,,,,,,,,,,,,,,,,,,5100,,,,,,,
25340.5,,,,,,,,,,,,,,,,,,,,,,,5097,,,,,,
25766.3,,,,,,,,,,,,,,,,,,,,,,5202,,,,,,,
25844.4,,,,,,,,,,,,,,,,,,,,,,,5199,,,,,,
25994.7,51100,54000,51900,50500,50900,70000,1.2e+06,1.2e+06,1.2e+06,1.2e+06,1.596e+06,1.596e+06,,76700.956,,,,,,,,,,0,0,0,0,100,100
26268.4,,,,,,,,,,,,,,,,,,,,,,5304,,,,,,,
26348.4,,,,,,,,,,,,,,,,,,,,,,,5301,,,,,,
26770.5,,,,,,,,,,,,,,,,,,,,,,5406,,,,,,,
26852.2,,,,,,,,,,,,,,,,,,,,,,,5403,,,,,,
26994,50900,53800,52100,50500,50900,70000,1.2e+06,1.2e+06,1.2e+06,1.2e+06,1.596e+06,1.596e+06,,76709.588,,,,,,,,,,0,0,0,0,100,100
27272.7,,,,,,,,,,,,,,,,,,,,,,5508,,,,,,,
27356.2,,,,,,,,,,,,,,,,,,,,,,,5505,,,,,,
27774.8,,,,,,,,,,,,,,,,,,,,,,5610,,,,,,,
27860,,,,,,,,,,,,,,,,,,,,,,,5607,,,,,,
27994.2,51300,54000,52100,50900,50900,70000,1.2e+06,1.2e+06,1.2e+06,1.2e+06,1.596e+06,1.596e+06,,76718.140,,,,,,,,,,1.9802,0,0,0,100,100
28276.9,,,,,,,,,,,,,,,,,,,,,,5712,,,,,,,
28364,,,,,,,,,,,,,,,,,,,,,,,5709,,,,,,
28779,,,,,,,,,,,,,,,,,,,,,,5814,,,,,,,
28867.8,,,,,,,,,,,,,,,,,,,,,,,5811,,,,,,
28994.3,50900,54000,52300,50700,51300,70000,1.2e+06,1.2e+06,1.2e+06,1.2e+06,1.596e+06,1.596e+06,,76726.782,,,,,,,,,,1,0,0,0,100,100
29281.1,,,,,,,,,,,,,,,,,,,,,,5916,,,,,,,
29371.8,,,,,,,,,,,,,,,,,,,,,,,5913,,,,,,
29783.2,,,,,,,,,,,,,,,,,,,,,,6018,,,,,,,
29875.6,,,,,,,,,,,,,,,,,,,,,,,6015,,,,,,
29994.2,51300,54000,52300,50900,51300,70000,1.2e+06,1.2e+06,1.2e+06,1.2e+06,1.596e+06,1.596e+06,,76735.302,,,,,,,,,,1,0,0,0,100,100
30285.4,,,,,,,,,,,,,,,,,,,,,,6120,,,,,,,
30379.6,,,,,,,,,,,,,,,,,,,,,,,6117,,,,,,
30787.5,,,,,,,,,,,,,,,,,,,,,,6222,,,,,,,
30883.5,,,,,,,,,,,,,,,,,,,,,,,6219,,,,,,
30994.2,51300,54000,52500,51100,51300,70000,1.2e+06,1.2e+06,1.2e+06,1.2e+06,1.596e+06,1.596e+06,26.166,76743.940,,,,,,,,,,1.9802,1,0,0,100,100
31289.7,,,,,,,,,,,,,,,,,,,,,,6324,,,,,,,
31382.5,,,,,,,,,,,,,,,,,,,,,,,6320,,,,,,
31791.8,,,,,,,,,,,,,,,,,,,,,,6426,,,,,,,
31886.4,,,,,,,,,,,,,,,,,,,,,,,6422,,,,,,
31994.3,51500,54000,52500,50900,51300,70000,1.2e+06,1.2e+06,1.2e+06,1.2e+06,1.596e+06,1.596e+06,,76752.496,,,,,,,,,,0,0,0,0,100,100
32293.9,,,,,,,,,,,,,,,,,,,,,,6528,,,,,,,
32390.3,,,,,,,,,,,,,,,,,,,,,,,6524,,,,,,
32796,,,,,,,,,,,,,,,,,,,,,,6630,,,,,,,
32894.2,,,,,,,,,,,,,,,,,,,,,,,6626,,,,,,
32994.4,51700,54200,52500,50900,51700,70000,1.2e+06,1.2e+06,1.2e+06,1.2e+06,1.596e+06,1.596e+06,,76759.011,,,,,,,,,,0,0,0,0,100,100
33298.1,,,,,,,,,,,,,,,,,,,,,,6732,,,,,,,
33398.1,,,,,,,,,,,,,,,,,,,,,,,6728,,,,,,
33800.2,,,,,,,,,,,,,,,,,,,,,,6834,,,,,,,
33902,,,,,,,,,,,,,,,,,,,,,,,6830,,,,,,
33994.2,51500,54200,52500,50900,51300,70000,1.2e+06,1.2e+06,1.2e+06,1.2e+06,1.596e+06,1.596e+06,,76767.577,,,,,,,,,,0,1,0,0,100,100
34302.4,,,,,,,,,,,,,,,,,,,,,,6936,,,,,,,
34405.9,,,,,,,,,,,,,,,,,,,,,,,6932,,,,,,
34804.5,,,,,,,,,,,,,,,,,,,,,,7038,,,,,,,
34909.8,,,,,,,,,,,,,,,,,,,,,,,7034,,,,,,
34995,51700,54600,52500,51300,51500,70000,1.2e+06,1.2e+06,1.2e+06,1.2e+06,1.596e+06,1.596e+06,,76776.232,,,,,,,,,,1,0,0,0,100,100
35306.6,,,,,,,,,,,,,,,,,,,,,,7140,,,,,,,
35413.7,,,,,,,,,,,,,,,,,,,,,,,7136,,,,,,
35808.6,,,,,,,,,,,,,,,,,,,,,,7242,,,,,,,
35917.5,,,,,,,,,,,,,,,,,,,,,,,7238,,,,,,
35994.3,51700,54600,52800,51300,51700,70000,1.2e+06,1.2e+06,1.2e+06,1.2e+06,1.596e+06,1.596e+06,,76784.809,,,,,,,,,,0,0,0,0,100,100
36310.7,,,,,,,,,,,,,,,,,,,,,,7344,,,,,,,
36421.5,,,,,,,,,,,,,,,,,,,,,,,7340,,,,,,
36812.8,,,,,,,,,,,,,,,,,,,,,,7446,,,,,,,
36925.3,,,,,,,,,,,,,,,,,,,,,,,7442,,,,,,
36994.5,51900,54800,52800,51300,51700,70000,1.2e+06,1.2e+06,1.2e+06,1.2e+06,1.596e+06,1.596e+06,,76793.476,,,,,,,,,,0,0,0,0,100,100
37314.9,,,,,,,,,,,,,,,,,,,,,,7548,,,,,,,
37429.2,,,,,,,,,,,,,,,,,,,,,,,7544,,,,,,
37817,,,,,,,,,,,,,,,,,,,,,,7650,,,,,,,
37933.1,,,,,,,,,,,,,,,,,,,,,,,7646,,,,,,
37994.7,52100,54800,52800,51700,51700,70000,1.2e+06,1.2e+06,1.2e+06,1.2e+06,1.596e+06,1.596e+06,,76802.040,,,,,,,,,,0,1,0,0,100,100
38319.1,,,,,,,,,,,,,,,,,,,,,,7752,,,,,,,
38437,,,,,,,,,,,,,,,,,,,,,,,7748,,,,,,
38821.3,,,,,,,,,,,,,,,,,,,,,,7854,,,,,,,
38940.8,,,,,,,,,,,,,,,,,,,,,,,7850,,,,,,
38995,51900,54800,52800,51700,51700,70000,1.2e+06,1.2e+06,1.2e+06,1.2e+06,1.596e+06,1.596e+06,,76810.719,,,,,,,,,,1.9802,0,0.990099,0,100,100
39323.4,,,,,,,,,,,,,,,,,,,,,,7956,,,,,,,
39444.7,,,,,,,,,,,,,,,,,,,,,,,7952,,,,,,
39825.5,,,,,,,,,,,,,,,,,,,,,,8058,,,,,,,
39948.6,,,,,,,,,,,,,,,,,,,,,,,8054,,,,,,
39994.2,51900,54600,52800,51700,51700,70000,1.2e+06,1.2e+06,1.2e+06,1.2e+06,1.596e+06,1.596e+06,,76819.402,,,,,,,,,,0,0,0,0,100,100
40327.6,,,,,,,,,,,,,,,,,,,,,,8160,,,,,,,
40452.5,,,,,,,,,,,,,,,,,,,,,,,8156,,,,,,
40829.6,,,,,,,,,,,,,,,,,,,,,,8262,,,,,,,
40956.3,,,,,,,,,,,,,,,,,,,,,,,8258,,,,,,
40994.4,52100,54800,53000,51300,51900,70000,1.2e+06,1.2e+06,1.2e+06,1.2e+06,1.596e+06,1.596e+06,26.187,76827.991,,,,,,,,,,1,0,0,0,100,100
41331.8,,,,,,,,,,,,,,,,,,,,,,8364,,,,,,,
41460.3,,,,,,,,,,,,,,,,,,,,,,,8360,,,,,,
41833.9,,,,,,,,,,,,,,,,,,,,,,8466,,,,,,,
41964.2,,,,,,,,,,,,,,,,,,,,,,,8462,,,,,,
41994.6,52100,55200,53200,51700,51700,70000,1.2e+06,1.2e+06,1.2e+06,1.2e+06,1.596e+06,1.596e+06,,76836.588,,,,,,,,,,0,0,0,0,100,100
42336.1,,,,,,,,,,,,,,,,,,,,,,8568,,,,,,,
42468.1,,,,,,,,,,,,,,,,,,,,,,,8564,,,,,,
42838.2,,,,,,,,,,,,,,,,,,,,,,8670,,,,,,,
42971.9,,,,,,,,,,,,,,,,,,,,,,,8666,,,,,,
42994.1,52100,55000,53200,51700,52100,70000,1.2e+06,1.2e+06,1.2e+06,1.2e+06,1.596e+06,1.596e+06,,76845.269,,,,,,,,,,2.94118,0,0,0,100,100
43340.4,,,,,,,,,,,,,,,,,,,,,,8772,,,,,,,
43475.9,,,,,,,,,,,,,,,,,,,,,,,8768,,,,,,
43842.4,,,,,,,,,,,,,,,,,,,,,,8874,,,,,,,
43979.8,,,,,,,,,,,,,,,,,,,,,,,8870,,,,,,
43994.9,52300,55000,53200,51700,52100,70000,1.2e+06,1.2e+06,1.2e+06,1.2e+06,1.596e+06,1.596e+06,,76853.873,,,,,,,,,,1,0,0,0,100,100
44344.6,,,,,,,,,,,,,,,,,,,,,,8976,,,,,,,
44483.7,,,,,,,,,,,,,,,,,,,,,,,8972,,,,,,
44846.6,,,,,,,,,,,,,,,,,,,,,,9078,,,,,,,
44987.5,,,,,,,,,,,,,,,,,,,,,,,9074,,,,,,
44994.7,52300,54800,53200,51700,52100,70000,1.2e+06,1.2e+06,1.2e+06,1.2e+06,1.596e+06,1.596e+06,,76862.556,,,,,,,,,,0,0,0.990099,0,100,100
45348.8,,,,,,,,,,,,,,,,,,,,,,9180,,,,,,,
45491.5,,,,,,,,,,,,,,,,,,,,,,,9176,,,,,,
45850.9,,,,,,,,,,,,,,,,,,,,,,9282,,,,,,,
45994,52500,55200,53400,51900,52100,70000,1.2e+06,1.2e+06,1.2e+06,1.2e+06,1.596e+06,1.596e+06,,76871.152,,,,,,,,,,0,0,0,0,100,100
45995.4,,,,,,,,,,,,,,,,,,,,,,,9278,,,,,,
46353,,,,,,,,,,,,,,,,,,,,,,9384,,,,,,,
46499.3,,,,,,,,,,,,,,,,,,,,,,,9380,,,,,,
46855.1,,,,,,,,,,,,,,,,,,,,,,9486,,,,,,,
46994.8,52500,54800,53200,52100,52300,70000,1.2e+06,1.2e+06,1.2e+06,1.2e+06,1.596e+06,1.596e+06,,76879.851,,,,,,,,,,1.9802,0,0,0,100,100
47003.1,,,,,,,,,,,,,,,,,,,,,,,9482,,,,,,
47357.2,,,,,,,,,,,,,,,,,,,,,,9588,,,,,,,
47507.1,,,,,,,,,,,,,,,,,,,,,,,9584,,,,,,
47859.3,,,,,,,,,,,,,,,,,,,,,,9690,,,,,,,
47994.6,52500,55200,53600,52100,52100,70000,1.2e+06,1.2e+06,1.2e+06,1.2e+06,1.596e+06,1.596e+06,,76888.453,,,,,,,,,,0,0,0,0,100,100
48010.9,,,,,,,,,,,,,,,,,,,,,,,9686,,,,,,
48361.5,,,,,,,,,,,,,,,,,,,,,,9792,,,,,,,
48514.9,,,,,,,,,,,,,,,,,,,,,,,9788,,,,,,
48863.6,,,,,,,,,,,,,,,,,,,,,,9894,,,,,,,
48994.4,52500,55400,53600,51900,52500,70000,1.2e+06,1.2e+06,1.2e+06,1.2e+06,1.596e+06,1.596e+06,,76897.154,,,,,,,,,,1,0,0,0,100,100
49018.7,,,,,,,,,,,,,,,,,,,,,,,9890,,,,,,
49365.7,,,,,,,,,,,,,,,,,,,,,,9996,,,,,,,
49522.6,,,,,,,,,,,,,,,,,,,,,,,9992,,,,,,
49867.8,,,,,,,,,,,,,,,,,,,,,,10098,,,,,,,
49994.2,52500,55400,53600,52300,52500,70000,1.2e+06,1.2e+06,1.2e+06,1.2e+06,1.596e+06,1.596e+06,,76905.853,,,,,,,,,,0,0,0,0,100,100
50026.4,,,,,,,,,,,,,,,,,,,,,,,10094,,,,,,
50369.9,,,,,,,,,,,,,,,,,,,,,,10200,,,,,,,
50530.4,,,,,,,,,,,,,,,,,,,,,,,10196,,,,,,
50872,,,,,,,,,,,,,,,,,,,,,,10302,,,,,,,
50994.7,52500,55400,53400,52100,52500,70000,1.2e+06,1.2e+06,1.2e+06,1.2e+06,1.596e+06,1.596e+06,26.177,76914.473,,,,,,,,,,1.96078,0,0,0,100,100
51034.2,,,,,,,,,,,,,,,,,,,,,,,10298,,,,,,
51374.1,,,,,,,,,,,,,,,,,,,,,,10404,,,,,,,
51538.1,,,,,,,,,,,,,,,,,,,,,,,10400,,,,,,
51876.2,,,,,,,,,,,,,,,,,,,,,,10506,,,,,,,
51994.2,52500,55600,53600,52100,52600,70000,1.2e+06,1.2e+06,1.2e+06,1.2e+06,1.596e+06,1.596e+06,,76923.153,,,,,,,,,,0,0,0,0,100,100
52041.9,,,,,,,,,,,,,,,,,,,,,,,10502,,,,,,
52378.3,,,,,,,,,,,,,,,,,,,,,,10608,,,,,,,
52545.9,,,,,,,,,,,,,,,,,,,,,,,10604,,,,,,
52880.4,,,,,,,,,,,,,,,,,,,,,,10710,,,,,,,
52994.4,52500,55400,53600,52100,52600,70000,1.2e+06,1.2e+06,1.2e+06,1.2e+06,1.596e+06,1.596e+06,,76931.771,,,,,,,,,,1,0,0,0,100,100
53049.8,,,,,,,,,,,,,,,,,,,,,,,10706,,,,,,
53382.5,,,,,,,,,,,,,,,,,,,,,,10812,,,,,,,
53553.7,,,,,,,,,,,,,,,,,,,,,,,10808,,,,,,
53884.6,,,,,,,,,,,,,,,,,,,,,,10914,,,,,,,
53994.6,52600,55600,53600,52100,52500,70000,1.2e+06,1.2e+06,1.2e+06,1.2e+06,1.596e+06,1.596e+06,,76940.484,,,,,,,,,,0,0,0,0,100,100
54057.6,,,,,,,,,,,,,,,,,,,,,,,10910,,,,,,
54386.8,,,,,,,,,,,,,,,,,,,,,,11016,,,,,,,
54561.5,,,,,,,,,,,,,,,,,,,,,,,11012,,,,,,
54888.9,,,,,,,,,,,,,,,,,,,,,,11118,,,,,,,
54994.9,52800,55600,53400,52300,52500,70000,1.2e+06,1.2e+06,1.2e+06,1.2e+06,1.596e+06,1.596e+06,,76949.215,,,,,,,,,,1,0,0,0,100,100
55065.3,,,,,,,,,,,,,,,,,,,,,,,11114,,,,,,
55391,,,,,,,,,,,,,,,,,,,,,,11220,,,,,,,
55569.3,,,,,,,,,,,,,,,,,,,,,,,11216,,,,,,
55893.1,,,,,,,,,,,,,,,,,,,,,,11322,,,,,,,
55994,52600,55800,53800,52100,52500,70000,1.2e+06,1.2e+06,1.2e+06,1.2e+06,1.596e+06,1.596e+06,,76957.850,,,,,,,,,,0,0,0,0,100,100
56073.1,,,,,,,,,,,,,,,,,,,,,,,11318,,,,,,
56395.2,,,,,,,,,,,,,,,,,,,,,,11424,,,,,,,
56577,,,,,,,,,,,,,,,,,,,,,,,11420,,,,,,
56897.2,,,,,,,,,,,,,,,,,,,,,,11526,,,,,,,
56994.2,52800,55800,53800,52500,52600,70000,1.2e+06,1.2e+06,1.2e+06,1.2e+06,1.596e+06,1.596e+06,,76966.572,,,,,,,,,,1,0,0,0,100,100
57080.9,,,,,,,,,,,,,,,,,,,,,,,11522,,,,,,
57399.4,,,,,,,,,,,,,,,,,,,,,,11628,,,,,,,
57584.8,,,,,,,,,,,,,,,,,,,,,,,11624,,,,,,
57901.5,,,,,,,,,,,,,,,,,,,,,,11730,,,,,,,
57994.5,52800,55800,54000,52500,52800,70000,1.2e+06,1.2e+06,1.2e+06,1.2e+06,1.596e+06,1.596e+06,,76975.230,,,,,,,,,,1,0,0,0.990099,100,100
58088.6,,,,,,,,,,,,,,,,,,,,,,,11726,,,,,,
58403.7,,,,,,,,,,,,,,,,,,,,,,11832,,,,,,,
58592.6,,,,,,,,,,,,,,,,,,,,,,,11828,,,,,,
58905.7,,,,,,,,,,,,,,,,,,,,,,11934,,,,,,,
58994.7,53000,55800,54200,52500,52600,70000,1.2e+06,1.2e+06,1.2e+06,1.2e+06,1.596e+06,1.596e+06,,76983.975,,,,,,,,,,1.9802,0,0,0,100,100
59096.4,,,,,,,,,,,,,,,,,,,,,,,11930,,,,,,
59407.9,,,,,,,,,,,,,,,,,,,,,,12036,,,,,,,
59600.4,,,,,,,,,,,,,,,,,,,,,,,12032,,,,,,
59909.9,,,,,,,,,,,,,,,,,,,,,,12138,,,,,,,
59994.8,53000,56000,54200,52500,52800,70000,1.2e+06,1.2e+06,1.2e+06,1.2e+06,1.596e+06,1.596e+06,,76992.707,,,,,,,,,,0,0,0,0,100,100
60104.2,,,,,,,,,,,,,,,,,,,,,,,12134,,,,,,
60412,,,,,,,,,,,,,,,,,,,,,,12240,,,,,,,
60608.1,,,,,,,,,,,,,,,,,,,,,,,12236,,,,,,
60914.1,,,,,,,,,,,,,,,,,,,,,,12342,,,,,,,
60994,53200,56000,54000,52500,52800,70000,1.2e+06,1.2e+06,1.2e+06,1.2e+06,1.596e+06,1.596e+06,26.187,77001.377,,,,,,,,,,1.0101,0,0,0,100,100
61111.9,,,,,,,,,,,,,,,,,,,,,,,12338,,,,,,
61416.2,,,,,,,,,,,,,,,,,,,,,,12444,,,,,,,
61615.8,,,,,,,,,,,,,,,,,,,,,,,12440,,,,,,
61918.3,,,,,,,,,,,,,,,,,,,,,,12546,,,,,,,
61994.3,53200,56000,54400,52800,53000,70000,1.2e+06,1.2e+06,1.2e+06,1.2e+06,1.596e+06,1.596e+06,,77010.129,,,,,,,,,,0,0,0,0,100,100
62119.7,,,,,,,,,,,,,,,,,,,,,,,12542,,,,,,
62420.4,,,,,,,,,,,,,,,,,,,,,,12648,,,,,,,
62623.6,,,,,,,,,,,,,,,,,,,,,,,12644,,,,,,
62922.5,,,,,,,,,,,,,,,,,,,,,,12750,,,,,,,
62995,53200,56000,54200,52800,52800,70000,1.2e+06,1.2e+06,1.2e+06,1.2e+06,1.596e+06,1.596e+06,,77018.795,,,,,,,,,,1,0,0,0,100,100
63127.4,,,,,,,,,,,,,,,,,,,,,,,12746,,,,,,
63424.6,,,,,,,,,,,,,,,,,,,,,,12852,,,,,,,
63631.3,,,,,,,,,,,,,,,,,,,,,,,12848,,,,,,
63926.7,,,,,,,,,,,,,,,,,,,,,,12954,,,,,,,
63994.8,53200,56200,54200,52800,53200,70000,1.2e+06,1.2e+06,1.2e+06,1.2e+06,1.596e+06,1.596e+06,,77027.557,,,,,,,,,,1,0.990099,0,0,100,100
64135.3,,,,,,,,,,,,,,,,,,,,,,,12950,,,,,,
64428.8,,,,,,,,,,,,,,,,,,,,,,13056,,,,,,,
64639.1,,,,,,,,,,,,,,,,,,,,,,,13052,,,,,,
64930.9,,,,,,,,,,,,,,,,,,,,,,13158,,,,,,,
64994.5,53200,56400,54200,52800,53000,70000,1.2e+06,1.2e+06,1.2e+06,1.2e+06,1.596e+06,1.596e+06,,77036.217,,,,,,,,,,0,1,0,0,100,100
65143,,,,,,,,,,,,,,,,,,,,,,,13154,,,,,,
65433,,,,,,,,,,,,,,,,,,,,,,13260,,,,,,,
65646.9,,,,,,,,,,,,,,,,,,,,,,,13256,,,,,,
65935.1,,,,,,,,,,,,,,,,,,,,,,13362,,,,,,,
65994.3,53600,56400,54800,53000,53200,70000,1.2e+06,1.2e+06,1.2e+06,1.2e+06,1.596e+06,1.596e+06,,77044.987,,,,,,,,,,1.9802,0,0,0,100,100
66150.8,,,,,,,,,,,,,,,,,,,,,,,13358,,,,,,
66437.2,,,,,,,,,,,,,,,,,,,,,,13464,,,,,,,
66654.6,,,,,,,,,,,,,,,,,,,,,,,13460,,,,,,
66939.3,,,,,,,,,,,,,,,,,,,,,,13566,,,,,,,
66995,53600,56400,54600,52800,53200,70000,1.2e+06,1.2e+06,1.2e+06,1.2e+06,1.596e+06,1.596e+06,,77053.640,,,,,,,,,,1,0,0,0,100,100
67158.5,,,,,,,,,,,,,,,,,,,,,,,13562,,,,,,
67441.4,,,,,,,,,,,,,,,,,,,,,,13668,,,,,,,
67662.4,,,,,,,,,,,,,,,,,,,,,,,13664,,,,,,
67943.5,,,,,,,,,,,,,,,,,,,,,,13770,,,,,,,
67994.8,53200,56400,54400,52800,53200,70000,1.2e+06,1.2e+06,1.2e+06,1.2e+06,1.596e+06,1.596e+06,,77062.407,,,,,,,,,,0,0,0,0,100,100
68166.3,,,,,,,,,,,,,,,,,,,,,,,13766,,,,,,
68445.6,,,,,,,,,,,,,,,,,,,,,,13872,,,,,,,
68670.2,,,,,,,,,,,,,,,,,,,,,,,13868,,,,,,
68947.9,,,,,,,,,,,,,,,,,,,,,,13974,,,,,,,
68994.8,53400,56200,54600,52800,53200,70000,1.2e+06,1.2e+06,1.2e+06,1.2e+06,1.596e+06,1.596e+06,,77071.081,,,,,,,,,,1,0,0,0,100,100
69174.4,,,,,,,,,,,,,,,,,,,,,,,13970,,,,,,
69450.1,,,,,,,,,,,,,,,,,,,,,,14076,,,,,,,
69678.2,,,,,,,,,,,,,,,,,,,,,,,14072,,,,,,
69952.1,,,,,,,,,,,,,,,,,,,,,,14178,,,,,,,
69994.6,53800,56600,54600,53200,53400,70000,1.2e+06,1.2e+06,1.2e+06,1.2e+06,1.596e+06,1.596e+06,,77079.829,,,,,,,,,,1,0,1,0,100,100
70182.2,,,,,,,,,,,,,,,,,,,,,,,14174,,,,,,
70454.2,,,,,,,,,,,,,,,,,,,,,,14280,,,,,,,
70686,,,,,,,,,,,,,,,,,,,,,,,14276,,,,,,
70956.3,,,,,,,,,,,,,,,,,,,,,,14382,,,,,,,
70994.5,53600,56400,54800,52800,53200,70000,1.2e+06,1.2e+06,1.2e+06,1.2e+06,1.596e+06,1.596e+06,26.187,77088.487,,,,,,,,,,0,0,0,0,100,100
71189.9,,,,,,,,,,,,,,,,,,,,,,,14378,,,,,,
71458.4,,,,,,,,,,,,,,,,,,,,,,14484,,,,,,,
71693.7,,,,,,,,,,,,,,,,,,,,,,,14480,,,,,,
71960.5,,,,,,,,,,,,,,,,,,,,,,14586,,,,,,,
71994.7,53600,56400,54600,53200,53200,70000,1.2e+06,1.2e+06,1.2e+06,1.2e+06,1.596e+06,1.596e+06,,77097.230,,,,,,,,,,0,0,1,0,100,100
72197.7,,,,,,,,,,,,,,,,,,,,,,,14582,,,,,,
72462.6,,,,,,,,,,,,,,,,,,,,,,14688,,,,,,,
72701.6,,,,,,,,,,,,,,,,,,,,,,,14684,,,,,,
72964.7,,,,,,,,,,,,,,,,,,,,,,14790,,,,,,,
72994.8,53600,56800,55000,53000,53200,70000,1.2e+06,1.2e+06,1.2e+06,1.2e+06,1.596e+06,1.596e+06,,77105.916,,,,,,,,,,0,0,0,0,100,100
73205.5,,,,,,,,,,,,,,,,,,,,,,,14786,,,,,,
73466.8,,,,,,,,,,,,,,,,,,,,,,14892,,,,,,,
73709.4,,,,,,,,,,,,,,,,,,,,,,,14888,,,,,,
73968.9,,,,,,,,,,,,,,,,,,,,,,14994,,,,,,,
73994,53600,56800,54800,53200,53400,70000,1.2e+06,1.2e+06,1.2e+06,1.2e+06,1.596e+06,1.596e+06,,77114.656,,,,,,,,,,1,0,0,0,100,100
74213.4,,,,,,,,,,,,,,,,,,,,,,,14990,,,,,,
74471,,,,,,,,,,,,,,,,,,,,,,15096,,,,,,,
74717.2,,,,,,,,,,,,,,,,,,,,,,,15092,,,,,,
74973.1,,,,,,,,,,,,,,,,,,,,,,15198,,,,,,,
74994.2,53800,56600,54800,53200,53600,70000,1.2e+06,1.2e+06,1.2e+06,1.2e+06,1.596e+06,1.596e+06,,77123.331,,,,,,,,,,0,0,1,0,100,100
75221.2,,,,,,,,,,,,,,,,,,,,,,,15194,,,,,,
75475.2,,,,,,,,,,,,,,,,,,,,,,15300,,,,,,,
75725,,,,,,,,,,,,,,,,,,,,,,,15296,,,,,,
75977.2,,,,,,,,,,,,,,,,,,,,,,15402,,,,,,,
75994.4,54000,56800,55000,53400,53800,70000,1.2e+06,1.2e+06,1.2e+06,1.2e+06,1.596e+06,1.596e+06,,77131.981,,,,,,,,,,0,1,0,0,100,100
76229,,,,,,,,,,,,,,,,,,,,,,,15398,,,,,,
76479.4,,,,,,,,,,,,,,,,,,,,,,15504,,,,,,,
76732.8,,,,,,,,,,,,,,,,,,,,,,,15500,,,,,,
76981.4,,,,,,,,,,,,,,,,,,,,,,15606,,,,,,,
76994.6,53800,56800,55000,53600,53600,70000,1.2e+06,1.2e+06,1.2e+06,1.2e+06,1.596e+06,1.596e+06,,77140.717,,,,,,,,,,0,0,0,0,100,100
77236.8,,,,,,,,,,,,,,,,,,,,,,,15602,,,,,,
77483.6,,,,,,,,,,,,,,,,,,,,,,15708,,,,,,,
77740.7,,,,,,,,,,,,,,,,,,,,,,,15704,,,,,,
77985.6,,,,,,,,,,,,,,,,,,,,,,15810,,,,,,,
77994.8,54000,56800,55000,53200,53600,70000,1.2e+06,1.2e+06,1.2e+06,1.2e+06,1.596e+06,1.596e+06,,77149.452,,,,,,,,,,1,0,0,0,100,100
78244.6,,,,,,,,,,,,,,,,,,,,,,,15806,,,,,,
78487.7,,,,,,,,,,,,,,,,,,,,,,15912,,,,,,,
78748.4,,,,,,,,,,,,,,,,,,,,,,,15908,,,,,,
78989.7,,,,,,,,,,,,,,,,,,,,,,16014,,,,,,,
78994.9,54000,56800,54800,53400,53600,70000,1.2e+06,1.2e+06,1.2e+06,1.2e+06,1.596e+06,1.596e+06,,77158.106,,,,,,,,,,0,0,1,0,100,100
79252.4,,,,,,,,,,,,,,,,,,,,,,,16010,,,,,,
79491.8,,,,,,,,,,,,,,,,,,,,,,16116,,,,,,,
79756.2,,,,,,,,,,,,,,,,,,,,,,,16112,,,,,,
79993.8,,,,,,,,,,,,,,,,,,,,,,16218,,,,,,,
79994.9,54000,57000,55000,53200,53800,70000,1.2e+06,1.2e+06,1.2e+06,1.2e+06,1.596e+06,1.596e+06,,77166.855,,,,,,,,,,0,0,0,0,100,100
80260.2,,,,,,,,,,,,,,,,,,,,,,,16214,,,,,,
80496,,,,,,,,,,,,,,,,,,,,,,16320,,,,,,,
80764,,,,,,,,,,,,,,,,,,,,,,,16316,,,,,,
80994.9,54000,56800,54800,53400,53600,70000,1.2e+06,1.2e+06,1.2e+06,1.2e+06,1.596e+06,1.596e+06,26.198,77173.337,,,,,,,,,,0,0,1,0,100,100
80998,,,,,,,,,,,,,,,,,,,,,,16422,,,,,,,
81268,,,,,,,,,,,,,,,,,,,,,,,16418,,,,,,
81500.2,,,,,,,,,,,,,,,,,,,,,,16524,,,,,,,
81771.8,,,,,,,,,,,,,,,,,,,,,,,16520,,,,,,
81994.1,54000,57000,55000,53400,53600,70000,1.2e+06,1.2e+06,1.2e+06,1.2e+06,1.596e+06,1.596e+06,,77182.063,,,,,,,,,,0.990099,0,1,0,100,100
82002.2,,,,,,,,,,,,,,,,,,,,,,16626,,,,,,,
82275.7,,,,,,,,,,,,,,,,,,,,,,,16622,,,,,,
82504.4,,,,,,,,,,,,,,,,,,,,,,16728,,,,,,,
82779.6,,,,,,,,,,,,,,,,,,,,,,,16724,,,,,,
82994.3,54000,57000,54800,53600,53600,70000,1.2e+06,1.2e+06,1.2e+06,1.2e+06,1.596e+06,1.596e+06,,77190.707,,,,,,,,,,0,0,0,0,100,100
83006.5,,,,,,,,,,,,,,,,,,,,,,16830,,,,,,,
83283.6,,,,,,,,,,,,,,,,,,,,,,,16826,,,,,,
83508.6,,,,,,,,,,,,,,,,,,,,,,16932,,,,,,,
83787.4,,,,,,,,,,,,,,,,,,,,,,,16928,,,,,,
83994.5,54000,57000,55200,53200,53800,70000,1.2e+06,1.2e+06,1.2e+06,1.2e+06,1.596e+06,1.596e+06,,77199.445,,,,,,,,,,0.990099,0,0,0,100,100
84010.7,,,,,,,,,,,,,,,,,,,,,,17034,,,,,,,
84291.4,,,,,,,,,,,,,,,,,,,,,,,17030,,,,,,
84512.8,,,,,,,,,,,,,,,,,,,,,,17136,,,,,,,
84795.2,,,,,,,,,,,,,,,,,,,,,,,17132,,,,,,
84994.7,54000,57200,55200,54000,54000,70000,1.2e+06,1.2e+06,1.2e+06,1.2e+06,1.596e+06,1.596e+06,,77208.179,,,,,,,,,,1,0,0.990099,0,100,100
85014.9,,,,,,,,,,,,,,,,,,,,,,17238,,,,,,,
85299.1,,,,,,,,,,,,,,,,,,,,,,,17234,,,,,,
85517,,,,,,,,,,,,,,,,,,,,,,17340,,,,,,,
85803,,,,,,,,,,,,,,,,,,,,,,,17336,,,,,,
85994.9,54000,57000,55200,53600,54000,70000,1.2e+06,1.2e+06,1.2e+06,1.2e+06,1.596e+06,1.596e+06,,77216.819,,,,,,,,,,0,0,0,0,100,100
86019,,,,,,,,,,,,,,,,,,,,,,17442,,,,,,,
86306.9,,,,,,,,,,,,,,,,,,,,,,,17438,,,,,,
86521.2,,,,,,,,,,,,,,,,,,,,,,17544,,,,,,,
86810.8,,,,,,,,,,,,,,,,,,,,,,,17540,,,,,,
86994,54200,57200,55200,53600,54000,70000,1.2e+06,1.2e+06,1.2e+06,1.2e+06,1.596e+06,1.596e+06,,77225.557,,,,,,,,,,0,0,1,0,100,100
87023.2,,,,,,,,,,,,,,,,,,,,,,17646,,,,,,,
87314.7,,,,,,,,,,,,,,,,,,,,,,,17642,,,,,,
87525.3,,,,,,,,,,,,,,,,,,,,,,17748,,,,,,,
87818.5,,,,,,,,,,,,,,,,,,,,,,,17744,,,,,,
87994.3,54200,57200,55200,53600,54000,70000,1.2e+06,1.2e+06,1.2e+06,1.2e+06,1.596e+06,1.596e+06,,77234.196,,,,,,,,,,0,0,0,0,100,100
88027.5,,,,,,,,,,,,,,,,,,,,,,17850,,,,,,,
88322.5,,,,,,,,,,,,,,,,,,,,,,,17846,,,,,,
88529.6,,,,,,,,,,,,,,,,,,,,,,17952,,,,,,,
88826.3,,,,,,,,,,,,,,,,,,,,,,,17948,,,,,,
88994.5,54200,57000,55200,53600,53800,70000,1.2e+06,1.2e+06,1.2e+06,1.2e+06,1.596e+06,1.596e+06,,77242.931,,,,,,,,,,0.990099,0,1,0,100,100
89031.7,,,,,,,,,,,,,,,,,,,,,,18054,,,,,,,
89330.2,,,,,,,,,,,,,,,,,,,,,,,18050,,,,,,
89533.8,,,,,,,,,,,,,,,,,,,,,,18156,,,,,,,
89834.1,,,,,,,,,,,,,,,,,,,,,,,18152,,,,,,
89994.4,54200,57400,55400,54000,54000,70000,1.2e+06,1.2e+06,1.2e+06,1.2e+06,1.596e+06,1.596e+06,,77251.594,,,,,,,,,,0,0.990099,0.990099,0,100,100
90035.9,,,,,,,,,,,,,,,,,,,,,,18258,,,,,,,
90338.1,,,,,,,,,,,,,,,,,,,,,,,18254,,,,,,
90538,,,,,,,,,,,,,,,,,,,,,,18360,,,,,,,
90841.8,,,,,,,,,,,,,,,,,,,,,,,18356,,,,,,
90995,54400,57200,55400,53600,53800,70000,1.2e+06,1.2e+06,1.2e+06,1.2e+06,1.596e+06,1.596e+06,26.22,77260.325,,,,,,,,,,0,0,0,0,100,100
91040,,,,,,,,,,,,,,,,,,,,,,18462,,,,,,,
91345.7,,,,,,,,,,,,,,,,,,,,,,,18458,,,,,,
91542.1,,,,,,,,,,,,,,,,,,,,,,18564,,,,,,,
91849.6,,,,,,,,,,,,,,,,,,,,,,,18560,,,,,,
91994.2,54400,57400,55400,53800,54000,70000,1.2e+06,1.2e+06,1.2e+06,1.2e+06,1.596e+06,1.596e+06,,77268.959,,,,,,,,,,0,0,0.990099,0,100,100
92044.2,,,,,,,,,,,,,,,,,,,,,,18666,,,,,,,
92353.5,,,,,,,,,,,,,,,,,,,,,,,18662,,,,,,
92546.3,,,,,,,,,,,,,,,,,,,,,,18768,,,,,,,
92857.4,,,,,,,,,,,,,,,,,,,,,,,18764,,,,,,
92994.6,54400,57400,55600,53800,54400,70000,1.2e+06,1.2e+06,1.2e+06,1.2e+06,1.596e+06,1.596e+06,,77277.702,,,,,,,,,,0.990099,0,0,0,100,100
93048.4,,,,,,,,,,,,,,,,,,,,,,18870,,,,,,,
93361.3,,,,,,,,,,,,,,,,,,,,,,,18866,,,,,,
93550.5,,,,,,,,,,,,,,,,,,,,,,18972,,,,,,,
93865.1,,,,,,,,,,,,,,,,,,,,,,,18968,,,,,,
93994.4,54400,57400,55800,54200,54200,70000,1.2e+06,1.2e+06,1.2e+06,1.2e+06,1.596e+06,1.596e+06,,77286.438,,,,,,,,,,0,0,0,0,100,100
94052.6,,,,,,,,,,,,,,,,,,,,,,19074,,,,,,,
94369.1,,,,,,,,,,,,,,,,,,,,,,,19070,,,,,,
94554.8,,,,,,,,,,,,,,,,,,,,,,19176,,,,,,,
94872.9,,,,,,,,,,,,,,,,,,,,,,,19172,,,,,,
94994.2,54400,57400,55600,54200,54400,70000,1.2e+06,1.2e+06,1.2e+06,1.2e+06,1.596e+06,1.596e+06,,77295.172,,,,,,,,,,0,0,0,0,100,100
95056.9,,,,,,,,,,,,,,,,,,,,,,19278,,,,,,,
95376.9,,,,,,,,,,,,,,,,,,,,,,,19274,,,,,,
95559,,,,,,,,,,,,,,,,,,,,,,19380,,,,,,,
95880.7,,,,,,,,,,,,,,,,,,,,,,,19376,,,,,,
95995,54400,57500,55800,54000,54400,70000,1.2e+06,1.2e+06,1.2e+06,1.2e+06,1.596e+06,1.596e+06,,77303.843,,,,,,,,,,1,0,1,0,100,100
96061.1,,,,,,,,,,,,,,,,,,,,,,19482,,,,,,,
96384.7,,,,,,,,,,,,,,,,,,,,,,,19478,,,,,,
96563.2,,,,,,,,,,,,,,,,,,,,,,19584,,,,,,,
96888.5,,,,,,,,,,,,,,,,,,,,,,,19580,,,,,,
96994.8,54400,57500,55800,54000,54400,70000,1.2e+06,1.2e+06,1.2e+06,1.2e+06,1.596e+06,1.596e+06,,77312.612,,,,,,,,,,0.990099,0,0,0,100,100
97065.2,,,,,,,,,,,,,,,,,,,,,,19686,,,,,,,
97392.5,,,,,,,,,,,,,,,,,,,,,,,19682,,,,,,
97567.3,,,,,,,,,,,,,,,,,,,,,,19788,,,,,,,
97896.3,,,,,,,,,,,,,,,,,,,,,,,19784,,,,,,
97994.6,54400,57500,56000,54200,54400,70000,1.2e+06,1.2e+06,1.2e+06,1.2e+06,1.596e+06,1.596e+06,,77321.270,,,,,,,,,,0,0,0,0,100,100
98069.3,,,,,,,,,,,,,,,,,,,,,,19890,,,,,,,
98400.2,,,,,,,,,,,,,,,,,,,,,,,19886,,,,,,
98571.4,,,,,,,,,,,,,,,,,,,,,,19992,,,,,,,
98904.1,,,,,,,,,,,,,,,,,,,,,,,19988,,,,,,
98994.3,54800,57400,56000,54000,54400,70000,1.2e+06,1.2e+06,1.2e+06,1.2e+06,1.596e+06,1.596e+06,,77330.012,,,,,,,,,,0,0,0,0,100,100
99073.5,,,,,,,,,,,,,,,,,,,,,,20094,,,,,,,
99408,,,,,,,,,,,,,,,,,,,,,,,20090,,,,,,
99575.7,,,,,,,,,,,,,,,,,,,,,,20196,,,,,,,
99911.8,,,,,,,,,,,,,,,,,,,,,,,20192,,,,,,
99994,54600,57500,55800,54000,54400,70000,1.2e+06,1.2e+06,1.2e+06,1.2e+06,1.596e+06,1.596e+06,,77338.773,,,,,,,,,,1,0,1,0,100,100
100078,,,,,,,,,,,,,,,,,,,,,,20298,,,,,,,
100416,,,,,,,,,,,,,,,,,,,,,,,20294,,,,,,
100580,,,,,,,,,,,,,,,,,,,,,,20400,,,,,,,
100920,,,,,,,,,,,,,,,,,,,,,,,20396,,,,,,
100995,54800,57500,55800,54000,54400,70000,1.2e+06,1.2e+06,1.2e+06,1.2e+06,1.596e+06,1.596e+06,26.23,77347.433,,,,,,,,,,0,0,0.990099,0,100,100
101082,,,,,,,,,,,,,,,,,,,,,,20502,,,,,,,
101424,,,,,,,,,,,,,,,,,,,,,,,20498,,,,,,
101584,,,,,,,,,,,,,,,,,,,,,,20604,,,,,,,
101927,,,,,,,,,,,,,,,,,,,,,,,20600,,,,,,
101994,54800,57700,56000,54000,54600,70000,1.2e+06,1.2e+06,1.2e+06,1.2e+06,1.596e+06,1.596e+06,,77356.187,,,,,,,,,,0,0.990099,1,0,100,100
102086,,,,,,,,,,,,,,,,,,,,,,20706,,,,,,,
102431,,,,,,,,,,,,,,,,,,,,,,,20702,,,,,,
102588,,,,,,,,,,,,,,,,,,,,,,20808,,,,,,,
102935,,,,,,,,,,,,,,,,,,,,,,,20804,,,,,,
102994,54800,57500,55600,54400,54400,70000,1.2e+06,1.2e+06,1.2e+06,1.2e+06,1.596e+06,1.596e+06,,77364.864,,,,,,,,,,0,0,1.9802,0,100,100
103090,,,,,,,,,,,,,,,,,,,,,,20910,,,,,,,
103439,,,,,,,,,,,,,,,,,,,,,,,20906,,,,,,
103592,,,,,,,,,,,,,,,,,,,,,,21012,,,,,,,
103943,,,,,,,,,,,,,,,,,,,,,,,21008,,,,,,
103994,54600,57700,55800,54400,54400,70000,1.2e+06,1.2e+06,1.2e+06,1.2e+06,1.596e+06,1.596e+06,,77373.629,,,,,,,,,,0.990099,0,0.990099,0,100,100
104094,,,,,,,,,,,,,,,,,,,,,,21114,,,,,,,
104447,,,,,,,,,,,,,,,,,,,,,,,21110,,,,,,
104597,,,,,,,,,,,,,,,,,,,,,,21216,,,,,,,
104951,,,,,,,,,,,,,,,,,,,,,,,21212,,,,,,
104995,54800,57900,56000,54000,54400,70000,1.2e+06,1.2e+06,1.2e+06,1.2e+06,1.596e+06,1.596e+06,,77382.300,,,,,,,,,,0,0,0,0,100,100
105099,,,,,,,,,,,,,,,,,,,,,,21318,,,,,,,
105455,,,,,,,,,,,,,,,,,,,,,,,21314,,,,,,
105601,,,,,,,,,,,,,,,,,,,,,,21420,,,,,,,
105958,,,,,,,,,,,,,,,,,,,,,,,21416,,,,,,
105995,54800,57700,56000,54400,54600,70000,1.2e+06,1.2e+06,1.2e+06,1.2e+06,1.596e+06,1.596e+06,,77391.074,,,,,,,,,,0,0,0.990099,0,100,100
106103,,,,,,,,,,,,,,,,,,,,,,21522,,,,,,,
106462,,,,,,,,,,,,,,,,,,,,,,,21518,,,,,,
106605,,,,,,,,,,,,,,,,,,,,,,21624,,,,,,,
106966,,,,,,,,,,,,,,,,,,,,,,,21620,,,,,,
106995,54800,57900,56000,54400,54600,70000,1.2e+06,1.2e+06,1.2e+06,1.2e+06,1.596e+06,1.596e+06,,77399.740,,,,,,,,,,1,0,0,0,100,100
107107,,,,,,,,,,,,,,,,,,,,,,21726,,,,,,,
107470,,,,,,,,,,,,,,,,,,,,,,,21722,,,,,,
107609,,,,,,,,,,,,,,,,,,,,,,21828,,,,,,,
107974,,,,,,,,,,,,,,,,,,,,,,,21824,,,,,,
107994,55200,57900,56000,54400,54800,70000,1.2e+06,1.2e+06,1.2e+06,1.2e+06,1.596e+06,1.596e+06,,77408.490,,,,,,,,,,0.990099,0,0,1,100,100
108111,,,,,,,,,,,,,,,,,,,,,,21930,,,,,,,
108478,,,,,,,,,,,,,,,,,,,,,,,21926,,,,,,
108613,,,,,,,,,,,,,,,,,,,,,,22032,,,,,,,
108982,,,,,,,,,,,,,,,,,,,,,,,22028,,,,,,
108995,55000,57900,56400,54400,54800,70000,1.2e+06,1.2e+06,1.2e+06,1.2e+06,1.596e+06,1.596e+06,,77417.182,,,,,,,,,,0,0,0,0,100,100
109115,,,,,,,,,,,,,,,,,,,,,,22134,,,,,,,
109486,,,,,,,,,,,,,,,,,,,,,,,22130,,,,,,
109617,,,,,,,,,,,,,,,,,,,,,,22236,,,,,,,
109990,,,,,,,,,,,,,,,,,,,,,,,22232,,,,,,
109995,55000,57900,56000,54800,55000,70000,1.2e+06,1.2e+06,1.2e+06,1.2e+06,1.596e+06,1.596e+06,,77425.949,,,,,,,,,,0,0,0,1,100,100
110119,,,,,,,,,,,,,,,,,,,,,,22338,,,,,,,
110493,,,,,,,,,,,,,,,,,,,,,,,22334,,,,,,
110622,,,,,,,,,,,,,,,,,,,,,,22440,,,,,,,
110995,55200,57900,56400,54400,54800,70000,1.2e+06,1.2e+06,1.2e+06,1.2e+06,1.596e+06,1.596e+06,26.241,77434.661,,,,,,,,,,0.990099,0,0,0,100,100
110997,,,,,,,,,,,,,,,,,,,,,,,22436,,,,,,
111124,,,,,,,,,,,,,,,,,,,,,,22542,,,,,,,
111501,,,,,,,,,,,,,,,,,,,,,,,22538,,,,,,
111626,,,,,,,,,,,,,,,,,,,,,,22644,,,,,,,
111995,55000,57900,56000,54800,54800,70000,1.2e+06,1.2e+06,1.2e+06,1.2e+06,1.596e+06,1.596e+06,,77443.439,,,,,,,,,,0,0,0,1,100,100
112005,,,,,,,,,,,,,,,,,,,,,,,22640,,,,,,
112128,,,,,,,,,,,,,,,,,,,,,,22746,,,,,,,
112509,,,,,,,,,,,,,,,,,,,,,,,22742,,,,,,
112630,,,,,,,,,,,,,,,,,,,,,,22848,,,,,,,
112994,55000,57900,56400,54600,54800,70000,1.2e+06,1.2e+06,1.2e+06,1.2e+06,1.596e+06,1.596e+06,,77452.141,,,,,,,,,,0,0,0,1,100,100
113013,,,,,,,,,,,,,,,,,,,,,,,22844,,,,,,
113132,,,,,,,,,,,,,,,,,,,,,,22950,,,,,,,
113517,,,,,,,,,,,,,,,,,,,,,,,22946,,,,,,
113634,,,,,,,,,,,,,,,,,,,,,,23052,,,,,,,
113994,55200,58300,56400,54800,55000,70000,1.2e+06,1.2e+06,1.2e+06,1.2e+06,1.596e+06,1.596e+06,,77460.898,,,,,,,,,,0,0,0,0.990099,100,100
114020,,,,,,,,,,,,,,,,,,,,,,,23048,,,,,,
114136,,,,,,,,,,,,,,,,,,,,,,23154,,,,,,,
114524,,,,,,,,,,,,,,,,,,,,,,,23150,,,,,,
114638,,,,,,,,,,,,,,,,,,,,,,23256,,,,,,,
114995,55000,58100,56400,54800,55200,70000,1.2e+06,1.2e+06,1.2e+06,1.2e+06,1.596e+06,1.596e+06,,77469.597,,,,,,,,,,1,0,0,0,100,100
115028,,,,,,,,,,,,,,,,,,,,,,,23252,,,,,,
115140,,,,,,,,,,,,,,,,,,,,,,23358,,,,,,,
115532,,,,,,,,,,,,,,,,,,,,,,,23354,,,,,,
115642,,,,,,,,,,,,,,,,,,,,,,23460,,,,,,,
115995,55200,58300,56400,54800,55200,70000,1.2e+06,1.2e+06,1.2e+06,1.2e+06,1.596e+06,1.596e+06,,77478.397,,,,,,,,,,0,0,0,0.990099,100,100
116036,,,,,,,,,,,,,,,,,,,,,,,23456,,,,,,
116144,,,,,,,,,,,,,,,,,,,,,,23562,,,,,,,
116540,,,,,,,,,,,,,,,,,,,,,,,23558,,,,,,
116646,,,,,,,,,,,,,,,,,,,,,,23664,,,,,,,
116995,55600,57900,56400,54600,55000,70000,1.2e+06,1.2e+06,1.2e+06,1.2e+06,1.596e+06,1.596e+06,,77487.098,,,,,,,,,,0,0,0,0,100,100
117044,,,,,,,,,,,,,,,,,,,,,,,23660,,,,,,
117149,,,,,,,,,,,,,,,,,,,,,,23766,,,,,,,
117548,,,,,,,,,,,,,,,,,,,,,,,23762,,,,,,
117651,,,,,,,,,,,,,,,,,,,,,,23868,,,,,,,
117995,55200,58300,56800,54800,55000,70000,1.2e+06,1.2e+06,1.2e+06,1.2e+06,1.596e+06,1.596e+06,,77495.868,,,,,,,,,,0,0,0,0,100,100
118051,,,,,,,,,,,,,,,,,,,,,,,23864,,,,,,
118153,,,,,,,,,,,,,,,,,,,,,,23970,,,,,,,
118555,,,,,,,,,,,,,,,,,,,,,,,23966,,,,,,
118655,,,,,,,,,,,,,,,,,,,,,,24072,,,,,,,
118995,55200,58300,56400,54800,55200,70000,1.2e+06,1.2e+06,1.2e+06,1.2e+06,1.596e+06,1.596e+06,,77504.645,,,,,,,,,,1,0,0,1,100,100
119059,,,,,,,,,,,,,,,,,,,,,,,24068,,,,,,
119157,,,,,,,,,,,,,,,,,,,,,,24174,,,,,,,
119563,,,,,,,,,,,,,,,,,,,,,,,24170,,,,,,
119659,,,,,,,,,,,,,,,,,,,,,,24276,,,,,,,
119994,55600,58500,56400,55000,55000,70000,1.2e+06,1.2e+06,1.2e+06,1.2e+06,1.596e+06,1.596e+06,,77513.351,,,,,,,,,,0,0,0,0,100,100
120067,,,,,,,,,,,,,,,,,,,,,,,24272,,,,,,
120161,,,,,,,,,,,,,,,,,,,,,,24378,,,,,,,
120571,,,,,,,,,,,,,,,,,,,,,,,24374,,,,,,
120663,,,,,,,,,,,,,,,,,,,,,,24480,,,,,,,
120995,55600,58300,56800,55000,55400,70000,1.2e+06,1.2e+06,1.2e+06,1.2e+06,1.596e+06,1.596e+06,26.252,77522.168,,,,,,,,,,0,0,0,0,100,100
121074,,,,,,,,,,,,,,,,,,,,,,,24476,,,,,,
121165,,,,,,,,,,,,,,,,,,,,,,24582,,,,,,,
121578,,,,,,,,,,,,,,,,,,,,,,,24578,,,,,,
121667,,,,,,,,,,,,,,,,,,,,,,24684,,,,,,,
121994,55600,58500,56800,55000,55200,70000,1.2e+06,1.2e+06,1.2e+06,1.2e+06,1.596e+06,1.596e+06,,77530.958,,,,,,,,,,0,0,0,1.9802,100,100
122082,,,,,,,,,,,,,,,,,,,,,,,24680,,,,,,
122169,,,,,,,,,,,,,,,,,,,,,,24786,,,,,,,
122586,,,,,,,,,,,,,,,,,,,,,,,24782,,,,,,
122671,,,,,,,,,,,,,,,,,,,,,,24888,,,,,,,
122995,55600,58500,56800,55200,55400,70000,1.2e+06,1.2e+06,1.2e+06,1.2e+06,1.596e+06,1.596e+06,,77539.636,,,,,,,,,,1,0,0,0,100,100
123090,,,,,,,,,,,,,,,,,,,,,,,24884,,,,,,
123173,,,,,,,,,,,,,,,,,,,,,,24990,,,,,,,
123594,,,,,,,,,,,,,,,,,,,,,,,24986,,,,,,
123675,,,,,,,,,,,,,,,,,,,,,,25092,,,,,,,
123994,55600,58300,56600,55000,55200,70000,1.2e+06,1.2e+06,1.2e+06,1.2e+06,1.596e+06,1.596e+06,,77546.233,,,,,,,,,,0,0,0,1,100,100
124098,,,,,,,,,,,,,,,,,,,,,,,25088,,,,,,
124177,,,,,,,,,,,,,,,,,,,,,,25194,,,,,,,
124602,,,,,,,,,,,,,,,,,,,,,,,25190,,,,,,
124679,,,,,,,,,,,,,,,,,,,,,,25296,,,,,,,
124994,55600,58300,56800,54800,55200,70000,1.2e+06,1.2e+06,1.2e+06,1.2e+06,1.596e+06,1.596e+06,,77555.019,,,,,,,,,,1,0,0,0,100,100
125105,,,,,,,,,,,,,,,,,,,,,,,25292,,,,,,
125181,,,,,,,,,,,,,,,,,,,,,,25398,,,,,,,
125609,,,,,,,,,,,,,,,,,,,,,,,25394,,,,,,
125683,,,,,,,,,,,,,,,,,,,,,,25500,,,,,,,
125995,55600,58300,56800,55200,55200,70000,1.2e+06,1.2e+06,1.2e+06,1.2e+06,1.596e+06,1.596e+06,,77563.732,,,,,,,,,,0,0,0,0,100,100
126113,,,,,,,,,,,,,,,,,,,,,,,25496,,,,,,
126185,,,,,,,,,,,,,,,,,,,,,,25602,,,,,,,
126617,,,,,,,,,,,,,,,,,,,,,,,25598,,,,,,
126688,,,,,,,,,,,,,,,,,,,,,,25704,,,,,,,
126995,55600,58300,56600,55000,55200,70000,1.2e+06,1.2e+06,1.2e+06,1.2e+06,1.596e+06,1.596e+06,,77572.505,,,,,,,,,,0.990099,0,0,0,100,100
127121,,,,,,,,,,,,,,,,,,,,,,,25700,,,,,,
127190,,,,,,,,,,,,,,,,,,,,,,25806,,,,,,,
127625,,,,,,,,,,,,,,,,,,,,,,,25802,,,,,,
127692,,,,,,,,,,,,,,,,,,,,,,25908,,,,,,,
127994,55400,58300,56800,55200,55200,70000,1.2e+06,1.2e+06,1.2e+06,1.2e+06,1.596e+06,1.596e+06,,77581.198,,,,,,,,,,0,0,0,1.9802,100,100
128129,,,,,,,,,,,,,,,,,,,,,,,25904,,,,,,
128194,,,,,,,,,,,,,,,,,,,,,,26010,,,,,,,
128633,,,,,,,,,,,,,,,,,,,,,,,26006,,,,,,
128696,,,,,,,,,,,,,,,,,,,,,,26112,,,,,,,
128995,55600,58500,56800,55000,55200,70000,1.2e+06,1.2e+06,1.2e+06,1.2e+06,1.596e+06,1.596e+06,,77589.983,,,,,,,,,,0,0,0,1,100,100
129136,,,,,,,,,,,,,,,,,,,,,,,26108,,,,,,
129198,,,,,,,,,,,,,,,,,,,,,,26214,,,,,,,
129640,,,,,,,,,,,,,,,,,,,,,,,26210,,,,,,
129700,,,,,,,,,,,,,,,,,,,,,,26316,,,,,,,
129995,55600,58700,57000,55200,55400,70000,1.2e+06,1.2e+06,1.2e+06,1.2e+06,1.596e+06,1.596e+06,,77598.768,,,,,,,,,,0.990099,0,0,0,100,100
130144,,,,,,,,,,,,,,,,,,,,,,,26312,,,,,,
130202,,,,,,,,,,,,,,,,,,,,,,26418,,,,,,,
130648,,,,,,,,,,,,,,,,,,,,,,,26414,,,,,,
130704,,,,,,,,,,,,,,,,,,,,,,26520,,,,,,,
130994,55600,58500,57000,55200,55200,70000,1.2e+06,1.2e+06,1.2e+06,1.2e+06,1.596e+06,1.596e+06,26.252,77607.460,,,,,,,,,,0,1,0,1,100,100
131152,,,,,,,,,,,,,,,,,,,,,,,26516,,,,,,
131206,,,,,,,,,,,,,,,,,,,,,,26622,,,,,,,
131656,,,,,,,,,,,,,,,,,,,,,,,26618,,,,,,
131708,,,,,,,,,,,,,,,,,,,,,,26724,,,,,,,
131994,55600,58700,56800,55200,55200,70000,1.2e+06,1.2e+06,1.2e+06,1.2e+06,1.596e+06,1.596e+06,,77616.240,,,,,,,,,,0,0,0,0.990099,100,100
132160,,,,,,,,,,,,,,,,,,,,,,,26720,,,,,,
132211,,,,,,,,,,,,,,,,,,,,,,26826,,,,,,,
132663,,,,,,,,,,,,,,,,,,,,,,,26822,,,,,,
132713,,,,,,,,,,,,,,,,,,,,,,26928,,,,,,,
132995,55600,58700,56800,54800,55200,70000,1.2e+06,1.2e+06,1.2e+06,1.2e+06,1.596e+06,1.596e+06,,77624.959,,,,,,,,,,0,0,0,0,100,100
133167,,,,,,,,,,,,,,,,,,,,,,,26924,,,,,,
133215,,,,,,,,,,,,,,,,,,,,,,27030,,,,,,,
133671,,,,,,,,,,,,,,,,,,,,,,,27026,,,,,,
133717,,,,,,,,,,,,,,,,,,,,,,27132,,,,,,,
133995,55800,58700,57200,55200,55600,70000,1.2e+06,1.2e+06,1.2e+06,1.2e+06,1.596e+06,1.596e+06,,77633.746,,,,,,,,,,0.990099,1,0,0,100,100
134175,,,,,,,,,,,,,,,,,,,,,,,27128,,,,,,
134219,,,,,,,,,,,,,,,,,,,,,,27234,,,,,,,
134679,,,,,,,,,,,,,,,,,,,,,,,27230,,,,,,
134721,,,,,,,,,,,,,,,,,,,,,,27336,,,,,,,
134994,55800,58700,56800,55200,55600,70000,1.2e+06,1.2e+06,1.2e+06,1.2e+06,1.596e+06,1.596e+06,,77642.452,,,,,,,,,,0,0,0.990099,0,100,100
135183,,,,,,,,,,,,,,,,,,,,,,,27332,,,,,,
135223,,,,,,,,,,,,,,,,,,,,,,27438,,,,,,,
135687,,,,,,,,,,,,,,,,,,,,,,,27434,,,,,,
135725,,,,,,,,,,,,,,,,,,,,,,27540,,,,,,,
135994,55600,58700,57000,55200,55600,70000,1.2e+06,1.2e+06,1.2e+06,1.2e+06,1.596e+06,1.596e+06,,77651.240,,,,,,,,,,0,1.96078,0,1,100,100
136191,,,,,,,,,,,,,,,,,,,,,,,27536,,,,,,
136227,,,,,,,,,,,,,,,,,,,,,,27642,,,,,,,
136694,,,,,,,,,,,,,,,,,,,,,,,27638,,,,,,
136729,,,,,,,,,,,,,,,,,,,,,,27744,,,,,,,
136995,56000,58900,56800,55400,55800,70000,1.2e+06,1.2e+06,1.2e+06,1.2e+06,1.596e+06,1.596e+06,,77659.948,,,,,,,,,,0,0,0,0,100,100
137198,,,,,,,,,,,,,,,,,,,,,,,27740,,,,,,
137231,,,,,,,,,,,,,,,,,,,,,,27846,,,,,,,
137702,,,,,,,,,,,,,,,,,,,,,,,27842,,,,,,
137733,,,,,,,,,,,,,,,,,,,,,,27948,,,,,,,
137995,55600,58700,57000,55200,55600,70000,1.2e+06,1.2e+06,1.2e+06,1.2e+06,1.596e+06,1.596e+06,,77668.725,,,,,,,,,,0.990099,0,0,0,100,100
138206,,,,,,,,,,,,,,,,,,,,,,,27944,,,,,,
138235,,,,,,,,,,,,,,,,,,,,,,28050,,,,,,,
138710,,,,,,,,,,,,,,,,,,,,,,,28046,,,,,,
138737,,,,,,,,,,,,,,,,,,,,,,28152,,,,,,,
138995,55800,58700,57000,55200,55600,70000,1.2e+06,1.2e+06,1.2e+06,1.2e+06,1.596e+06,1.596e+06,,77677.430,,,,,,,,,,0,0,0,0,100,100
139214,,,,,,,,,,,,,,,,,,,,,,,28148,,,,,,
139239,,,,,,,,,,,,,,,,,,,,,,28254,,,,,,,
139718,,,,,,,,,,,,,,,,,,,,,,,28250,,,,,,
139741,,,,,,,,,,,,,,,,,,,,,,28356,,,,,,,
139995,55800,58700,57200,55600,55600,70000,1.2e+06,1.2e+06,1.2e+06,1.2e+06,1.596e+06,1.596e+06,,77686.214,,,,,,,,,,0,0,0,1,100,100
140222,,,,,,,,,,,,,,,,,,,,,,,28352,,,,,,
140244,,,,,,,,,,,,,,,,,,,,,,28458,,,,,,,
140726,,,,,,,,,,,,,,,,,,,,,,,28454,,,,,,
140746,,,,,,,,,,,,,,,,,,,,,,28560,,,,,,,
140994,56000,58900,57000,55400,55600,70000,1.2e+06,1.2e+06,1.2e+06,1.2e+06,1.596e+06,1.596e+06,26.252,77695.011,,,,,,,,,,0.990099,0,0,0.990099,100,100
141229,,,,,,,,,,,,,,,,,,,,,,,28556,,,,,,
141248,,,,,,,,,,,,,,,,,,,,,,28662,,,,,,,
141733,,,,,,,,,,,,,,,,,,,,,,,28658,,,,,,
141750,,,,,,,,,,,,,,,,,,,,,,28764,,,,,,,
141994,56000,58900,57200,55200,55600,70000,1.2e+06,1.2e+06,1.2e+06,1.2e+06,1.596e+06,1.596e+06,,77703.708,,,,,,,,,,1,0,0,1,100,100
142237,,,,,,,,,,,,,,,,,,,,,,,28760,,,,,,
142252,,,,,,,,,,,,,,,,,,,,,,28866,,,,,,,
142741,,,,,,,,,,,,,,,,,,,,,,,28862,,,,,,
142754,,,,,,,,,,,,,,,,,,,,,,28968,,,,,,,
142995,56000,58700,57200,55600,55600,70000,1.2e+06,1.2e+06,1.2e+06,1.2e+06,1.596e+06,1.596e+06,,77712.482,,,,,,,,,,0,0,0,0,100,100
143245,,,,,,,,,,,,,,,,,,,,,,,28964,,,,,,
143256,,,,,,,,,,,,,,,,,,,,,,29070,,,,,,,
143749,,,,,,,,,,,,,,,,,,,,,,,29066,,,,,,
143758,,,,,,,,,,,,,,,,,,,,,,29172,,,,,,,
143995,56000,59100,57200,55600,55600,70000,1.2e+06,1.2e+06,1.2e+06,1.2e+06,1.596e+06,1.596e+06,,77721.188,,,,,,,,,,0,0,0,0,100,100
144253,,,,,,,,,,,,,,,,,,,,,,,29168,,,,,,
144260,,,,,,,,,,,,,,,,,,,,,,29274,,,,,,,
144757,,,,,,,,,,,,,,,,,,,,,,,29270,,,,,,
144762,,,,,,,,,,,,,,,,,,,,,,29376,,,,,,,
144995,56000,59100,57400,55600,56000,70000,1.2e+06,1.2e+06,1.2e+06,1.2e+06,1.596e+06,1.596e+06,,77729.991,,,,,,,,,,1,0,0,1,100,100
145261,,,,,,,,,,,,,,,,,,,,,,,29372,,,,,,
145265,,,,,,,,,,,,,,,,,,,,,,29478,,,,,,,
145764,,,,,,,,,,,,,,,,,,,,,,,29474,,,,,,
145767,,,,,,,,,,,,,,,,,,,,,,29580,,,,,,,
145994,56200,58900,57500,55800,55800,70000,1.2e+06,1.2e+06,1.2e+06,1.2e+06,1.596e+06,1.596e+06,,77738.710,,,,,,,,,,0,0,0,0,100,100
146268,,,,,,,,,,,,,,,,,,,,,,,29576,,,,,,
146269,,,,,,,,,,,,,,,,,,,,,,29682,,,,,,,
146771,,,,,,,,,,,,,,,,,,,,,,29784,,,,,,,
146772,,,,,,,,,,,,,,,,,,,,,,,29678,,,,,,
146994,56200,59100,57500,55600,56000,70000,1.2e+06,1.2e+06,1.2e+06,1.2e+06,1.596e+06,1.596e+06,,77747.515,,,,,,,,,,0,0,0,1,100,100
147273,,,,,,,,,,,,,,,,,,,,,,29886,,,,,,,
147276,,,,,,,,,,,,,,,,,,,,,,,29780,,,,,,
147775,,,,,,,,,,,,,,,,,,,,,,29988,,,,,,,
147780,,,,,,,,,,,,,,,,,,,,,,,29882,,,,,,
147994,56200,58900,57200,55600,55800,70000,1.2e+06,1.2e+06,1.2e+06,1.2e+06,1.596e+06,1.596e+06,,77756.224,,,,,,,,,,1,1,0,0.990099,100,100
148277,,,,,,,,,,,,,,,,,,,,,,30090,,,,,,,
148284,,,,,,,,,,,,,,,,,,,,,,,29984,,,,,,
148779,,,,,,,,,,,,,,,,,,,,,,30192,,,,,,,
148788,,,,,,,,,,,,,,,,,,,,,,,30086,,,,,,
148995,56000,59100,57200,55600,56000,70000,1.2e+06,1.2e+06,1.2e+06,1.2e+06,1.596e+06,1.596e+06,,77765.001,,,,,,,,,,0,0,0,0,100,100
149281,,,,,,,,,,,,,,,,,,,,,,30294,,,,,,,
149292,,,,,,,,,,,,,,,,,,,,,,,30188,,,,,,
149783,,,,,,,,,,,,,,,,,,,,,,30396,,,,,,,
149795,,,,,,,,,,,,,,,,,,,,,,,30290,,,,,,
149995,56000,59100,57200,55600,55800,70000,1.2e+06,1.2e+06,1.2e+06,1.2e+06,1.596e+06,1.596e+06,,77773.783,,,,,,,,,,0,0,0,0,100,100
150286,,,,,,,,,,,,,,,,,,,,,,30498,,,,,,,
150299,,,,,,,,,,,,,,,,,,,,,,,30392,,,,,,
150788,,,,,,,,,,,,,,,,,,,,,,30600,,,,,,,
150803,,,,,,,,,,,,,,,,,,,,,,,30494,,,,,,
150994,56400,59100,57500,55800,55800,70000,1.2e+06,1.2e+06,1.2e+06,1.2e+06,1.596e+06,1.596e+06,26.252,77782.499,,,,,,,,,,0,0,0,2.94118,100,100
151290,,,,,,,,,,,,,,,,,,,,,,30702,,,,,,,
151307,,,,,,,,,,,,,,,,,,,,,,,30596,,,,,,
151792,,,,,,,,,,,,,,,,,,,,,,30804,,,,,,,
151811,,,,,,,,,,,,,,,,,,,,,,,30698,,,,,,
151994,56400,59300,57500,55600,56000,70000,1.2e+06,1.2e+06,1.2e+06,1.2e+06,1.596e+06,1.596e+06,,77791.282,,,,,,,,,,1.96078,0,0,1,100,100
152294,,,,,,,,,,,,,,,,,,,,,,30906,,,,,,,
152315,,,,,,,,,,,,,,,,,,,,,,,30800,,,,,,
152796,,,,,,,,,,,,,,,,,,,,,,31008,,,,,,,
152819,,,,,,,,,,,,,,,,,,,,,,,30902,,,,,,
152995,56000,59100,57200,56000,55600,70000,1.2e+06,1.2e+06,1.2e+06,1.2e+06,1.596e+06,1.596e+06,,77800.082,,,,,,,,,,0,0,0,0,100,100
153298,,,,,,,,,,,,,,,,,,,,,,31110,,,,,,,
153323,,,,,,,,,,,,,,,,,,,,,,,31004,,,,,,
153800,,,,,,,,,,,,,,,,,,,,,,31212,,,,,,,
153826,,,,,,,,,,,,,,,,,,,,,,,31106,,,,,,
153995,56400,59500,57500,56000,56000,70000,1.2e+06,1.2e+06,1.2e+06,1.2e+06,1.596e+06,1.596e+06,,77808.787,,,,,,,,,,0,0,0,0,100,100
154303,,,,,,,,,,,,,,,,,,,,,,31314,,,,,,,
154330,,,,,,,,,,,,,,,,,,,,,,,31208,,,,,,
154805,,,,,,,,,,,,,,,,,,,,,,31416,,,,,,,
154834,,,,,,,,,,,,,,,,,,,,,,,31310,,,,,,
154995,56400,59100,57500,55800,56000,70000,1.2e+06,1.2e+06,1.2e+06,1.2e+06,1.596e+06,1.596e+06,,77817.577,,,,,,,,,,0,0,0,0,100,100
155307,,,,,,,,,,,,,,,,,,,,,,31518,,,,,,,
155338,,,,,,,,,,,,,,,,,,,,,,,31412,,,,,,
155809,,,,,,,,,,,,,,,,,,,,,,31620,,,,,,,
155842,,,,,,,,,,,,,,,,,,,,,,,31514,,,,,,
155995,56200,59300,57500,55800,55800,70000,1.2e+06,1.2e+06,1.2e+06,1.2e+06,1.596e+06,1.596e+06,,77826.291,,,,,,,,,,1,0,0,0,100,100
156311,,,,,,,,,,,,,,,,,,,,,,31722,,,,,,,
156346,,,,,,,,,,,,,,,,,,,,,,,31616,,,,,,
156813,,,,,,,,,,,,,,,,,,,,,,31824,,,,,,,
156850,,,,,,,,,,,,,,,,,,,,,,,31718,,,,,,
156995,56400,59300,57500,56000,55800,70000,1.2e+06,1.2e+06,1.2e+06,1.2e+06,1.596e+06,1.596e+06,,77835.080,,,,,,,,,,0,0,0,0.990099,100,100
157315,,,,,,,,,,,,,,,,,,,,,,31926,,,,,,,
157354,,,,,,,,,,,,,,,,,,,,,,,31820,,,,,,
157817,,,,,,,,,,,,,,,,,,,,,,32028,,,,,,,
157858,,,,,,,,,,,,,,,,,,,,,,,31922,,,,,,
157995,56400,59100,57500,56000,56000,70000,1.2e+06,1.2e+06,1.2e+06,1.2e+06,1.596e+06,1.596e+06,,77843.793,,,,,,,,,,0,0,0,1,100,100
158319,,,,,,,,,,,,,,,,,,,,,,32130,,,,,,,
158362,,,,,,,,,,,,,,,,,,,,,,,32024,,,,,,
158821,,,,,,,,,,,,,,,,,,,,,,32232,,,,,,,
158865,,,,,,,,,,,,,,,,,,,,,,,32126,,,,,,
158994,56400,59300,57700,56000,56000,70000,1.2e+06,1.2e+06,1.2e+06,1.2e+06,1.596e+06,1.596e+06,,77852.580,,,,,,,,,,1,0,0,0,100,100
159324,,,,,,,,,,,,,,,,,,,,,,32334,,,,,,,
159369,,,,,,,,,,,,,,,,,,,,,,,32228,,,,,,
159826,,,,,,,,,,,,,,,,,,,,,,32436,,,,,,,
159873,,,,,,,,,,,,,,,,,,,,,,,32330,,,,,,
159994,56400,59300,57500,56000,55800,70000,1.2e+06,1.2e+06,1.2e+06,1.2e+06,1.596e+06,1.596e+06,,77861.297,,,,,,,,,,0,0,0,1,100,100
160328,,,,,,,,,,,,,,,,,,,,,,32538,,,,,,,
160377,,,,,,,,,,,,,,,,,,,,,,,32432,,,,,,
160830,,,,,,,,,,,,,,,,,,,,,,32640,,,,,,,
160881,,,,,,,,,,,,,,,,,,,,,,,32534,,,,,,
160995,56000,59300,57500,56000,56000,70000,1.2e+06,1.2e+06,1.2e+06,1.2e+06,1.596e+06,1.596e+06,26.262,77870.100,,,,,,,,,,0,0,0,0,100,100
161332,,,,,,,,,,,,,,,,,,,,,,32742,,,,,,,
161385,,,,,,,,,,,,,,,,,,,,,,,32636,,,,,,
161834,,,,,,,,,,,,,,,,,,,,,,32844,,,,,,,
161889,,,,,,,,,,,,,,,,,,,,,,,32738,,,,,,
161995,56400,59500,57700,56000,56000,70000,1.2e+06,1.2e+06,1.2e+06,1.2e+06,1.596e+06,1.596e+06,,77878.815,,,,,,,,,,0,0,0,0,100,100
162336,,,,,,,,,,,,,,,,,,,,,,32946,,,,,,,
162392,,,,,,,,,,,,,,,,,,,,,,,32840,,,,,,
162838,,,,,,,,,,,,,,,,,,,,,,33048,,,,,,,
162896,,,,,,,,,,,,,,,,,,,,,,,32942,,,,,,
162994,56400,59100,57500,56000,56200,70000,1.2e+06,1.2e+06,1.2e+06,1.2e+06,1.596e+06,1.596e+06,,77887.609,,,,,,,,,,1,0,0,0,100,100
163340,,,,,,,,,,,,,,,,,,,,,,33150,,,,,,,
163400,,,,,,,,,,,,,,,,,,,,,,,33044,,,,,,
163842,,,,,,,,,,,,,,,,,,,,,,33252,,,,,,,
163904,,,,,,,,,,,,,,,,,,,,,,,33146,,,,,,
163994,56400,59500,57700,56000,56000,70000,1.2e+06,1.2e+06,1.2e+06,1.2e+06,1.596e+06,1.596e+06,,77896.424,,,,,,,,,,0,0,0,0.990099,100,100
164344,,,,,,,,,,,,,,,,,,,,,,33354,,,,,,,
164408,,,,,,,,,,,,,,,,,,,,,,,33248,,,,,,
164846,,,,,,,,,,,,,,,,,,,,,,33456,,,,,,,
164912,,,,,,,,,,,,,,,,,,,,,,,33350,,,,,,
164995,56600,59100,57500,56000,56000,70000,1.2e+06,1.2e+06,1.2e+06,1.2e+06,1.596e+06,1.596e+06,,77905.120,,,,,,,,,,1,0.990099,0,1.9802,100,100
165349,,,,,,,,,,,,,,,,,,,,,,33558,,,,,,,
165416,,,,,,,,,,,,,,,,,,,,,,,33452,,,,,,
165851,,,,,,,,,,,,,,,,,,,,,,33660,,,,,,,
165919,,,,,,,,,,,,,,,,,,,,,,,33554,,,,,,
165995,56400,59300,57500,55800,56000,70000,1.2e+06,1.2e+06,1.2e+06,1.2e+06,1.596e+06,1.596e+06,,77913.919,,,,,,,,,,0,0,0,0,100,100
166353,,,,,,,,,,,,,,,,,,,,,,33762,,,,,,,
166423,,,,,,,,,,,,,,,,,,,,,,,33656,,,,,,
166855,,,,,,,,,,,,,,,,,,,,,,33864,,,,,,,
166927,,,,,,,,,,,,,,,,,,,,,,,33758,,,,,,
166994,56400,59300,57500,56000,56000,70000,1.2e+06,1.2e+06,1.2e+06,1.2e+06,1.596e+06,1.596e+06,,77922.624,,,,,,,,,,0.990099,0,0,0.990099,100,100
167357,,,,,,,,,,,,,,,,,,,,,,33966,,,,,,,
167431,,,,,,,,,,,,,,,,,,,,,,,33860,,,,,,
167859,,,,,,,,,,,,,,,,,,,,,,34068,,,,,,,
167935,,,,,,,,,,,,,,,,,,,,,,,33962,,,,,,
167995,56400,59500,57900,56000,56000,70000,1.2e+06,1.2e+06,1.2e+06,1.2e+06,1.596e+06,1.596e+06,,77929.194,,,,,,,,,,0,0,0,0,100,100
168361,,,,,,,,,,,,,,,,,,,,,,34170,,,,,,,
168439,,,,,,,,,,,,,,,,,,,,,,,34064,,,,,,
168863,,,,,,,,,,,,,,,,,,,,,,34272,,,,,,,
168943,,,,,,,,,,,,,,,,,,,,,,,34166,,,,,,
168995,56400,59700,57900,56000,56400,70000,1.2e+06,1.2e+06,1.2e+06,1.2e+06,1.596e+06,1.596e+06,,77938.078,,,,,,,,,,0,0,0,0.990099,100,100
169365,,,,,,,,,,,,,,,,,,,,,,34374,,,,,,,
169447,,,,,,,,,,,,,,,,,,,,,,,34268,,,,,,
169867,,,,,,,,,,,,,,,,,,,,,,34476,,,,,,,
169950,,,,,,,,,,,,,,,,,,,,,,,34370,,,,,,
169995,56400,59500,57500,56200,56000,70000,1.2e+06,1.2e+06,1.2e+06,1.2e+06,1.596e+06,1.596e+06,,77946.895,,,,,,,,,,1,0,0,0,100,100
170370,,,,,,,,,,,,,,,,,,,,,,34578,,,,,,,
170454,,,,,,,,,,,,,,,,,,,,,,,34472,,,,,,
170872,,,,,,,,,,,,,,,,,,,,,,34680,,,,,,,
170958,,,,,,,,,,,,,,,,,,,,,,,34574,,,,,,
170994,56600,59500,57900,56000,56000,70000,1.2e+06,1.2e+06,1.2e+06,1.2e+06,1.596e+06,1.596e+06,26.273,77955.623,,,,,,,,,,0,0,0,0,100,100
171374,,,,,,,,,,,,,,,,,,,,,,34782,,,,,,,
171462,,,,,,,,,,,,,,,,,,,,,,,34676,,,,,,
171876,,,,,,,,,,,,,,,,,,,,,,34884,,,,,,,
171966,,,,,,,,,,,,,,,,,,,,,,,34778,,,,,,
171994,56400,59500,57900,55800,56000,70000,1.2e+06,1.2e+06,1.2e+06,1.2e+06,1.596e+06,1.596e+06,,77964.417,,,,,,,,,,0,0,0,1,100,100
172378,,,,,,,,,,,,,,,,,,,,,,34986,,,,,,,
172470,,,,,,,,,,,,,,,,,,,,,,,34880,,,,,,
172880,,,,,,,,,,,,,,,,,,,,,,35088,,,,,,,
172974,,,,,,,,,,,,,,,,,,,,,,,34982,,,,,,
172995,56400,59500,57900,56000,56000,70000,1.2e+06,1.2e+06,1.2e+06,1.2e+06,1.596e+06,1.596e+06,,77973.129,,,,,,,,,,0,0,0,1,100,100
173382,,,,,,,,,,,,,,,,,,,,,,35190,,,,,,,
173478,,,,,,,,,,,,,,,,,,,,,,,35084,,,,,,
173884,,,,,,,,,,,,,,,,,,,,,,35292,,,,,,,
173981,,,,,,,,,,,,,,,,,,,,,,,35186,,,,,,
173995,56400,59500,57700,56200,56200,70000,1.2e+06,1.2e+06,1.2e+06,1.2e+06,1.596e+06,1.596e+06,,77981.920,,,,,,,,,,1,0,0.990099,0.990099,100,100
174386,,,,,,,,,,,,,,,,,,,,,,35394,,,,,,,
174485,,,,,,,,,,,,,,,,,,,,,,,35288,,,,,,
174888,,,,,,,,,,,,,,,,,,,,,,35496,,,,,,,
174989,,,,,,,,,,,,,,,,,,,,,,,35390,,,,,,
174994,56600,59300,57500,56000,56000,70000,1.2e+06,1.2e+06,1.2e+06,1.2e+06,1.596e+06,1.596e+06,,77990.735,,,,,,,,,,0,0,0,1,100,100
175390,,,,,,,,,,,,,,,,,,,,,,35598,,,,,,,
175493,,,,,,,,,,,,,,,,,,,,,,,35492,,,,,,
175892,,,,,,,,,,,,,,,,,,,,,,35700,,,,,,,
175994,56600,59500,57700,56200,56200,70000,1.2e+06,1.2e+06,1.2e+06,1.2e+06,1.596e+06,1.596e+06,,77999.462,,,,,,,,,,0,0,0,0,100,100
175997,,,,,,,,,,,,,,,,,,,,,,,35594,,,,,,
176395,,,,,,,,,,,,,,,,,,,,,,35802,,,,,,,
176501,,,,,,,,,,,,,,,,,,,,,,,35696,,,,,,
176897,,,,,,,,,,,,,,,,,,,,,,35904,,,,,,,
176995,56600,59500,57900,56200,56200,70000,1.2e+06,1.2e+06,1.2e+06,1.2e+06,1.596e+06,1.596e+06,,78008.270,,,,,,,,,,1,0,0,0,100,100
177005,,,,,,,,,,,,,,,,,,,,,,,35798,,,,,,
177399,,,,,,,,,,,,,,,,,,,,,,36006,,,,,,,
177509,,,,,,,,,,,,,,,,,,,,,,,35900,,,,,,
177901,,,,,,,,,,,,,,,,,,,,,,36108,,,,,,,
177995,56800,59500,58100,56400,56200,70000,1.2e+06,1.2e+06,1.2e+06,1.2e+06,1.596e+06,1.596e+06,,78016.982,,,,,,,,,,0.990099,0,0,0,100,100
178012,,,,,,,,,,,,,,,,,,,,,,,36002,,,,,,
178403,,,,,,,,,,,,,,,,,,,,,,36210,,,,,,,
178512,,,,,,,,,,,,,,,,,,,,,,,36103,,,,,,
178905,,,,,,,,,,,,,,,,,,,,,,36312,,,,,,,
178994,56800,59700,57900,56400,56400,70000,1.2e+06,1.2e+06,1.2e+06,1.2e+06,1.596e+06,1.596e+06,,78025.793,,,,,,,,,,0,0,0,0,100,100
179015,,,,,,,,,,,,,,,,,,,,,,,36205,,,,,,
179407,,,,,,,,,,,,,,,,,,,,,,36414,,,,,,,
179519,,,,,,,,,,,,,,,,,,,,,,,36307,,,,,,
179909,,,,,,,,,,,,,,,,,,,,,,36516,,,,,,,
179994,56400,59700,57700,56400,56200,70000,1.2e+06,1.2e+06,1.2e+06,1.2e+06,1.596e+06,1.596e+06,,78034.509,,,,,,,,,,0,0,0,0,100,100
180023,,,,,,,,,,,,,,,,,,,,,,,36409,,,,,,
180411,,,,,,,,,,,,,,,,,,,,,,36618,,,,,,,
180527,,,,,,,,,,,,,,,,,,,,,,,36511,,,,,,
180914,,,,,,,,,,,,,,,,,,,,,,36720,,,,,,,
180995,57000,59700,57900,56400,56400,70000,1.2e+06,1.2e+06,1.2e+06,1.2e+06,1.596e+06,1.596e+06,26.284,78043.258,,,,,,,,,,0,0,0,0.990099,100,100
181031,,,,,,,,,,,,,,,,,,,,,,,36613,,,,,,
181416,,,,,,,,,,,,,,,,,,,,,,36822,,,,,,,
181535,,,,,,,,,,,,,,,,,,,,,,,36715,,,,,,
181918,,,,,,,,,,,,,,,,,,,,,,36924,,,,,,,
181994,56600,59700,57900,56200,56400,70000,1.2e+06,1.2e+06,1.2e+06,1.2e+06,1.596e+06,1.596e+06,,78052.072,,,,,,,,,,0.990099,0,0,1.9802,100,100
182039,,,,,,,,,,,,,,,,,,,,,,,36817,,,,,,
182420,,,,,,,,,,,,,,,,,,,,,,37026,,,,,,,
182543,,,,,,,,,,,,,,,,,,,,,,,36919,,,,,,
182922,,,,,,,,,,,,,,,,,,,,,,37128,,,,,,,
182995,56800,59700,58100,56400,56400,70000,1.2e+06,1.2e+06,1.2e+06,1.2e+06,1.596e+06,1.596e+06,,78060.894,,,,,,,,,,0,0,0,0,100,100
183046,,,,,,,,,,,,,,,,,,,,,,,37021,,,,,,
183424,,,,,,,,,,,,,,,,,,,,,,37230,,,,,,,
183550,,,,,,,,,,,,,,,,,,,,,,,37123,,,,,,
183926,,,,,,,,,,,,,,,,,,,,,,37332,,,,,,,
183995,56800,59700,57900,56400,56400,70000,1.2e+06,1.2e+06,1.2e+06,1.2e+06,1.596e+06,1.596e+06,,78069.593,,,,,,,,,,0,0,0,0,100,100
184054,,,,,,,,,,,,,,,,,,,,,,,37225,,,,,,
184428,,,,,,,,,,,,,,,,,,,,,,37434,,,,,,,
184558,,,,,,,,,,,,,,,,,,,,,,,37327,,,,,,
184930,,,,,,,,,,,,,,,,,,,,,,37536,,,,,,,
184995,56800,59700,57900,56400,56400,70000,1.2e+06,1.2e+06,1.2e+06,1.2e+06,1.596e+06,1.596e+06,,78078.414,,,,,,,,,,1,0,0,0.990099,100,100
185062,,,,,,,,,,,,,,,,,,,,,,,37429,,,,,,
185433,,,,,,,,,,,,,,,,,,,,,,37638,,,,,,,
185566,,,,,,,,,,,,,,,,,,,,,,,37531,,,,,,
185935,,,,,,,,,,,,,,,,,,,,,,37740,,,,,,,
185994,57200,59900,57900,56000,56400,70000,1.2e+06,1.2e+06,1.2e+06,1.2e+06,1.596e+06,1.596e+06,,78087.149,,,,,,,,,,0,0,0,1,100,100
186070,,,,,,,,,,,,,,,,,,,,,,,37633,,,,,,
186437,,,,,,,,,,,,,,,,,,,,,,37842,,,,,,,
186574,,,,,,,,,,,,,,,,,,,,,,,37735,,,,,,
186939,,,,,,,,,,,,,,,,,,,,,,37944,,,,,,,
186994,56600,59900,57900,56400,56200,70000,1.2e+06,1.2e+06,1.2e+06,1.2e+06,1.596e+06,1.596e+06,,78095.967,,,,,,,,,,0,0,0,0,100,100
187077,,,,,,,,,,,,,,,,,,,,,,,37837,,,,,,
187441,,,,,,,,,,,,,,,,,,,,,,38046,,,,,,,
187577,,,,,,,,,,,,,,,,,,,,,,,37938,,,,,,
187943,,,,,,,,,,,,,,,,,,,,,,38148,,,,,,,
187995,56800,59900,58300,56400,56600,70000,1.2e+06,1.2e+06,1.2e+06,1.2e+06,1.596e+06,1.596e+06,,78104.708,,,,,,,,,,0,0,0,0,100,100
188080,,,,,,,,,,,,,,,,,,,,,,,38040,,,,,,
188445,,,,,,,,,,,,,,,,,,,,,,38250,,,,,,,
188584,,,,,,,,,,,,,,,,,,,,,,,38142,,,,,,
188948,,,,,,,,,,,,,,,,,,,,,,38352,,,,,,,
188995,56800,59900,58100,56400,56400,70000,1.2e+06,1.2e+06,1.2e+06,1.2e+06,1.596e+06,1.596e+06,,78113.509,,,,,,,,,,1.9802,0,0,1,100,100
189088,,,,,,,,,,,,,,,,,,,,,,,38244,,,,,,
189450,,,,,,,,,,,,,,,,,,,,,,38454,,,,,,,
189592,,,,,,,,,,,,,,,,,,,,,,,38346,,,,,,
189952,,,,,,,,,,,,,,,,,,,,,,38556,,,,,,,
189995,56800,59700,57900,56400,56600,70000,1.2e+06,1.2e+06,1.2e+06,1.2e+06,1.596e+06,1.596e+06,,78122.251,,,,,,,,,,0,0,0,0,100,100
190096,,,,,,,,,,,,,,,,,,,,,,,38448,,,,,,
190454,,,,,,,,,,,,,,,,,,,,,,38658,,,,,,,
190600,,,,,,,,,,,,,,,,,,,,,,,38550,,,,,,
190956,,,,,,,,,,,,,,,,,,,,,,38760,,,,,,,
190995,56800,59700,58100,56000,56400,70000,1.2e+06,1.2e+06,1.2e+06,1.2e+06,1.596e+06,1.596e+06,26.284,78131.045,,,,,,,,,,0,0,0,0,100,100
191104,,,,,,,,,,,,,,,,,,,,,,,38652,,,,,,
191458,,,,,,,,,,,,,,,,,,,,,,38862,,,,,,,
191608,,,,,,,,,,,,,,,,,,,,,,,38754,,,,,,
191960,,,,,,,,,,,,,,,,,,,,,,38964,,,,,,,
191994,56800,59900,58100,56400,56600,70000,1.2e+06,1.2e+06,1.2e+06,1.2e+06,1.596e+06,1.596e+06,,78139.796,,,,,,,,,,0,0,0,0,100,100
192112,,,,,,,,,,,,,,,,,,,,,,,38856,,,,,,
192462,,,,,,,,,,,,,,,,,,,,,,39066,,,,,,,
192616,,,,,,,,,,,,,,,,,,,,,,,38958,,,,,,
192964,,,,,,,,,,,,,,,,,,,,,,39168,,,,,,,
192995,57000,59900,57900,56400,56600,70000,1.2e+06,1.2e+06,1.2e+06,1.2e+06,1.596e+06,1.596e+06,,78148.602,,,,,,,,,,0.990099,0.990099,0,0,100,100
193119,,,,,,,,,,,,,,,,,,,,,,,39060,,,,,,
193467,,,,,,,,,,,,,,,,,,,,,,39270,,,,,,,
193623,,,,,,,,,,,,,,,,,,,,,,,39162,,,,,,
193969,,,,,,,,,,,,,,,,,,,,,,39372,,,,,,,
193995,56800,59900,57900,56400,56600,70000,1.2e+06,1.2e+06,1.2e+06,1.2e+06,1.596e+06,1.596e+06,,78157.407,,,,,,,,,,0,0,0,0.990099,100,100
194127,,,,,,,,,,,,,,,,,,,,,,,39264,,,,,,
194471,,,,,,,,,,,,,,,,,,,,,,39474,,,,,,,
194631,,,,,,,,,,,,,,,,,,,,,,,39366,,,,,,
194973,,,,,,,,,,,,,,,,,,,,,,39576,,,,,,,
194995,57000,59900,57900,56400,56600,70000,1.2e+06,1.2e+06,1.2e+06,1.2e+06,1.596e+06,1.596e+06,,78166.147,,,,,,,,,,0,0,0,0,100,100
195135,,,,,,,,,,,,,,,,,,,,,,,39468,,,,,,
195475,,,,,,,,,,,,,,,,,,,,,,39678,,,,,,,
195639,,,,,,,,,,,,,,,,,,,,,,,39570,,,,,,
195977,,,,,,,,,,,,,,,,,,,,,,39780,,,,,,,
195994,57000,59900,57900,56400,56600,70000,1.2e+06,1.2e+06,1.2e+06,1.2e+06,1.596e+06,1.596e+06,,78174.865,,,,,,,,,,0.990099,0,0,1,100,100
196143,,,,,,,,,,,,,,,,,,,,,,,39672,,,,,,
196479,,,,,,,,,,,,,,,,,,,,,,39882,,,,,,,
196647,,,,,,,,,,,,,,,,,,,,,,,39774,,,,,,
196981,,,,,,,,,,,,,,,,,,,,,,39984,,,,,,,
196994,57000,59900,57900,56600,56400,70000,1.2e+06,1.2e+06,1.2e+06,1.2e+06,1.596e+06,1.596e+06,,78183.695,,,,,,,,,,0,0,0,0.990099,100,100
197151,,,,,,,,,,,,,,,,,,,,,,,39876,,,,,,
197483,,,,,,,,,,,,,,,,,,,,,,40086,,,,,,,
197654,,,,,,,,,,,,,,,,,,,,,,,39978,,,,,,
197985,,,,,,,,,,,,,,,,,,,,,,40188,,,,,,,
197995,57200,60100,58300,56400,57000,70000,1.2e+06,1.2e+06,1.2e+06,1.2e+06,1.596e+06,1.596e+06,,78192.442,,,,,,,,,,0,1,0,0,100,100
198158,,,,,,,,,,,,,,,,,,,,,,,40080,,,,,,
198487,,,,,,,,,,,,,,,,,,,,,,40290,,,,,,,
198662,,,,,,,,,,,,,,,,,,,,,,,40182,,,,,,
198989,,,,,,,,,,,,,,,,,,,,,,40392,,,,,,,
198995,57200,60100,58300,56800,56800,70000,1.2e+06,1.2e+06,1.2e+06,1.2e+06,1.596e+06,1.596e+06,,78201.263,,,,,,,,,,0,0,0,0.990099,100,100
199166,,,,,,,,,,,,,,,,,,,,,,,40284,,,,,,
199492,,,,,,,,,,,,,,,,,,,,,,40494,,,,,,,
199670,,,,,,,,,,,,,,,,,,,,,,,40386,,,,,,
199994,,,,,,,,,,,,,,,,,,,,,,40596,,,,,,,
199995,57200,59900,58300,56400,56800,70000,1.2e+06,1.2e+06,1.2e+06,1.2e+06,1.596e+06,1.596e+06,,78210.013,,,,,,,,,,1,0,0,0,100,100
200174,,,,,,,,,,,,,,,,,,,,,,,40488,,,,,,
200496,,,,,,,,,,,,,,,,,,,,,,40698,,,,,,,
200678,,,,,,,,,,,,,,,,,,,,,,,40590,,,,,,
200994,57200,59900,58300,56800,56800,70000,1.2e+06,1.2e+06,1.2e+06,1.2e+06,1.596e+06,1.596e+06,26.273,78218.841,,,,,,,,,,0,0,0,1.96078,100,100
200998,,,,,,,,,,,,,,,,,,,,,,40800,,,,,,,
201182,,,,,,,,,,,,,,,,,,,,,,,40692,,,,,,
201500,,,,,,,,,,,,,,,,,,,,,,40902,,,,,,,
201685,,,,,,,,,,,,,,,,,,,,,,,40794,,,,,,
201995,57200,60100,58300,56600,56800,70000,1.2e+06,1.2e+06,1.2e+06,1.2e+06,1.596e+06,1.596e+06,,78227.670,,,,,,,,,,0,0,0,0,100,100
202002,,,,,,,,,,,,,,,,,,,,,,41004,,,,,,,
202189,,,,,,,,,,,,,,,,,,,,,,,40896,,,,,,
202504,,,,,,,,,,,,,,,,,,,,,,41106,,,,,,,
202693,,,,,,,,,,,,,,,,,,,,,,,40998,,,,,,
202994,57000,60100,58300,56800,56600,70000,1.2e+06,1.2e+06,1.2e+06,1.2e+06,1.596e+06,1.596e+06,,78236.404,,,,,,,,,,0,0,0,0,100,100
203006,,,,,,,,,,,,,,,,,,,,,,41208,,,,,,,
203197,,,,,,,,,,,,,,,,,,,,,,,41100,,,,,,
203508,,,,,,,,,,,,,,,,,,,,,,41310,,,,,,,
203701,,,,,,,,,,,,,,,,,,,,,,,41202,,,,,,
203994,57200,60100,58300,56600,56800,70000,1.2e+06,1.2e+06,1.2e+06,1.2e+06,1.596e+06,1.596e+06,,78245.239,,,,,,,,,,0.990099,0.990099,0,0,100,100
204010,,,,,,,,,,,,,,,,,,,,,,41412,,,,,,,
204205,,,,,,,,,,,,,,,,,,,,,,,41304,,,,,,
204513,,,,,,,,,,,,,,,,,,,,,,41514,,,,,,,
204709,,,,,,,,,,,,,,,,,,,,,,,41406,,,,,,
204994,57200,59900,58300,56800,56800,70000,1.2e+06,1.2e+06,1.2e+06,1.2e+06,1.596e+06,1.596e+06,,78253.977,,,,,,,,,,0,0,0,0,100,100
205015,,,,,,,,,,,,,,,,,,,,,,41616,,,,,,,
205213,,,,,,,,,,,,,,,,,,,,,,,41508,,,,,,
205517,,,,,,,,,,,,,,,,,,,,,,41718,,,,,,,
205716,,,,,,,,,,,,,,,,,,,,,,,41610,,,,,,
205995,57200,60300,58300,56600,56800,70000,1.2e+06,1.2e+06,1.2e+06,1.2e+06,1.596e+06,1.596e+06,,78262.799,,,,,,,,,,0,0,0,0,100,100
206019,,,,,,,,,,,,,,,,,,,,,,41820,,,,,,,
206220,,,,,,,,,,,,,,,,,,,,,,,41712,,,,,,
206521,,,,,,,,,,,,,,,,,,,,,,41922,,,,,,,
206724,,,,,,,,,,,,,,,,,,,,,,,41814,,,,,,
206995,57200,60100,58300,56800,56800,70000,1.2e+06,1.2e+06,1.2e+06,1.2e+06,1.596e+06,1.596e+06,,78271.538,,,,,,,,,,0,0.990099,0,0,100,100
207023,,,,,,,,,,,,,,,,,,,,,,42024,,,,,,,
207228,,,,,,,,,,,,,,,,,,,,,,,41916,,,,,,
207525,,,,,,,,,,,,,,,,,,,,,,42126,,,,,,,
207732,,,,,,,,,,,,,,,,,,,,,,,42018,,,,,,
207995,57200,60100,58300,56600,56800,70000,1.2e+06,1.2e+06,1.2e+06,1.2e+06,1.596e+06,1.596e+06,,78280.356,,,,,,,,,,1.9802,0,0,0.990099,100,100
208027,,,,,,,,,,,,,,,,,,,,,,42228,,,,,,,
208236,,,,,,,,,,,,,,,,,,,,,,,42120,,,,,,
208529,,,,,,,,,,,,,,,,,,,,,,42330,,,,,,,
208740,,,,,,,,,,,,,,,,,,,,,,,42222,,,,,,
208995,57400,60300,58500,57000,57000,70000,1.2e+06,1.2e+06,1.2e+06,1.2e+06,1.596e+06,1.596e+06,,78289.095,,,,,,,,,,0,0,0,0,100,100
209031,,,,,,,,,,,,,,,,,,,,,,42432,,,,,,,
209244,,,,,,,,,,,,,,,,,,,,,,,42324,,,,,,
209533,,,,,,,,,,,,,,,,,,,,,,42534,,,,,,,
209748,,,,,,,,,,,,,,,,,,,,,,,42426,,,,,,
209995,57400,60300,58500,56800,56800,70000,1.2e+06,1.2e+06,1.2e+06,1.2e+06,1.596e+06,1.596e+06,,78297.898,,,,,,,,,,0,0,0,0.990099,100,100
210035,,,,,,,,,,,,,,,,,,,,,,42636,,,,,,,
210251,,,,,,,,,,,,,,,,,,,,,,,42528,,,,,,
210537,,,,,,,,,,,,,,,,,,,,,,42738,,,,,,,
210755,,,,,,,,,,,,,,,,,,,,,,,42630,,,,,,
210995,57200,60300,58300,56600,57000,70000,1.2e+06,1.2e+06,1.2e+06,1.2e+06,1.596e+06,1.596e+06,26.284,78306.722,,,,,,,,,,0,0,0,0,100,100
211039,,,,,,,,,,,,,,,,,,,,,,42840,,,,,,,
211259,,,,,,,,,,,,,,,,,,,,,,,42732,,,,,,
211542,,,,,,,,,,,,,,,,,,,,,,42942,,,,,,,
211763,,,,,,,,,,,,,,,,,,,,,,,42834,,,,,,
211995,57400,60300,58500,56800,57000,70000,1.2e+06,1.2e+06,1.2e+06,1.2e+06,1.596e+06,1.596e+06,,78315.460,,,,,,,,,,0.990099,0,0,1,100,100
212044,,,,,,,,,,,,,,,,,,,,,,43044,,,,,,,
212267,,,,,,,,,,,,,,,,,,,,,,,42936,,,,,,
212546,,,,,,,,,,,,,,,,,,,,,,43146,,,,,,,
212771,,,,,,,,,,,,,,,,,,,,,,,43038,,,,,,
212995,57200,60300,58300,56800,57000,70000,1.2e+06,1.2e+06,1.2e+06,1.2e+06,1.596e+06,1.596e+06,,78322.101,,,,,,,,,,0,0,0,0.990099,100,100
213048,,,,,,,,,,,,,,,,,,,,,,43248,,,,,,,
213275,,,,,,,,,,,,,,,,,,,,,,,43140,,,,,,
213550,,,,,,,,,,,,,,,,,,,,,,43350,,,,,,,
213779,,,,,,,,,,,,,,,,,,,,,,,43242,,,,,,
213994,57200,60300,58700,56800,56800,70000,1.2e+06,1.2e+06,1.2e+06,1.2e+06,1.596e+06,1.596e+06,,78330.846,,,,,,,,,,0,0.990099,0,0,100,100
214052,,,,,,,,,,,,,,,,,,,,,,43452,,,,,,,
214283,,,,,,,,,,,,,,,,,,,,,,,43344,,,,,,
214554,,,,,,,,,,,,,,,,,,,,,,43554,,,,,,,
214786,,,,,,,,,,,,,,,,,,,,,,,43446,,,,,,
214995,57200,60300,58300,56800,56800,70000,1.2e+06,1.2e+06,1.2e+06,1.2e+06,1.596e+06,1.596e+06,,78339.683,,,,,,,,,,0.990099,0,0,0,100,100
215056,,,,,,,,,,,,,,,,,,,,,,43656,,,,,,,
215290,,,,,,,,,,,,,,,,,,,,,,,43548,,,,,,
215558,,,,,,,,,,,,,,,,,,,,,,43758,,,,,,,
215794,,,,,,,,,,,,,,,,,,,,,,,43650,,,,,,
215994,57200,60100,58500,56800,56800,70000,1.2e+06,1.2e+06,1.2e+06,1.2e+06,1.596e+06,1.596e+06,,78348.515,,,,,,,,,,0,0.990099,0,1.9802,100,100
216060,,,,,,,,,,,,,,,,,,,,,,43860,,,,,,,
216298,,,,,,,,,,,,,,,,,,,,,,,43752,,,,,,
216563,,,,,,,,,,,,,,,,,,,,,,43962,,,,,,,
216802,,,,,,,,,,,,,,,,,,,,,,,43854,,,,,,
216994,57200,60300,58300,57000,56800,70000,1.2e+06,1.2e+06,1.2e+06,1.2e+06,1.596e+06,1.596e+06,,78357.235,,,,,,,,,,0,0,0.990099,0,100,100
217065,,,,,,,,,,,,,,,,,,,,,,44064,,,,,,,
217306,,,,,,,,,,,,,,,,,,,,,,,43956,,,,,,
217567,,,,,,,,,,,,,,,,,,,,,,44166,,,,,,,
217810,,,,,,,,,,,,,,,,,,,,,,,44058,,,,,,
217995,57200,60300,58700,56800,57000,70000,1.2e+06,1.2e+06,1.2e+06,1.2e+06,1.596e+06,1.596e+06,,78366.076,,,,,,,,,,0,0,0,0,100,100
218069,,,,,,,,,,,,,,,,,,,,,,44268,,,,,,,
218314,,,,,,,,,,,,,,,,,,,,,,,44160,,,,,,
218571,,,,,,,,,,,,,,,,,,,,,,44370,,,,,,,
218817,,,,,,,,,,,,,,,,,,,,,,,44262,,,,,,
218995,57400,60100,58700,56800,57200,70000,1.2e+06,1.2e+06,1.2e+06,1.2e+06,1.596e+06,1.596e+06,,78374.842,,,,,,,,,,1,0,0,0.990099,100,100
219073,,,,,,,,,,,,,,,,,,,,,,44472,,,,,,,
219321,,,,,,,,,,,,,,,,,,,,,,,44364,,,,,,
219575,,,,,,,,,,,,,,,,,,,,,,44574,,,,,,,
219825,,,,,,,,,,,,,,,,,,,,,,,44466,,,,,,
219994,57200,60300,58700,56800,57000,70000,1.2e+06,1.2e+06,1.2e+06,1.2e+06,1.596e+06,1.596e+06,,78383.661,,,,,,,,,,0,0,0,1,100,100
220077,,,,,,,,,,,,,,,,,,,,,,44676,,,,,,,
220329,,,,,,,,,,,,,,,,,,,,,,,44568,,,,,,
220580,,,,,,,,,,,,,,,,,,,,,,44778,,,,,,,
220833,,,,,,,,,,,,,,,,,,,,,,,44670,,,,,,
220994,57200,60100,58700,57200,57000,70000,1.2e+06,1.2e+06,1.2e+06,1.2e+06,1.596e+06,1.596e+06,26.305,78392.406,,,,,,,,,,0,0,0,0,100,100
221082,,,,,,,,,,,,,,,,,,,,,,44880,,,,,,,
221337,,,,,,,,,,,,,,,,,,,,,,,44772,,,,,,
221584,,,,,,,,,,,,,,,,,,,,,,44982,,,,,,,
221841,,,,,,,,,,,,,,,,,,,,,,,44874,,,,,,
221995,57400,60300,58500,57000,57000,70000,1.2e+06,1.2e+06,1.2e+06,1.2e+06,1.596e+06,1.596e+06,,78401.241,,,,,,,,,,0,0,0,0.990099,100,100
222086,,,,,,,,,,,,,,,,,,,,,,45084,,,,,,,
222345,,,,,,,,,,,,,,,,,,,,,,,44976,,,,,,
222588,,,,,,,,,,,,,,,,,,,,,,45186,,,,,,,
222848,,,,,,,,,,,,,,,,,,,,,,,45078,,,,,,
222995,57500,60500,58500,57000,57200,70000,1.2e+06,1.2e+06,1.2e+06,1.2e+06,1.596e+06,1.596e+06,,78409.980,,,,,,,,,,0.990099,0,0,0,100,100
223090,,,,,,,,,,,,,,,,,,,,,,45288,,,,,,,
223352,,,,,,,,,,,,,,,,,,,,,,,45180,,,,,,
223592,,,,,,,,,,,,,,,,,,,,,,45390,,,,,,,
223856,,,,,,,,,,,,,,,,,,,,,,,45282,,,,,,
223994,57500,60300,58500,57000,57000,70000,1.2e+06,1.2e+06,1.2e+06,1.2e+06,1.596e+06,1.596e+06,,78418.802,,,,,,,,,,0,0,0,0.990099,100,100
224094,,,,,,,,,,,,,,,,,,,,,,45492,,,,,,,
224360,,,,,,,,,,,,,,,,,,,,,,,45384,,,,,,
224596,,,,,,,,,,,,,,,,,,,,,,45594,,,,,,,
224864,,,,,,,,,,,,,,,,,,,,,,,45486,,,,,,
224994,57400,60500,58700,57000,57200,70000,1.2e+06,1.2e+06,1.2e+06,1.2e+06,1.596e+06,1.596e+06,,78427.545,,,,,,,,,,0,0,0,1,100,100
225098,,,,,,,,,,,,,,,,,,,,,,45696,,,,,,,
225368,,,,,,,,,,,,,,,,,,,,,,,45588,,,,,,
225601,,,,,,,,,,,,,,,,,,,,,,45798,,,,,,,
225872,,,,,,,,,,,,,,,,,,,,,,,45690,,,,,,
225995,57500,60700,58700,57200,57400,70000,1.2e+06,1.2e+06,1.2e+06,1.2e+06,1.596e+06,1.596e+06,,78436.383,,,,,,,,,,0,0,0,0,100,100
226103,,,,,,,,,,,,,,,,,,,,,,45900,,,,,,,
226376,,,,,,,,,,,,,,,,,,,,,,,45792,,,,,,
226605,,,,,,,,,,,,,,,,,,,,,,46002,,,,,,,
226880,,,,,,,,,,,,,,,,,,,,,,,45894,,,,,,
226995,57500,60500,58700,57200,57200,70000,1.2e+06,1.2e+06,1.2e+06,1.2e+06,1.596e+06,1.596e+06,,78445.115,,,,,,,,,,1,0,0,0,100,100
227107,,,,,,,,,,,,,,,,,,,,,,46104,,,,,,,
227383,,,,,,,,,,,,,,,,,,,,,,,45996,,,,,,
227609,,,,,,,,,,,,,,,,,,,,,,46206,,,,,,,
227887,,,,,,,,,,,,,,,,,,,,,,,46098,,,,,,
227995,57500,60700,58700,57000,57200,70000,1.2e+06,1.2e+06,1.2e+06,1.2e+06,1.596e+06,1.596e+06,,78453.953,,,,,,,,,,0,0,0,0,100,100
228111,,,,,,,,,,,,,,,,,,,,,,46308,,,,,,,
228391,,,,,,,,,,,,,,,,,,,,,,,46200,,,,,,
228614,,,,,,,,,,,,,,,,,,,,,,46410,,,,,,,
228895,,,,,,,,,,,,,,,,,,,,,,,46302,,,,,,
228994,57500,60500,58900,57200,57200,70000,1.2e+06,1.2e+06,1.2e+06,1.2e+06,1.596e+06,1.596e+06,,78462.701,,,,,,,,,,1,0,0,0,100,100
229116,,,,,,,,,,,,,,,,,,,,,,46512,,,,,,,
229399,,,,,,,,,,,,,,,,,,,,,,,46404,,,,,,
229618,,,,,,,,,,,,,,,,,,,,,,46614,,,,,,,
229903,,,,,,,,,,,,,,,,,,,,,,,46506,,,,,,
229995,57500,60500,58700,57200,57200,70000,1.2e+06,1.2e+06,1.2e+06,1.2e+06,1.596e+06,1.596e+06,,78471.525,,,,,,,,,,0.990099,0,0,0,100,100
230120,,,,,,,,,,,,,,,,,,,,,,46716,,,,,,,
230407,,,,,,,,,,,,,,,,,,,,,,,46608,,,,,,
230622,,,,,,,,,,,,,,,,,,,,,,46818,,,,,,,
230910,,,,,,,,,,,,,,,,,,,,,,,46710,,,,,,
230995,57500,60700,58700,57200,57000,70000,1.2e+06,1.2e+06,1.2e+06,1.2e+06,1.596e+06,1.596e+06,26.305,78480.272,,,,,,,,,,0,0,0,0.990099,100,100
231124,,,,,,,,,,,,,,,,,,,,,,46920,,,,,,,
231414,,,,,,,,,,,,,,,,,,,,,,,46812,,,,,,
231626,,,,,,,,,,,,,,,,,,,,,,47022,,,,,,,
231918,,,,,,,,,,,,,,,,,,,,,,,46914,,,,,,
231995,57500,60500,58700,57200,57200,70000,1.2e+06,1.2e+06,1.2e+06,1.2e+06,1.596e+06,1.596e+06,,78489.111,,,,,,,,,,0,0,0,0,100,100
232128,,,,,,,,,,,,,,,,,,,,,,47124,,,,,,,
232422,,,,,,,,,,,,,,,,,,,,,,,47016,,,,,,
232630,,,,,,,,,,,,,,,,,,,,,,47226,,,,,,,
232926,,,,,,,,,,,,,,,,,,,,,,,47118,,,,,,
232995,57500,60700,58700,57200,57200,70000,1.2e+06,1.2e+06,1.2e+06,1.2e+06,1.596e+06,1.596e+06,,78497.949,,,,,,,,,,0,0,0,1.9802,100,100
233133,,,,,,,,,,,,,,,,,,,,,,47328,,,,,,,
233430,,,,,,,,,,,,,,,,,,,,,,,47220,,,,,,
233635,,,,,,,,,,,,,,,,,,,,,,47430,,,,,,,
233934,,,,,,,,,,,,,,,,,,,,,,,47322,,,,,,
233995,57500,60500,58700,57400,57500,70000,1.2e+06,1.2e+06,1.2e+06,1.2e+06,1.596e+06,1.596e+06,,78506.693,,,,,,,,,,0.990099,0,0,0,100,100
234137,,,,,,,,,,,,,,,,,,,,,,47532,,,,,,,
234438,,,,,,,,,,,,,,,,,,,,,,,47424,,,,,,
234639,,,,,,,,,,,,,,,,,,,,,,47634,,,,,,,
234942,,,,,,,,,,,,,,,,,,,,,,,47526,,,,,,
234994,57500,60700,58700,57200,57200,70000,1.2e+06,1.2e+06,1.2e+06,1.2e+06,1.596e+06,1.596e+06,,78515.462,,,,,,,,,,0,0,0,0,100,100
235141,,,,,,,,,,,,,,,,,,,,,,47736,,,,,,,
235446,,,,,,,,,,,,,,,,,,,,,,,47628,,,,,,
235643,,,,,,,,,,,,,,,,,,,,,,47838,,,,,,,
235949,,,,,,,,,,,,,,,,,,,,,,,47730,,,,,,
235994,57500,60500,58700,57200,57200,70000,1.2e+06,1.2e+06,1.2e+06,1.2e+06,1.596e+06,1.596e+06,,78524.303,,,,,,,,,,0,0,0,0.990099,100,100
236145,,,,,,,,,,,,,,,,,,,,,,47940,,,,,,,
236453,,,,,,,,,,,,,,,,,,,,,,,47832,,,,,,
236647,,,,,,,,,,,,,,,,,,,,,,48042,,,,,,,
236957,,,,,,,,,,,,,,,,,,,,,,,47934,,,,,,
236995,57500,60700,59100,57200,57400,70000,1.2e+06,1.2e+06,1.2e+06,1.2e+06,1.596e+06,1.596e+06,,78533.067,,,,,,,,,,0,0,0,0,100,100
237150,,,,,,,,,,,,,,,,,,,,,,48144,,,,,,,
237461,,,,,,,,,,,,,,,,,,,,,,,48036,,,,,,
237652,,,,,,,,,,,,,,,,,,,,,,48246,,,,,,,
237965,,,,,,,,,,,,,,,,,,,,,,,48138,,,,,,
237994,57900,60500,58700,57200,57200,70000,1.2e+06,1.2e+06,1.2e+06,1.2e+06,1.596e+06,1.596e+06,,78541.909,,,,,,,,,,1,0,0,0,100,100
238154,,,,,,,,,,,,,,,,,,,,,,48348,,,,,,,
238469,,,,,,,,,,,,,,,,,,,,,,,48240,,,,,,
238656,,,,,,,,,,,,,,,,,,,,,,48450,,,,,,,
238973,,,,,,,,,,,,,,,,,,,,,,,48342,,,,,,
238995,57900,61100,59100,57500,57400,70000,1.2e+06,1.2e+06,1.2e+06,1.2e+06,1.596e+06,1.596e+06,,78550.721,,,,,,,,,,0,0.990099,0,0,100,100
239158,,,,,,,,,,,,,,,,,,,,,,48552,,,,,,,
239477,,,,,,,,,,,,,,,,,,,,,,,48444,,,,,,
239660,,,,,,,,,,,,,,,,,,,,,,48654,,,,,,,
239980,,,,,,,,,,,,,,,,,,,,,,,48546,,,,,,
239995,57500,60500,59100,57200,57400,70000,1.2e+06,1.2e+06,1.2e+06,1.2e+06,1.596e+06,1.596e+06,,78559.471,,,,,,,,,,0,0,0,0,100,100
240162,,,,,,,,,,,,,,,,,,,,,,48756,,,,,,,
240484,,,,,,,,,,,,,,,,,,,,,,,48648,,,,,,
240664,,,,,,,,,,,,,,,,,,,,,,48858,,,,,,,
240988,,,,,,,,,,,,,,,,,,,,,,,48750,,,,,,
240994,57900,60900,59100,57200,57400,70000,1.2e+06,1.2e+06,1.2e+06,1.2e+06,1.596e+06,1.596e+06,26.305,78568.321,,,,,,,,,,0,0,0,0,100,100
241166,,,,,,,,,,,,,,,,,,,,,,48960,,,,,,,
241492,,,,,,,,,,,,,,,,,,,,,,,48852,,,,,,
241668,,,,,,,,,,,,,,,,,,,,,,49062,,,,,,,
241995,57700,60900,58900,57200,57500,70000,1.2e+06,1.2e+06,1.2e+06,1.2e+06,1.596e+06,1.596e+06,,78577.067,,,,,,,,,,0.990099,0,0,0,100,100
241996,,,,,,,,,,,,,,,,,,,,,,,48954,,,,,,
242171,,,,,,,,,,,,,,,,,,,,,,49164,,,,,,,
242500,,,,,,,,,,,,,,,,,,,,,,,49056,,,,,,
242673,,,,,,,,,,,,,,,,,,,,,,49266,,,,,,,
242995,57900,60900,58900,57400,57500,70000,1.2e+06,1.2e+06,1.2e+06,1.2e+06,1.596e+06,1.596e+06,,78585.922,,,,,,,,,,0,0,0,0,100,100
243004,,,,,,,,,,,,,,,,,,,,,,,49158,,,,,,
243175,,,,,,,,,,,,,,,,,,,,,,49368,,,,,,,
243508,,,,,,,,,,,,,,,,,,,,,,,49260,,,,,,
243677,,,,,,,,,,,,,,,,,,,,,,49470,,,,,,,
243994,57900,60700,59100,57200,57400,70000,1.2e+06,1.2e+06,1.2e+06,1.2e+06,1.596e+06,1.596e+06,,78594.687,,,,,,,,,,0,0,0,0,100,100
244012,,,,,,,,,,,,,,,,,,,,,,,49362,,,,,,
244179,,,,,,,,,,,,,,,,,,,,,,49572,,,,,,,
244516,,,,,,,,,,,,,,,,,,,,,,,49464,,,,,,
244681,,,,,,,,,,,,,,,,,,,,,,49674,,,,,,,
244995,57900,60900,59100,57400,57200,70000,1.2e+06,1.2e+06,1.2e+06,1.2e+06,1.596e+06,1.596e+06,,78603.524,,,,,,,,,,0,1,0,0,100,100
245019,,,,,,,,,,,,,,,,,,,,,,,49566,,,,,,
245183,,,,,,,,,,,,,,,,,,,,,,49776,,,,,,,
245523,,,,,,,,,,,,,,,,,,,,,,,49668,,,,,,
245686,,,,,,,,,,,,,,,,,,,,,,49878,,,,,,,
245995,57900,60900,59100,57400,57500,70000,1.2e+06,1.2e+06,1.2e+06,1.2e+06,1.596e+06,1.596e+06,,78612.291,,,,,,,,,,1,0,0,0,100,100
246027,,,,,,,,,,,,,,,,,,,,,,,49770,,,,,,
246188,,,,,,,,,,,,,,,,,,,,,,49980,,,,,,,
246531,,,,,,,,,,,,,,,,,,,,,,,49872,,,,,,
246690,,,,,,,,,,,,,,,,,,,,,,50082,,,,,,,
246994,57900,60900,58900,57200,57400,70000,1.2e+06,1.2e+06,1.2e+06,1.2e+06,1.596e+06,1.596e+06,,78621.128,,,,,,,,,,1,0,0,0,100,100
247035,,,,,,,,,,,,,,,,,,,,,,,49974,,,,,,
247192,,,,,,,,,,,,,,,,,,,,,,50184,,,,,,,
247539,,,,,,,,,,,,,,,,,,,,,,,50076,,,,,,
247694,,,,,,,,,,,,,,,,,,,,,,50286,,,,,,,
247995,57700,60900,58900,57200,57400,70000,1.2e+06,1.2e+06,1.2e+06,1.2e+06,1.596e+06,1.596e+06,,78629.882,,,,,,,,,,1,0,0,0,100,100
248043,,,,,,,,,,,,,,,,,,,,,,,50178,,,,,,
248196,,,,,,,,,,,,,,,,,,,,,,50388,,,,,,,
248547,,,,,,,,,,,,,,,,,,,,,,,50280,,,,,,
248698,,,,,,,,,,,,,,,,,,,,,,50490,,,,,,,
248994,57700,60700,59100,57400,57200,70000,1.2e+06,1.2e+06,1.2e+06,1.2e+06,1.596e+06,1.596e+06,,78638.735,,,,,,,,,,0,0,0,0,100,100
249051,,,,,,,,,,,,,,,,,,,,,,,50382,,,,,,
249200,,,,,,,,,,,,,,,,,,,,,,50592,,,,,,,
249555,,,,,,,,,,,,,,,,,,,,,,,50484,,,,,,
249702,,,,,,,,,,,,,,,,,,,,,,50694,,,,,,,
249995,57700,60500,58700,57200,57200,70000,1.2e+06,1.2e+06,1.2e+06,1.2e+06,1.596e+06,1.596e+06,,78647.499,,,,,,,,,,2.91262,0,0,0.990099,100,100
250058,,,,,,,,,,,,,,,,,,,,,,,50586,,,,,,
250205,,,,,,,,,,,,,,,,,,,,,,50796,,,,,,,
250562,,,,,,,,,,,,,,,,,,,,,,,50688,,,,,,
250707,,,,,,,,,,,,,,,,,,,,,,50898,,,,,,,
250995,57700,60700,59100,57200,57500,70000,1.2e+06,1.2e+06,1.2e+06,1.2e+06,1.596e+06,1.596e+06,26.316,78656.353,,,,,,,,,,0,0,0,0,100,100
251066,,,,,,,,,,,,,,,,,,,,,,,50790,,,,,,
251209,,,,,,,,,,,,,,,,,,,,,,51000,,,,,,,
251570,,,,,,,,,,,,,,,,,,,,,,,50892,,,,,,
251711,,,,,,,,,,,,,,,,,,,,,,51102,,,,,,,
251995,57700,60700,59100,57500,57200,70000,1.2e+06,1.2e+06,1.2e+06,1.2e+06,1.596e+06,1.596e+06,,78665.112,,,,,,,,,,0,0,0,0,100,100
252074,,,,,,,,,,,,,,,,,,,,,,,50994,,,,,,
252213,,,,,,,,,,,,,,,,,,,,,,51204,,,,,,,
252578,,,,,,,,,,,,,,,,,,,,,,,51096,,,,,,
252715,,,,,,,,,,,,,,,,,,,,,,51306,,,,,,,
252994,57700,60700,59100,57200,57400,70000,1.2e+06,1.2e+06,1.2e+06,1.2e+06,1.596e+06,1.596e+06,,78673.959,,,,,,,,,,1.9802,0,0,0,100,100
253082,,,,,,,,,,,,,,,,,,,,,,,51198,,,,,,
253217,,,,,,,,,,,,,,,,,,,,,,51408,,,,,,,
253586,,,,,,,,,,,,,,,,,,,,,,,51300,,,,,,
253719,,,,,,,,,,,,,,,,,,,,,,51510,,,,,,,
253994,57900,60700,59100,57500,57500,70000,1.2e+06,1.2e+06,1.2e+06,1.2e+06,1.596e+06,1.596e+06,,78682.720,,,,,,,,,,1.9802,0,0,0,100,100
254090,,,,,,,,,,,,,,,,,,,,,,,51402,,,,,,
254221,,,,,,,,,,,,,,,,,,,,,,51612,,,,,,,
254593,,,,,,,,,,,,,,,,,,,,,,,51504,,,,,,
254724,,,,,,,,,,,,,,,,,,,,,,51714,,,,,,,
254995,57900,60900,59100,57500,57500,70000,1.2e+06,1.2e+06,1.2e+06,1.2e+06,1.596e+06,1.596e+06,,78691.553,,,,,,,,,,0,0,0,0,100,100
255097,,,,,,,,,,,,,,,,,,,,,,,51606,,,,,,
255226,,,,,,,,,,,,,,,,,,,,,,51816,,,,,,,
255601,,,,,,,,,,,,,,,,,,,,,,,51708,,,,,,
255728,,,,,,,,,,,,,,,,,,,,,,51918,,,,,,,
255995,57700,60900,59100,57400,57500,70000,1.2e+06,1.2e+06,1.2e+06,1.2e+06,1.596e+06,1.596e+06,,78700.331,,,,,,,,,,0,0,0,1,100,100
256105,,,,,,,,,,,,,,,,,,,,,,,51810,,,,,,
256230,,,,,,,,,,,,,,,,,,,,,,52020,,,,,,,
256609,,,,,,,,,,,,,,,,,,,,,,,51912,,,,,,
256732,,,,,,,,,,,,,,,,,,,,,,52122,,,,,,,
256994,57700,60700,59100,57400,57500,70000,1.2e+06,1.2e+06,1.2e+06,1.2e+06,1.596e+06,1.596e+06,,78709.189,,,,,,,,,,0,0,0,0,100,100
257113,,,,,,,,,,,,,,,,,,,,,,,52014,,,,,,
257234,,,,,,,,,,,,,,,,,,,,,,52224,,,,,,,
257617,,,,,,,,,,,,,,,,,,,,,,,52116,,,,,,
257736,,,,,,,,,,,,,,,,,,,,,,52326,,,,,,,
257994,58300,61100,59100,57400,57500,70000,1.2e+06,1.2e+06,1.2e+06,1.2e+06,1.596e+06,1.596e+06,,78717.966,,,,,,,,,,1.96078,0,0,0,100,100
258121,,,,,,,,,,,,,,,,,,,,,,,52218,,,,,,
258238,,,,,,,,,,,,,,,,,,,,,,52428,,,,,,,
258625,,,,,,,,,,,,,,,,,,,,,,,52320,,,,,,
258740,,,,,,,,,,,,,,,,,,,,,,52530,,,,,,,
258995,57900,60900,59100,57400,57500,70000,1.2e+06,1.2e+06,1.2e+06,1.2e+06,1.596e+06,1.596e+06,,78726.803,,,,,,,,,,0,0,0,0,100,100
259128,,,,,,,,,,,,,,,,,,,,,,,52422,,,,,,
259243,,,,,,,,,,,,,,,,,,,,,,52632,,,,,,,
259632,,,,,,,,,,,,,,,,,,,,,,,52524,,,,,,
259745,,,,,,,,,,,,,,,,,,,,,,52734,,,,,,,
259995,57900,60900,59500,57500,57500,70000,1.2e+06,1.2e+06,1.2e+06,1.2e+06,1.596e+06,1.596e+06,,78735.570,,,,,,,,,,0,0,0,0,100,100
260136,,,,,,,,,,,,,,,,,,,,,,,52626,,,,,,
260247,,,,,,,,,,,,,,,,,,,,,,52836,,,,,,,
260640,,,,,,,,,,,,,,,,,,,,,,,52728,,,,,,
260749,,,,,,,,,,,,,,,,,,,,,,52938,,,,,,,
260995,57900,61100,59100,57500,57700,70000,1.2e+06,1.2e+06,1.2e+06,1.2e+06,1.596e+06,1.596e+06,26.316,78744.341,,,,,,,,,,0,0,0,0,100,100
261144,,,,,,,,,,,,,,,,,,,,,,,52830,,,,,,
261251,,,,,,,,,,,,,,,,,,,,,,53040,,,,,,,
261648,,,,,,,,,,,,,,,,,,,,,,,52932,,,,,,
261753,,,,,,,,,,,,,,,,,,,,,,53142,,,,,,,
261995,57900,60900,59100,57200,57500,70000,1.2e+06,1.2e+06,1.2e+06,1.2e+06,1.596e+06,1.596e+06,,78750.923,,,,,,,,,,1.9802,0,0,0,100,100
262152,,,,,,,,,,,,,,,,,,,,,,,53034,,,,,,
262255,,,,,,,,,,,,,,,,,,,,,,53244,,,,,,,
262656,,,,,,,,,,,,,,,,,,,,,,,53136,,,,,,
262757,,,,,,,,,,,,,,,,,,,,,,53346,,,,,,,
262995,57900,60900,59100,57500,57500,70000,1.2e+06,1.2e+06,1.2e+06,1.2e+06,1.596e+06,1.596e+06,,78759.872,,,,,,,,,,0,0,0,0,100,100
263160,,,,,,,,,,,,,,,,,,,,,,,53238,,,,,,
263259,,,,,,,,,,,,,,,,,,,,,,53448,,,,,,,
263664,,,,,,,,,,,,,,,,,,,,,,,53340,,,,,,
263762,,,,,,,,,,,,,,,,,,,,,,53550,,,,,,,
263994,57900,61100,59500,57400,57500,70000,1.2e+06,1.2e+06,1.2e+06,1.2e+06,1.596e+06,1.596e+06,,78768.643,,,,,,,,,,1,0,0,0,100,100
264168,,,,,,,,,,,,,,,,,,,,,,,53442,,,,,,
264264,,,,,,,,,,,,,,,,,,,,,,53652,,,,,,,
264671,,,,,,,,,,,,,,,,,,,,,,,53544,,,,,,
264766,,,,,,,,,,,,,,,,,,,,,,53754,,,,,,,
264995,58100,61100,59100,57500,57500,70000,1.2e+06,1.2e+06,1.2e+06,1.2e+06,1.596e+06,1.596e+06,,78777.496,,,,,,,,,,0,1.96078,0,0,100,100
265175,,,,,,,,,,,,,,,,,,,,,,,53646,,,,,,
265268,,,,,,,,,,,,,,,,,,,,,,53856,,,,,,,
265679,,,,,,,,,,,,,,,,,,,,,,,53748,,,,,,
265770,,,,,,,,,,,,,,,,,,,,,,53958,,,,,,,
265995,57900,61100,59100,57500,57500,70000,1.2e+06,1.2e+06,1.2e+06,1.2e+06,1.596e+06,1.596e+06,,78786.352,,,,,,,,,,1,1,0,0,100,100
266183,,,,,,,,,,,,,,,,,,,,,,,53850,,,,,,
266272,,,,,,,,,,,,,,,,,,,,,,54060,,,,,,,
266687,,,,,,,,,,,,,,,,,,,,,,,53952,,,,,,
266774,,,,,,,,,,,,,,,,,,,,,,54162,,,,,,,
266995,57700,60900,59100,57200,57400,70000,1.2e+06,1.2e+06,1.2e+06,1.2e+06,1.596e+06,1.596e+06,,78795.136,,,,,,,,,,0,0,0,0,100,100
267191,,,,,,,,,,,,,,,,,,,,,,,54054,,,,,,
267276,,,,,,,,,,,,,,,,,,,,,,54264,,,,,,,
267695,,,,,,,,,,,,,,,,,,,,,,,54156,,,,,,
267778,,,,,,,,,,,,,,,,,,,,,,54366,,,,,,,
267994,57700,60900,59100,57500,57500,70000,1.2e+06,1.2e+06,1.2e+06,1.2e+06,1.596e+06,1.596e+06,,78804.011,,,,,,,,,,0,0,0,0,100,100
268199,,,,,,,,,,,,,,,,,,,,,,,54258,,,,,,
268281,,,,,,,,,,,,,,,,,,,,,,54468,,,,,,,
268702,,,,,,,,,,,,,,,,,,,,,,,54360,,,,,,
268783,,,,,,,,,,,,,,,,,,,,,,54570,,,,,,,
268994,57900,60900,59100,57500,57500,70000,1.2e+06,1.2e+06,1.2e+06,1.2e+06,1.596e+06,1.596e+06,,78812.789,,,,,,,,,,1,1,0,0,100,100
269206,,,,,,,,,,,,,,,,,,,,,,,54462,,,,,,
269285,,,,,,,,,,,,,,,,,,,,,,54672,,,,,,,
269710,,,,,,,,,,,,,,,,,,,,,,,54564,,,,,,
269787,,,,,,,,,,,,,,,,,,,,,,54774,,,,,,,
269995,57900,61100,59100,57500,57500,70000,1.2e+06,1.2e+06,1.2e+06,1.2e+06,1.596e+06,1.596e+06,,78821.558,,,,,,,,,,0,0.990099,0,0,100,100
270214,,,,,,,,,,,,,,,,,,,,,,,54666,,,,,,
270289,,,,,,,,,,,,,,,,,,,,,,54876,,,,,,,
270718,,,,,,,,,,,,,,,,,,,,,,,54768,,,,,,
270791,,,,,,,,,,,,,,,,,,,,,,54978,,,,,,,
270994,57900,61300,59300,57500,57500,70000,1.2e+06,1.2e+06,1.2e+06,1.2e+06,1.596e+06,1.596e+06,26.295,78830.416,,,,,,,,,,0,0,0,0,100,100
271222,,,,,,,,,,,,,,,,,,,,,,,54870,,,,,,
271293,,,,,,,,,,,,,,,,,,,,,,55080,,,,,,,
271726,,,,,,,,,,,,,,,,,,,,,,,54972,,,,,,
271795,,,,,,,,,,,,,,,,,,,,,,55182,,,,,,,
271994,58100,61100,59100,57400,57500,70000,1.2e+06,1.2e+06,1.2e+06,1.2e+06,1.596e+06,1.596e+06,,78839.292,,,,,,,,,,0,1,0,0,100,100
272230,,,,,,,,,,,,,,,,,,,,,,,55074,,,,,,
272297,,,,,,,,,,,,,,,,,,,,,,55284,,,,,,,
272734,,,,,,,,,,,,,,,,,,,,,,,55176,,,,,,
272799,,,,,,,,,,,,,,,,,,,,,,55386,,,,,,,
272995,57900,61100,59300,57500,57500,70000,1.2e+06,1.2e+06,1.2e+06,1.2e+06,1.596e+06,1.596e+06,,78848.070,,,,,,,,,,1,0,0,0,100,100
273238,,,,,,,,,,,,,,,,,,,,,,,55278,,,,,,
273301,,,,,,,,,,,,,,,,,,,,,,55488,,,,,,,
273741,,,,,,,,,,,,,,,,,,,,,,,55380,,,,,,
273804,,,,,,,,,,,,,,,,,,,,,,55590,,,,,,,
273995,57900,61100,59500,57500,57900,70000,1.2e+06,1.2e+06,1.2e+06,1.2e+06,1.596e+06,1.596e+06,,78856.937,,,,,,,,,,0,0,0,0,100,100
274245,,,,,,,,,,,,,,,,,,,,,,,55482,,,,,,
274306,,,,,,,,,,,,,,,,,,,,,,55692,,,,,,,
274749,,,,,,,,,,,,,,,,,,,,,,,55584,,,,,,
274808,,,,,,,,,,,,,,,,,,,,,,55794,,,,,,,
274995,58100,61300,59300,57500,57900,70000,1.2e+06,1.2e+06,1.2e+06,1.2e+06,1.596e+06,1.596e+06,,78865.716,,,,,,,,,,0.990099,0,0,0,100,100
275253,,,,,,,,,,,,,,,,,,,,,,,55686,,,,,,
275310,,,,,,,,,,,,,,,,,,,,,,55896,,,,,,,
275757,,,,,,,,,,,,,,,,,,,,,,,55788,,,,,,
275812,,,,,,,,,,,,,,,,,,,,,,55998,,,,,,,
275994,57900,61100,59500,57500,57500,70000,1.2e+06,1.2e+06,1.2e+06,1.2e+06,1.596e+06,1.596e+06,,78874.553,,,,,,,,,,0,1.96078,0.990099,0,100,100
276261,,,,,,,,,,,,,,,,,,,,,,,55890,,,,,,
276314,,,,,,,,,,,,,,,,,,,,,,56100,,,,,,,
276765,,,,,,,,,,,,,,,,,,,,,,,55992,,,,,,
276816,,,,,,,,,,,,,,,,,,,,,,56202,,,,,,,
276995,57900,61100,59300,57700,57500,70000,1.2e+06,1.2e+06,1.2e+06,1.2e+06,1.596e+06,1.596e+06,,78883.328,,,,,,,,,,0.990099,0,0,0,100,100
277269,,,,,,,,,,,,,,,,,,,,,,,56094,,,,,,
277318,,,,,,,,,,,,,,,,,,,,,,56304,,,,,,,
277773,,,,,,,,,,,,,,,,,,,,,,,56196,,,,,,
277820,,,,,,,,,,,,,,,,,,,,,,56406,,,,,,,
277994,58100,61100,59300,57500,57700,70000,1.2e+06,1.2e+06,1.2e+06,1.2e+06,1.596e+06,1.596e+06,,78892.190,,,,,,,,,,0,0,0,0,100,100
278276,,,,,,,,,,,,,,,,,,,,,,,56298,,,,,,
278323,,,,,,,,,,,,,,,,,,,,,,56508,,,,,,,
278780,,,,,,,,,,,,,,,,,,,,,,,56400,,,,,,
278825,,,,,,,,,,,,,,,,,,,,,,56610,,,,,,,
278994,58300,61100,59100,57900,57700,70000,1.2e+06,1.2e+06,1.2e+06,1.2e+06,1.596e+06,1.596e+06,,78900.954,,,,,,,,,,0,0.990099,0.990099,0,100,100
279284,,,,,,,,,,,,,,,,,,,,,,,56502,,,,,,
279327,,,,,,,,,,,,,,,,,,,,,,56712,,,,,,,
279788,,,,,,,,,,,,,,,,,,,,,,,56604,,,,,,
279829,,,,,,,,,,,,,,,,,,,,,,56814,,,,,,,
279994,57900,61100,59100,57500,57500,70000,1.2e+06,1.2e+06,1.2e+06,1.2e+06,1.596e+06,1.596e+06,,78909.828,,,,,,,,,,1,0,1,0,100,100
280292,,,,,,,,,,,,,,,,,,,,,,,56706,,,,,,
280331,,,,,,,,,,,,,,,,,,,,,,56916,,,,,,,
280796,,,,,,,,,,,,,,,,,,,,,,,56808,,,,,,
280833,,,,,,,,,,,,,,,,,,,,,,57018,,,,,,,
280995,57900,61100,59100,57500,57700,70000,1.2e+06,1.2e+06,1.2e+06,1.2e+06,1.596e+06,1.596e+06,26.284,78918.704,,,,,,,,,,0,0,0,0,100,100
281300,,,,,,,,,,,,,,,,,,,,,,,56910,,,,,,
281335,,,,,,,,,,,,,,,,,,,,,,57120,,,,,,,
281803,,,,,,,,,,,,,,,,,,,,,,,57012,,,,,,
281837,,,,,,,,,,,,,,,,,,,,,,57222,,,,,,,
281995,58100,61300,59300,57700,57700,70000,1.2e+06,1.2e+06,1.2e+06,1.2e+06,1.596e+06,1.596e+06,,78927.476,,,,,,,,,,0,0,0,0,100,100
282307,,,,,,,,,,,,,,,,,,,,,,,57114,,,,,,
282339,,,,,,,,,,,,,,,,,,,,,,57324,,,,,,,
282811,,,,,,,,,,,,,,,,,,,,,,,57216,,,,,,
282841,,,,,,,,,,,,,,,,,,,,,,57426,,,,,,,
282994,57900,60900,59100,57400,57700,70000,1.2e+06,1.2e+06,1.2e+06,1.2e+06,1.596e+06,1.596e+06,,78936.345,,,,,,,,,,0,0,1,0,100,100
283315,,,,,,,,,,,,,,,,,,,,,,,57318,,,,,,
283343,,,,,,,,,,,,,,,,,,,,,,57528,,,,,,,
283819,,,,,,,,,,,,,,,,,,,,,,,57420,,,,,,
283845,,,,,,,,,,,,,,,,,,,,,,57630,,,,,,,
283994,57900,61300,59500,57500,57700,70000,1.2e+06,1.2e+06,1.2e+06,1.2e+06,1.596e+06,1.596e+06,,78945.133,,,,,,,,,,1.96078,0.990099,0,0,100,100
284323,,,,,,,,,,,,,,,,,,,,,,,57522,,,,,,
284347,,,,,,,,,,,,,,,,,,,,,,57732,,,,,,,
284827,,,,,,,,,,,,,,,,,,,,,,,57624,,,,,,
284849,,,,,,,,,,,,,,,,,,,,,,57834,,,,,,,
284995,58100,61100,59300,57700,57700,70000,1.2e+06,1.2e+06,1.2e+06,1.2e+06,1.596e+06,1.596e+06,,78953.995,,,,,,,,,,0,0,0,0,100,100
285331,,,,,,,,,,,,,,,,,,,,,,,57726,,,,,,
285352,,,,,,,,,,,,,,,,,,,,,,57936,,,,,,,
285834,,,,,,,,,,,,,,,,,,,,,,,57828,,,,,,
285854,,,,,,,,,,,,,,,,,,,,,,58038,,,,,,,
285995,57900,61100,59500,57700,57500,70000,1.2e+06,1.2e+06,1.2e+06,1.2e+06,1.596e+06,1.596e+06,,78962.785,,,,,,,,,,0,0,1,0,100,100
286338,,,,,,,,,,,,,,,,,,,,,,,57930,,,,,,
286356,,,,,,,,,,,,,,,,,,,,,,58140,,,,,,,
286842,,,,,,,,,,,,,,,,,,,,,,,58032,,,,,,
286858,,,,,,,,,,,,,,,,,,,,,,58242,,,,,,,
286995,57900,61100,59500,57500,57500,70000,1.2e+06,1.2e+06,1.2e+06,1.2e+06,1.596e+06,1.596e+06,,78971.639,,,,,,,,,,0,0,1,0,100,100
287346,,,,,,,,,,,,,,,,,,,,,,,58134,,,,,,
287360,,,,,,,,,,,,,,,,,,,,,,58344,,,,,,,
287850,,,,,,,,,,,,,,,,,,,,,,,58236,,,,,,
287862,,,,,,,,,,,,,,,,,,,,,,58446,,,,,,,
287994,57900,61100,59300,57500,57500,70000,1.2e+06,1.2e+06,1.2e+06,1.2e+06,1.596e+06,1.596e+06,,78980.425,,,,,,,,,,1,0,0,0.990099,100,100
288354,,,,,,,,,,,,,,,,,,,,,,,58338,,,,,,
288364,,,,,,,,,,,,,,,,,,,,,,58548,,,,,,,
288858,,,,,,,,,,,,,,,,,,,,,,,58440,,,,,,
288866,,,,,,,,,,,,,,,,,,,,,,58650,,,,,,,
288994,58300,61100,59500,57500,57700,70000,1.2e+06,1.2e+06,1.2e+06,1.2e+06,1.596e+06,1.596e+06,,78989.286,,,,,,,,,,0,0,0,1,100,100
289362,,,,,,,,,,,,,,,,,,,,,,,58542,,,,,,
289368,,,,,,,,,,,,,,,,,,,,,,58752,,,,,,,
289865,,,,,,,,,,,,,,,,,,,,,,,58644,,,,,,
289870,,,,,,,,,,,,,,,,,,,,,,58854,,,,,,,
289994,58300,61300,59500,57500,57500,70000,1.2e+06,1.2e+06,1.2e+06,1.2e+06,1.596e+06,1.596e+06,,78998.079,,,,,,,,,,0,0,0,1,100,100
290369,,,,,,,,,,,,,,,,,,,,,,,58746,,,,,,
290373,,,,,,,,,,,,,,,,,,,,,,58956,,,,,,,
290873,,,,,,,,,,,,,,,,,,,,,,,58848,,,,,,
290875,,,,,,,,,,,,,,,,,,,,,,59058,,,,,,,
290995,58500,61300,59500,57700,57900,70000,1.2e+06,1.2e+06,1.2e+06,1.2e+06,1.596e+06,1.596e+06,26.295,79006.982,,,,,,,,,,0,0,0,0,100,100
291377,,,,,,,,,,,,,,,,,,,,,,59160,,,,,,,
291377,,,,,,,,,,,,,,,,,,,,,,,58950,,,,,,
291879,,,,,,,,,,,,,,,,,,,,,,59262,,,,,,,
291881,,,,,,,,,,,,,,,,,,,,,,,59052,,,,,,
291994,58300,61500,59500,57900,57900,70000,1.2e+06,1.2e+06,1.2e+06,1.2e+06,1.596e+06,1.596e+06,,79015.773,,,,,,,,,,1.96078,0,0,0,100,100
292381,,,,,,,,,,,,,,,,,,,,,,59364,,,,,,,
292385,,,,,,,,,,,,,,,,,,,,,,,59154,,,,,,
292883,,,,,,,,,,,,,,,,,,,,,,59466,,,,,,,
292889,,,,,,,,,,,,,,,,,,,,,,,59256,,,,,,
292995,58300,61100,59500,57900,57700,70000,1.2e+06,1.2e+06,1.2e+06,1.2e+06,1.596e+06,1.596e+06,,79024.643,,,,,,,,,,0,0,0,0,100,100
293385,,,,,,,,,,,,,,,,,,,,,,59568,,,,,,,
293393,,,,,,,,,,,,,,,,,,,,,,,59358,,,,,,
293887,,,,,,,,,,,,,,,,,,,,,,59670,,,,,,,
293896,,,,,,,,,,,,,,,,,,,,,,,59460,,,,,,
293995,58300,61300,59500,57900,57900,70000,1.2e+06,1.2e+06,1.2e+06,1.2e+06,1.596e+06,1.596e+06,,79033.442,,,,,,,,,,0,0,0,1,100,100
294389,,,,,,,,,,,,,,,,,,,,,,59772,,,,,,,
294400,,,,,,,,,,,,,,,,,,,,,,,59562,,,,,,
294891,,,,,,,,,,,,,,,,,,,,,,59874,,,,,,,
294904,,,,,,,,,,,,,,,,,,,,,,,59664,,,,,,
294994,58300,61300,59500,57900,57900,70000,1.2e+06,1.2e+06,1.2e+06,1.2e+06,1.596e+06,1.596e+06,,79042.304,,,,,,,,,,0,0,0,0,100,100
295393,,,,,,,,,,,,,,,,,,,,,,59976,,,,,,,
295408,,,,,,,,,,,,,,,,,,,,,,,59766,,,,,,
295895,,,,,,,,,,,,,,,,,,,,,,60078,,,,,,,
295912,,,,,,,,,,,,,,,,,,,,,,,59868,,,,,,
295994,58300,61100,59500,57700,57900,70000,1.2e+06,1.2e+06,1.2e+06,1.2e+06,1.596e+06,1.596e+06,,79051.091,,,,,,,,,,1,0,0,1.9802,100,100
296397,,,,,,,,,,,,,,,,,,,,,,60180,,,,,,,
296416,,,,,,,,,,,,,,,,,,,,,,,59970,,,,,,
296899,,,,,,,,,,,,,,,,,,,,,,60282,,,,,,,
296920,,,,,,,,,,,,,,,,,,,,,,,60072,,,,,,
296994,58300,61500,59500,57900,57900,70000,1.2e+06,1.2e+06,1.2e+06,1.2e+06,1.596e+06,1.596e+06,,79059.974,,,,,,,,,,0,0,0,0,100,100
297402,,,,,,,,,,,,,,,,,,,,,,60384,,,,,,,
297423,,,,,,,,,,,,,,,,,,,,,,,60174,,,,,,
297904,,,,,,,,,,,,,,,,,,,,,,60486,,,,,,,
297927,,,,,,,,,,,,,,,,,,,,,,,60276,,,,,,
297995,58300,61500,59700,57900,57900,70000,1.2e+06,1.2e+06,1.2e+06,1.2e+06,1.596e+06,1.596e+06,,79068.774,,,,,,,,,,0,0,0,0.990099,100,100
298406,,,,,,,,,,,,,,,,,,,,,,60588,,,,,,,
298431,,,,,,,,,,,,,,,,,,,,,,,60378,,,,,,
298908,,,,,,,,,,,,,,,,,,,,,,60690,,,,,,,
298935,,,,,,,,,,,,,,,,,,,,,,,60480,,,,,,
298995,58100,61300,59500,57900,57900,70000,1.2e+06,1.2e+06,1.2e+06,1.2e+06,1.596e+06,1.596e+06,,79077.652,,,,,,,,,,0,0,0,1,100,100
299410,,,,,,,,,,,,,,,,,,,,,,60792,,,,,,,
299439,,,,,,,,,,,,,,,,,,,,,,,60582,,,,,,
299912,,,,,,,,,,,,,,,,,,,,,,60894,,,,,,,
299943,,,,,,,,,,,,,,,,,,,,,,,60684,,,,,,
299995,58300,61300,59500,57900,57900,70000,1.2e+06,1.2e+06,1.2e+06,1.2e+06,1.596e+06,1.596e+06,,79086.432,,,,,,,,,,0.990099,0,0,0,100,100
