# Started at: 2022-04-28 21:21:42 +0000, Version: v0.1-177-gf3f14d1, Generated by: thermobench --verbose --fan-cmd=fan --fan-on=0 --time=300 --wait=50 --wait-timeout=60 --sensors_file=/root/thermobench/src/sensors.imx8 --cpu-usage --column=CPU0_work_done --column=CPU1_work_done --column=CPU2_work_done --column=CPU3_work_done --column=CPU4_work_done --column=CPU5_work_done --output=/root/JSA/coefficients_experiment/measurements/imx8a//ttsprk-4M_A72_all.json.yaml.csv -- demos-sched -p high -c /root/JSA/coefficients_experiment/demos_configurations/imx8//ttsprk-4M_A72_all.json.yaml
time/ms,CPU_0_temp/m°C,CPU_1_temp/m°C,GPU_0_temp/m°C,GPU_1_temp/m°C,DRC_temp/m°C,PMIC_temp/m°C,Cortex_A53_0_freq/Hz,Cortex_A53_1_freq/Hz,Cortex_A53_2_freq/Hz,Cortex_A53_3_freq/Hz,Cortex_A72_0_freq/Hz,Cortex_A72_1_freq/Hz,ambient,energy,cam_cpu,cam_mem,heat_sources,CPU0_work_done,CPU1_work_done,CPU2_work_done,CPU3_work_done,CPU4_work_done,CPU5_work_done,CPU0_load/%,CPU1_load/%,CPU2_load/%,CPU3_load/%,CPU4_load/%,CPU5_load/%
1.11665,48100,49500,49500,47700,48100,70000,600000,600000,600000,600000,600000,600000,,,,,,,,,,,,0,0,0,33.3333,0,0
186.545,,,,,,,,,,,,,,,,,,,,,,0,,,,,,,
188.488,,,,,,,,,,,,,,,,,,,,,,,0,,,,,,
706.077,,,,,,,,,,,,,,,,,,,,,,2,,,,,,,
708.653,,,,,,,,,,,,,,,,,,,,,,,2,,,,,,
992.776,48700,51500,49700,48500,49300,70000,1.2e+06,1.2e+06,1.2e+06,1.2e+06,1.596e+06,1.596e+06,26.273,361283.367,,,,,,,,,,2,0,7.92079,4.08163,85,83
1225.6,,,,,,,,,,,,,,,,,,,,,,4,,,,,,,
1228.44,,,,,,,,,,,,,,,,,,,,,,,4,,,,,,
1744.18,,,,,,,,,,,,,,,,,,,,,,6,,,,,,,
1747.86,,,,,,,,,,,,,,,,,,,,,,,6,,,,,,
1992.44,49100,51500,49900,48500,49300,70000,1.2e+06,1.2e+06,1.2e+06,1.2e+06,1.596e+06,1.596e+06,,361292.398,,,,,,,,,,0,0,0,0,100,100
2263.52,,,,,,,,,,,,,,,,,,,,,,8,,,,,,,
2267.29,,,,,,,,,,,,,,,,,,,,,,,8,,,,,,
2782.88,,,,,,,,,,,,,,,,,,,,,,10,,,,,,,
2786.72,,,,,,,,,,,,,,,,,,,,,,,10,,,,,,
2992.62,48900,51700,50100,48700,49300,70000,1.2e+06,1.2e+06,1.2e+06,1.2e+06,1.596e+06,1.596e+06,,361301.516,,,,,,,,,,0,0,0.990099,0,100,100
3302.62,,,,,,,,,,,,,,,,,,,,,,12,,,,,,,
3306.29,,,,,,,,,,,,,,,,,,,,,,,12,,,,,,
3821.86,,,,,,,,,,,,,,,,,,,,,,14,,,,,,,
3825.58,,,,,,,,,,,,,,,,,,,,,,,14,,,,,,
3992.27,49100,51700,50100,48900,49700,70000,1.2e+06,1.2e+06,1.2e+06,1.2e+06,1.596e+06,1.596e+06,,361310.542,,,,,,,,,,1.9802,0,0,0,100,100
4341.3,,,,,,,,,,,,,,,,,,,,,,16,,,,,,,
4345.01,,,,,,,,,,,,,,,,,,,,,,,16,,,,,,
4860.66,,,,,,,,,,,,,,,,,,,,,,18,,,,,,,
4864.35,,,,,,,,,,,,,,,,,,,,,,,18,,,,,,
4992.57,49300,52100,50300,48900,49700,70000,1.2e+06,1.2e+06,1.2e+06,1.2e+06,1.596e+06,1.596e+06,,361319.673,,,,,,,,,,0,0,0.990099,1,100,100
5380.09,,,,,,,,,,,,,,,,,,,,,,20,,,,,,,
5383.8,,,,,,,,,,,,,,,,,,,,,,,20,,,,,,
5899.34,,,,,,,,,,,,,,,,,,,,,,22,,,,,,,
5903.08,,,,,,,,,,,,,,,,,,,,,,,22,,,,,,
5992.26,49500,52300,50700,49300,49700,70000,1.2e+06,1.2e+06,1.2e+06,1.2e+06,1.596e+06,1.596e+06,,361328.714,,,,,,,,,,1,0,0,0,100,100
6418.68,,,,,,,,,,,,,,,,,,,,,,24,,,,,,,
6422.53,,,,,,,,,,,,,,,,,,,,,,,24,,,,,,
6938.06,,,,,,,,,,,,,,,,,,,,,,26,,,,,,,
6941.83,,,,,,,,,,,,,,,,,,,,,,,26,,,,,,
6991.97,49700,52500,50900,49300,50100,70000,1.2e+06,1.2e+06,1.2e+06,1.2e+06,1.596e+06,1.596e+06,,361337.860,,,,,,,,,,0,0,0,0,100,100
7457.5,,,,,,,,,,,,,,,,,,,,,,28,,,,,,,
7461.24,,,,,,,,,,,,,,,,,,,,,,,28,,,,,,
7976.77,,,,,,,,,,,,,,,,,,,,,,30,,,,,,,
7980.54,,,,,,,,,,,,,,,,,,,,,,,30,,,,,,
7992.69,49700,52500,50700,49300,50500,70000,1.2e+06,1.2e+06,1.2e+06,1.2e+06,1.596e+06,1.596e+06,,361346.899,,,,,,,,,,0,0,0,0,100,100
8496.34,,,,,,,,,,,,,,,,,,,,,,32,,,,,,,
8500.06,,,,,,,,,,,,,,,,,,,,,,,32,,,,,,
8992.02,49700,52500,51100,49700,50100,70000,1.2e+06,1.2e+06,1.2e+06,1.2e+06,1.596e+06,1.596e+06,,361356.034,,,,,,,,,,0.990099,0,0,0,100,100
9015.6,,,,,,,,,,,,,,,,,,,,,,34,,,,,,,
9019.56,,,,,,,,,,,,,,,,,,,,,,,34,,,,,,
9534.77,,,,,,,,,,,,,,,,,,,,,,36,,,,,,,
9538.98,,,,,,,,,,,,,,,,,,,,,,,36,,,,,,
9991.95,50100,52500,51100,49700,50300,70000,1.2e+06,1.2e+06,1.2e+06,1.2e+06,1.596e+06,1.596e+06,,361365.181,,,,,,,,,,0,0,0,0,100,100
10053.6,,,,,,,,,,,,,,,,,,,,,,38,,,,,,,
10058.4,,,,,,,,,,,,,,,,,,,,,,,38,,,,,,
10572.5,,,,,,,,,,,,,,,,,,,,,,40,,,,,,,
10577.3,,,,,,,,,,,,,,,,,,,,,,,40,,,,,,
10991.8,49900,52600,51300,49700,50300,70000,1.2e+06,1.2e+06,1.2e+06,1.2e+06,1.596e+06,1.596e+06,26.262,361374.243,,,,,,,,,,0,0,0,0,100,100
11091.6,,,,,,,,,,,,,,,,,,,,,,42,,,,,,,
11096.6,,,,,,,,,,,,,,,,,,,,,,,42,,,,,,
11610.9,,,,,,,,,,,,,,,,,,,,,,44,,,,,,,
11615.8,,,,,,,,,,,,,,,,,,,,,,,44,,,,,,
11992.5,50100,52800,51300,49900,50500,70000,1.2e+06,1.2e+06,1.2e+06,1.2e+06,1.596e+06,1.596e+06,,361383.403,,,,,,,,,,0,0,0,0,100,100
12129.9,,,,,,,,,,,,,,,,,,,,,,46,,,,,,,
12134.8,,,,,,,,,,,,,,,,,,,,,,,46,,,,,,
12649.3,,,,,,,,,,,,,,,,,,,,,,48,,,,,,,
12654.2,,,,,,,,,,,,,,,,,,,,,,,48,,,,,,
12992.3,50100,52800,51700,50100,50500,70000,1.2e+06,1.2e+06,1.2e+06,1.2e+06,1.596e+06,1.596e+06,,361392.564,,,,,,,,,,0.990099,0,0,0,100,100
13168.7,,,,,,,,,,,,,,,,,,,,,,50,,,,,,,
13173.6,,,,,,,,,,,,,,,,,,,,,,,50,,,,,,
13687.8,,,,,,,,,,,,,,,,,,,,,,52,,,,,,,
13692.7,,,,,,,,,,,,,,,,,,,,,,,52,,,,,,
13992.6,50100,53000,51700,50100,50700,70000,1.2e+06,1.2e+06,1.2e+06,1.2e+06,1.596e+06,1.596e+06,,361401.636,,,,,,,,,,1.96078,0,0,0,100,100
14207.2,,,,,,,,,,,,,,,,,,,,,,54,,,,,,,
14212.2,,,,,,,,,,,,,,,,,,,,,,,54,,,,,,
14726.5,,,,,,,,,,,,,,,,,,,,,,56,,,,,,,
14731.2,,,,,,,,,,,,,,,,,,,,,,,56,,,,,,
14991.8,50500,53200,51700,50100,50700,70000,1.2e+06,1.2e+06,1.2e+06,1.2e+06,1.596e+06,1.596e+06,,361410.811,,,,,,,,,,0,0,0,0,100,100
15245.7,,,,,,,,,,,,,,,,,,,,,,58,,,,,,,
15250.6,,,,,,,,,,,,,,,,,,,,,,,58,,,,,,
15765.1,,,,,,,,,,,,,,,,,,,,,,60,,,,,,,
15769.9,,,,,,,,,,,,,,,,,,,,,,,60,,,,,,
15992.4,50500,53400,51900,50100,50900,70000,1.2e+06,1.2e+06,1.2e+06,1.2e+06,1.596e+06,1.596e+06,,361419.883,,,,,,,,,,0,0,0,0,100,100
16284.1,,,,,,,,,,,,,,,,,,,,,,62,,,,,,,
16289,,,,,,,,,,,,,,,,,,,,,,,62,,,,,,
16802.9,,,,,,,,,,,,,,,,,,,,,,64,,,,,,,
16808.1,,,,,,,,,,,,,,,,,,,,,,,64,,,,,,
16992.2,50900,53400,51900,50500,51100,70000,1.2e+06,1.2e+06,1.2e+06,1.2e+06,1.596e+06,1.596e+06,,361429.062,,,,,,,,,,0,0,0,0,100,100
17323.3,,,,,,,,,,,,,,,,,,,,,,66,,,,,,,
17328.5,,,,,,,,,,,,,,,,,,,,,,,66,,,,,,
17843.6,,,,,,,,,,,,,,,,,,,,,,68,,,,,,,
17848.8,,,,,,,,,,,,,,,,,,,,,,,68,,,,,,
17992,50900,53600,52100,50500,51100,70000,1.2e+06,1.2e+06,1.2e+06,1.2e+06,1.596e+06,1.596e+06,,361438.144,,,,,,,,,,0,0,0,0.990099,100,100
18363.9,,,,,,,,,,,,,,,,,,,,,,70,,,,,,,
18369.2,,,,,,,,,,,,,,,,,,,,,,,70,,,,,,
18884.3,,,,,,,,,,,,,,,,,,,,,,72,,,,,,,
18889.5,,,,,,,,,,,,,,,,,,,,,,,72,,,,,,
18992.3,51100,53600,52300,50500,51300,70000,1.2e+06,1.2e+06,1.2e+06,1.2e+06,1.596e+06,1.596e+06,,361447.316,,,,,,,,,,1,0,0,0,100,100
19404.4,,,,,,,,,,,,,,,,,,,,,,74,,,,,,,
19409.6,,,,,,,,,,,,,,,,,,,,,,,74,,,,,,
19924.2,,,,,,,,,,,,,,,,,,,,,,76,,,,,,,
19929.8,,,,,,,,,,,,,,,,,,,,,,,76,,,,,,
19992,51300,54000,52100,50500,51300,70000,1.2e+06,1.2e+06,1.2e+06,1.2e+06,1.596e+06,1.596e+06,,361456.398,,,,,,,,,,0,0,0,0,100,100
20443,,,,,,,,,,,,,,,,,,,,,,78,,,,,,,
20449.4,,,,,,,,,,,,,,,,,,,,,,,78,,,,,,
20962.4,,,,,,,,,,,,,,,,,,,,,,80,,,,,,,
20968.7,,,,,,,,,,,,,,,,,,,,,,,80,,,,,,
20991.8,51300,53600,52100,50500,51500,70000,1.2e+06,1.2e+06,1.2e+06,1.2e+06,1.596e+06,1.596e+06,26.273,361465.574,,,,,,,,,,0,0,0,0.990099,100,100
21481.7,,,,,,,,,,,,,,,,,,,,,,82,,,,,,,
21488.1,,,,,,,,,,,,,,,,,,,,,,,82,,,,,,
21992,51300,53800,52500,50700,51300,70000,1.2e+06,1.2e+06,1.2e+06,1.2e+06,1.596e+06,1.596e+06,,361474.659,,,,,,,,,,0,0,0,0,100,100
22001,,,,,,,,,,,,,,,,,,,,,,84,,,,,,,
22007.6,,,,,,,,,,,,,,,,,,,,,,,84,,,,,,
22519.9,,,,,,,,,,,,,,,,,,,,,,86,,,,,,,
22527.2,,,,,,,,,,,,,,,,,,,,,,,86,,,,,,
22991.9,51300,54000,52300,50900,51300,70000,1.2e+06,1.2e+06,1.2e+06,1.2e+06,1.596e+06,1.596e+06,,361483.846,,,,,,,,,,1,0,0,0.990099,100,100
23038.8,,,,,,,,,,,,,,,,,,,,,,88,,,,,,,
23046.4,,,,,,,,,,,,,,,,,,,,,,,88,,,,,,
23558.9,,,,,,,,,,,,,,,,,,,,,,90,,,,,,,
23566.7,,,,,,,,,,,,,,,,,,,,,,,90,,,,,,
23992.3,51100,54000,52500,50900,51500,70000,1.2e+06,1.2e+06,1.2e+06,1.2e+06,1.596e+06,1.596e+06,,361492.941,,,,,,,,,,0.990099,0,0,0,100,100
24079.3,,,,,,,,,,,,,,,,,,,,,,92,,,,,,,
24087.1,,,,,,,,,,,,,,,,,,,,,,,92,,,,,,
24599.5,,,,,,,,,,,,,,,,,,,,,,94,,,,,,,
24607.4,,,,,,,,,,,,,,,,,,,,,,,94,,,,,,
24992.5,51300,54000,52300,51100,51500,70000,1.2e+06,1.2e+06,1.2e+06,1.2e+06,1.596e+06,1.596e+06,,361502.122,,,,,,,,,,0,0,0,0,100,100
25118.9,,,,,,,,,,,,,,,,,,,,,,96,,,,,,,
25127.1,,,,,,,,,,,,,,,,,,,,,,,96,,,,,,
25637.6,,,,,,,,,,,,,,,,,,,,,,98,,,,,,,
25646.7,,,,,,,,,,,,,,,,,,,,,,,98,,,,,,
25991.9,51500,54000,52600,51300,51900,70000,1.2e+06,1.2e+06,1.2e+06,1.2e+06,1.596e+06,1.596e+06,,361511.216,,,,,,,,,,0.990099,0,0,0,100,100
26156.6,,,,,,,,,,,,,,,,,,,,,,100,,,,,,,
26166.4,,,,,,,,,,,,,,,,,,,,,,,100,,,,,,
26675.9,,,,,,,,,,,,,,,,,,,,,,102,,,,,,,
26685.6,,,,,,,,,,,,,,,,,,,,,,,102,,,,,,
26992.4,51700,54200,52600,51300,51700,70000,1.2e+06,1.2e+06,1.2e+06,1.2e+06,1.596e+06,1.596e+06,,361520.413,,,,,,,,,,0,0,0,0,100,100
27194.9,,,,,,,,,,,,,,,,,,,,,,104,,,,,,,
27205,,,,,,,,,,,,,,,,,,,,,,,104,,,,,,
27713.9,,,,,,,,,,,,,,,,,,,,,,106,,,,,,,
27724,,,,,,,,,,,,,,,,,,,,,,,106,,,,,,
27992,51900,54400,53000,51300,51900,70000,1.2e+06,1.2e+06,1.2e+06,1.2e+06,1.596e+06,1.596e+06,,361529.529,,,,,,,,,,0,0.990099,0,0,100,100
28233.2,,,,,,,,,,,,,,,,,,,,,,108,,,,,,,
28243.2,,,,,,,,,,,,,,,,,,,,,,,108,,,,,,
28752.5,,,,,,,,,,,,,,,,,,,,,,110,,,,,,,
28762.3,,,,,,,,,,,,,,,,,,,,,,,110,,,,,,
28992.4,52100,54800,53200,51700,52300,70000,1.2e+06,1.2e+06,1.2e+06,1.2e+06,1.596e+06,1.596e+06,,361538.734,,,,,,,,,,0,0,0,0,100,100
29272,,,,,,,,,,,,,,,,,,,,,,112,,,,,,,
29281.7,,,,,,,,,,,,,,,,,,,,,,,112,,,,,,
29791.3,,,,,,,,,,,,,,,,,,,,,,114,,,,,,,
29801.2,,,,,,,,,,,,,,,,,,,,,,,114,,,,,,
29992.2,51900,54400,53200,51700,52300,70000,1.2e+06,1.2e+06,1.2e+06,1.2e+06,1.596e+06,1.596e+06,,361547.853,,,,,,,,,,1,0,0,0,100,100
30310.5,,,,,,,,,,,,,,,,,,,,,,116,,,,,,,
30320.5,,,,,,,,,,,,,,,,,,,,,,,116,,,,,,
30829.5,,,,,,,,,,,,,,,,,,,,,,118,,,,,,,
30839.7,,,,,,,,,,,,,,,,,,,,,,,118,,,,,,
30992.4,52100,54800,53000,51700,52300,70000,1.2e+06,1.2e+06,1.2e+06,1.2e+06,1.596e+06,1.596e+06,26.284,361557.049,,,,,,,,,,0,0.990099,0,0,100,100
31349.4,,,,,,,,,,,,,,,,,,,,,,120,,,,,,,
31359.8,,,,,,,,,,,,,,,,,,,,,,,120,,,,,,
31869.2,,,,,,,,,,,,,,,,,,,,,,122,,,,,,,
31879.7,,,,,,,,,,,,,,,,,,,,,,,122,,,,,,
31992.4,51900,54600,53200,51500,52300,70000,1.2e+06,1.2e+06,1.2e+06,1.2e+06,1.596e+06,1.596e+06,,361566.255,,,,,,,,,,1,0,0,0,100,100
32389.5,,,,,,,,,,,,,,,,,,,,,,124,,,,,,,
32399.9,,,,,,,,,,,,,,,,,,,,,,,124,,,,,,
32909.6,,,,,,,,,,,,,,,,,,,,,,126,,,,,,,
32919.6,,,,,,,,,,,,,,,,,,,,,,,126,,,,,,
32992.6,52100,54800,53200,51900,52500,70000,1.2e+06,1.2e+06,1.2e+06,1.2e+06,1.596e+06,1.596e+06,,361573.088,,,,,,,,,,0,0,0,0,100,100
33428.9,,,,,,,,,,,,,,,,,,,,,,128,,,,,,,
33438.8,,,,,,,,,,,,,,,,,,,,,,,128,,,,,,
33948,,,,,,,,,,,,,,,,,,,,,,130,,,,,,,
33958,,,,,,,,,,,,,,,,,,,,,,,130,,,,,,
33992.1,52100,54800,53200,51700,52500,70000,1.2e+06,1.2e+06,1.2e+06,1.2e+06,1.596e+06,1.596e+06,,361582.218,,,,,,,,,,1,0,0,0,100,100
34467.2,,,,,,,,,,,,,,,,,,,,,,132,,,,,,,
34477.1,,,,,,,,,,,,,,,,,,,,,,,132,,,,,,
34986.1,,,,,,,,,,,,,,,,,,,,,,134,,,,,,,
34992.2,52100,54800,53200,51900,52500,70000,1.2e+06,1.2e+06,1.2e+06,1.2e+06,1.596e+06,1.596e+06,,361591.426,,,,,,,,,,0.990099,0,0,0,100,100
34996.3,,,,,,,,,,,,,,,,,,,,,,,134,,,,,,
35505.4,,,,,,,,,,,,,,,,,,,,,,136,,,,,,,
35515.6,,,,,,,,,,,,,,,,,,,,,,,136,,,,,,
35992.4,52300,55000,53600,52100,52500,70000,1.2e+06,1.2e+06,1.2e+06,1.2e+06,1.596e+06,1.596e+06,,361600.641,,,,,,,,,,0,1,0,0,100,100
36024.8,,,,,,,,,,,,,,,,,,,,,,138,,,,,,,
36034.8,,,,,,,,,,,,,,,,,,,,,,,138,,,,,,
36544.1,,,,,,,,,,,,,,,,,,,,,,140,,,,,,,
36554,,,,,,,,,,,,,,,,,,,,,,,140,,,,,,
36992.8,52500,55200,53600,51900,52500,70000,1.2e+06,1.2e+06,1.2e+06,1.2e+06,1.596e+06,1.596e+06,,361609.777,,,,,,,,,,0.990099,0,0,0,100,100
37063.5,,,,,,,,,,,,,,,,,,,,,,142,,,,,,,
37073.4,,,,,,,,,,,,,,,,,,,,,,,142,,,,,,
37582.8,,,,,,,,,,,,,,,,,,,,,,144,,,,,,,
37592.8,,,,,,,,,,,,,,,,,,,,,,,144,,,,,,
37991.9,52600,55200,53800,52100,52600,70000,1.2e+06,1.2e+06,1.2e+06,1.2e+06,1.596e+06,1.596e+06,,361618.917,,,,,,,,,,0,0,0,0,100,100
38101.6,,,,,,,,,,,,,,,,,,,,,,146,,,,,,,
38111.7,,,,,,,,,,,,,,,,,,,,,,,146,,,,,,
38620.9,,,,,,,,,,,,,,,,,,,,,,148,,,,,,,
38631,,,,,,,,,,,,,,,,,,,,,,,148,,,,,,
38992.2,52600,55400,54000,52500,52800,70000,1.2e+06,1.2e+06,1.2e+06,1.2e+06,1.596e+06,1.596e+06,,361628.146,,,,,,,,,,0,0,0,0,100,100
39139.9,,,,,,,,,,,,,,,,,,,,,,150,,,,,,,
39150.1,,,,,,,,,,,,,,,,,,,,,,,150,,,,,,
39659.1,,,,,,,,,,,,,,,,,,,,,,152,,,,,,,
39669.2,,,,,,,,,,,,,,,,,,,,,,,152,,,,,,
39992.4,52800,55600,54000,52300,52800,70000,1.2e+06,1.2e+06,1.2e+06,1.2e+06,1.596e+06,1.596e+06,,361637.288,,,,,,,,,,1,0,0,0,100,100
40178.2,,,,,,,,,,,,,,,,,,,,,,154,,,,,,,
40188.3,,,,,,,,,,,,,,,,,,,,,,,154,,,,,,
40697.5,,,,,,,,,,,,,,,,,,,,,,156,,,,,,,
40707.3,,,,,,,,,,,,,,,,,,,,,,,156,,,,,,
40992.6,52800,55600,54000,52500,52800,70000,1.2e+06,1.2e+06,1.2e+06,1.2e+06,1.596e+06,1.596e+06,26.273,361646.521,,,,,,,,,,0,0,0,0,100,100
41216.8,,,,,,,,,,,,,,,,,,,,,,158,,,,,,,
41226.7,,,,,,,,,,,,,,,,,,,,,,,158,,,,,,
41736.2,,,,,,,,,,,,,,,,,,,,,,160,,,,,,,
41745.9,,,,,,,,,,,,,,,,,,,,,,,160,,,,,,
41992.4,52800,55600,54000,52800,53200,70000,1.2e+06,1.2e+06,1.2e+06,1.2e+06,1.596e+06,1.596e+06,,361655.655,,,,,,,,,,1.9802,0.990099,0,0,100,100
42255.6,,,,,,,,,,,,,,,,,,,,,,162,,,,,,,
42265.3,,,,,,,,,,,,,,,,,,,,,,,162,,,,,,
42775,,,,,,,,,,,,,,,,,,,,,,164,,,,,,,
42784.5,,,,,,,,,,,,,,,,,,,,,,,164,,,,,,
42992.2,53000,55600,54000,52800,53200,70000,1.2e+06,1.2e+06,1.2e+06,1.2e+06,1.596e+06,1.596e+06,,361664.886,,,,,,,,,,0,0,0,0,100,100
43294.4,,,,,,,,,,,,,,,,,,,,,,166,,,,,,,
43304,,,,,,,,,,,,,,,,,,,,,,,166,,,,,,
43813.5,,,,,,,,,,,,,,,,,,,,,,168,,,,,,,
43823.3,,,,,,,,,,,,,,,,,,,,,,,168,,,,,,
43992.6,52800,55600,54000,52500,53200,70000,1.2e+06,1.2e+06,1.2e+06,1.2e+06,1.596e+06,1.596e+06,,361674.027,,,,,,,,,,0,0,0,0,100,100
44332.5,,,,,,,,,,,,,,,,,,,,,,170,,,,,,,
44342.7,,,,,,,,,,,,,,,,,,,,,,,170,,,,,,
44851.6,,,,,,,,,,,,,,,,,,,,,,172,,,,,,,
44861.8,,,,,,,,,,,,,,,,,,,,,,,172,,,,,,
44992,53200,55800,54400,52800,53200,70000,1.2e+06,1.2e+06,1.2e+06,1.2e+06,1.596e+06,1.596e+06,,361683.276,,,,,,,,,,0,0,0,0,100,100
45370.8,,,,,,,,,,,,,,,,,,,,,,174,,,,,,,
45380.9,,,,,,,,,,,,,,,,,,,,,,,174,,,,,,
45890,,,,,,,,,,,,,,,,,,,,,,176,,,,,,,
45900.1,,,,,,,,,,,,,,,,,,,,,,,176,,,,,,
45992.3,53200,56000,54400,53000,53600,70000,1.2e+06,1.2e+06,1.2e+06,1.2e+06,1.596e+06,1.596e+06,,361692.414,,,,,,,,,,0.990099,0,0,0,100,100
46409.1,,,,,,,,,,,,,,,,,,,,,,178,,,,,,,
46419.2,,,,,,,,,,,,,,,,,,,,,,,178,,,,,,
46928,,,,,,,,,,,,,,,,,,,,,,180,,,,,,,
46938.1,,,,,,,,,,,,,,,,,,,,,,,180,,,,,,
46992.3,53200,55800,54400,52800,53400,70000,1.2e+06,1.2e+06,1.2e+06,1.2e+06,1.596e+06,1.596e+06,,361701.661,,,,,,,,,,1,0,0,0,100,100
47447.4,,,,,,,,,,,,,,,,,,,,,,182,,,,,,,
47457.5,,,,,,,,,,,,,,,,,,,,,,,182,,,,,,
47966.9,,,,,,,,,,,,,,,,,,,,,,184,,,,,,,
47977.4,,,,,,,,,,,,,,,,,,,,,,,184,,,,,,
47992.5,53200,56000,54600,52800,53400,70000,1.2e+06,1.2e+06,1.2e+06,1.2e+06,1.596e+06,1.596e+06,,361710.812,,,,,,,,,,0,0,0,0,100,100
48487.4,,,,,,,,,,,,,,,,,,,,,,186,,,,,,,
48497.8,,,,,,,,,,,,,,,,,,,,,,,186,,,,,,
48992.5,53600,56000,54600,53200,53600,70000,1.2e+06,1.2e+06,1.2e+06,1.2e+06,1.596e+06,1.596e+06,,361720.054,,,,,,,,,,0,0,0,0,100,100
49007.3,,,,,,,,,,,,,,,,,,,,,,188,,,,,,,
49017.7,,,,,,,,,,,,,,,,,,,,,,,188,,,,,,
49527.6,,,,,,,,,,,,,,,,,,,,,,190,,,,,,,
49537.8,,,,,,,,,,,,,,,,,,,,,,,190,,,,,,
49992.7,53200,56000,54400,52800,53400,70000,1.2e+06,1.2e+06,1.2e+06,1.2e+06,1.596e+06,1.596e+06,,361729.211,,,,,,,,,,0.990099,0,0,0,100,100
50046.7,,,,,,,,,,,,,,,,,,,,,,192,,,,,,,
50056.7,,,,,,,,,,,,,,,,,,,,,,,192,,,,,,
50565.6,,,,,,,,,,,,,,,,,,,,,,194,,,,,,,
50575.8,,,,,,,,,,,,,,,,,,,,,,,194,,,,,,
50992.4,53400,56000,54800,53000,53600,70000,1.2e+06,1.2e+06,1.2e+06,1.2e+06,1.596e+06,1.596e+06,26.262,361738.454,,,,,,,,,,1,0,0,0,100,100
51084.7,,,,,,,,,,,,,,,,,,,,,,196,,,,,,,
51094.8,,,,,,,,,,,,,,,,,,,,,,,196,,,,,,
51604.3,,,,,,,,,,,,,,,,,,,,,,198,,,,,,,
51614.8,,,,,,,,,,,,,,,,,,,,,,,198,,,,,,
51992.4,53600,56400,54800,53200,53800,70000,1.2e+06,1.2e+06,1.2e+06,1.2e+06,1.596e+06,1.596e+06,,361747.618,,,,,,,,,,0,0,0,0,100,100
52124.4,,,,,,,,,,,,,,,,,,,,,,200,,,,,,,
52134.8,,,,,,,,,,,,,,,,,,,,,,,200,,,,,,
52644.4,,,,,,,,,,,,,,,,,,,,,,202,,,,,,,
52654.8,,,,,,,,,,,,,,,,,,,,,,,202,,,,,,
52992.7,53600,56200,54800,53200,53400,70000,1.2e+06,1.2e+06,1.2e+06,1.2e+06,1.596e+06,1.596e+06,,361756.869,,,,,,,,,,1,0,0,0,100,100
53164.1,,,,,,,,,,,,,,,,,,,,,,204,,,,,,,
53174.7,,,,,,,,,,,,,,,,,,,,,,,204,,,,,,
53683.5,,,,,,,,,,,,,,,,,,,,,,206,,,,,,,
53693.9,,,,,,,,,,,,,,,,,,,,,,,206,,,,,,
53992.1,53600,56200,54800,53400,53800,70000,1.2e+06,1.2e+06,1.2e+06,1.2e+06,1.596e+06,1.596e+06,,361766.035,,,,,,,,,,0,0,0,0,100,100
54203.4,,,,,,,,,,,,,,,,,,,,,,208,,,,,,,
54213.8,,,,,,,,,,,,,,,,,,,,,,,208,,,,,,
54723.3,,,,,,,,,,,,,,,,,,,,,,210,,,,,,,
54733.9,,,,,,,,,,,,,,,,,,,,,,,210,,,,,,
54991.9,53600,56600,54800,53200,53800,70000,1.2e+06,1.2e+06,1.2e+06,1.2e+06,1.596e+06,1.596e+06,,361775.200,,,,,,,,,,0,0,0,0,100,100
55242.6,,,,,,,,,,,,,,,,,,,,,,212,,,,,,,
55253.2,,,,,,,,,,,,,,,,,,,,,,,212,,,,,,
55761.4,,,,,,,,,,,,,,,,,,,,,,214,,,,,,,
55772.6,,,,,,,,,,,,,,,,,,,,,,,214,,,,,,
55991.8,53600,56400,55000,53400,54000,70000,1.2e+06,1.2e+06,1.2e+06,1.2e+06,1.596e+06,1.596e+06,,361784.467,,,,,,,,,,0.990099,0,0,0,100,100
56280.4,,,,,,,,,,,,,,,,,,,,,,216,,,,,,,
56291.9,,,,,,,,,,,,,,,,,,,,,,,216,,,,,,
56799.6,,,,,,,,,,,,,,,,,,,,,,218,,,,,,,
56811.2,,,,,,,,,,,,,,,,,,,,,,,218,,,,,,
56992.5,53800,56400,55200,53600,53800,70000,1.2e+06,1.2e+06,1.2e+06,1.2e+06,1.596e+06,1.596e+06,,361793.632,,,,,,,,,,0,0,0,0,100,100
57319,,,,,,,,,,,,,,,,,,,,,,220,,,,,,,
57330.5,,,,,,,,,,,,,,,,,,,,,,,220,,,,,,
57838.4,,,,,,,,,,,,,,,,,,,,,,222,,,,,,,
57849.7,,,,,,,,,,,,,,,,,,,,,,,222,,,,,,
57992.6,54000,56400,55200,53600,54000,70000,1.2e+06,1.2e+06,1.2e+06,1.2e+06,1.596e+06,1.596e+06,,361802.893,,,,,,,,,,0.990099,0,0,0,100,100
58357.7,,,,,,,,,,,,,,,,,,,,,,224,,,,,,,
58369.2,,,,,,,,,,,,,,,,,,,,,,,224,,,,,,
58876.8,,,,,,,,,,,,,,,,,,,,,,226,,,,,,,
58888.4,,,,,,,,,,,,,,,,,,,,,,,226,,,,,,
58992.6,54000,56800,55200,53200,54000,70000,1.2e+06,1.2e+06,1.2e+06,1.2e+06,1.596e+06,1.596e+06,,361812.062,,,,,,,,,,0,0,0,0,100,100
59396.2,,,,,,,,,,,,,,,,,,,,,,228,,,,,,,
59407.7,,,,,,,,,,,,,,,,,,,,,,,228,,,,,,
59915.4,,,,,,,,,,,,,,,,,,,,,,230,,,,,,,
59927,,,,,,,,,,,,,,,,,,,,,,,230,,,,,,
59992.1,54000,56800,55000,53200,54400,70000,1.2e+06,1.2e+06,1.2e+06,1.2e+06,1.596e+06,1.596e+06,,361821.335,,,,,,,,,,1.96078,0,0,0,100,100
60435,,,,,,,,,,,,,,,,,,,,,,232,,,,,,,
60446.6,,,,,,,,,,,,,,,,,,,,,,,232,,,,,,
60954.5,,,,,,,,,,,,,,,,,,,,,,234,,,,,,,
60965.9,,,,,,,,,,,,,,,,,,,,,,,234,,,,,,
60992.1,53800,56800,55400,53600,54000,70000,1.2e+06,1.2e+06,1.2e+06,1.2e+06,1.596e+06,1.596e+06,26.262,361830.511,,,,,,,,,,1,0,0,1,100,100
61473.9,,,,,,,,,,,,,,,,,,,,,,236,,,,,,,
61485.4,,,,,,,,,,,,,,,,,,,,,,,236,,,,,,
61992.1,54400,56800,55600,53800,54000,70000,1.2e+06,1.2e+06,1.2e+06,1.2e+06,1.596e+06,1.596e+06,,361839.786,,,,,,,,,,0,0,0,0,100,100
61993.4,,,,,,,,,,,,,,,,,,,,,,238,,,,,,,
62004.8,,,,,,,,,,,,,,,,,,,,,,,238,,,,,,
62512.1,,,,,,,,,,,,,,,,,,,,,,240,,,,,,,
62524.3,,,,,,,,,,,,,,,,,,,,,,,240,,,,,,
62992.2,54200,56600,55200,53600,54000,70000,1.2e+06,1.2e+06,1.2e+06,1.2e+06,1.596e+06,1.596e+06,,361848.963,,,,,,,,,,1,0,0,0,100,100
63031.4,,,,,,,,,,,,,,,,,,,,,,242,,,,,,,
63043.5,,,,,,,,,,,,,,,,,,,,,,,242,,,,,,
63550.9,,,,,,,,,,,,,,,,,,,,,,244,,,,,,,
63563,,,,,,,,,,,,,,,,,,,,,,,244,,,,,,
63991.7,54000,56800,55600,53600,54400,70000,1.2e+06,1.2e+06,1.2e+06,1.2e+06,1.596e+06,1.596e+06,,361858.247,,,,,,,,,,0,0,0.990099,0,100,100
64070.1,,,,,,,,,,,,,,,,,,,,,,246,,,,,,,
64082.5,,,,,,,,,,,,,,,,,,,,,,,246,,,,,,
64589.6,,,,,,,,,,,,,,,,,,,,,,248,,,,,,,
64601.6,,,,,,,,,,,,,,,,,,,,,,,248,,,,,,
64992.6,54200,57000,55600,53800,54400,70000,1.2e+06,1.2e+06,1.2e+06,1.2e+06,1.596e+06,1.596e+06,,361867.516,,,,,,,,,,0,0,0,0,100,100
65108.7,,,,,,,,,,,,,,,,,,,,,,250,,,,,,,
65121,,,,,,,,,,,,,,,,,,,,,,,250,,,,,,
65628.2,,,,,,,,,,,,,,,,,,,,,,252,,,,,,,
65640.2,,,,,,,,,,,,,,,,,,,,,,,252,,,,,,
65992.1,54400,57000,55600,53800,54400,70000,1.2e+06,1.2e+06,1.2e+06,1.2e+06,1.596e+06,1.596e+06,,361876.698,,,,,,,,,,0.990099,0,0,0,100,100
66147.5,,,,,,,,,,,,,,,,,,,,,,254,,,,,,,
66159.6,,,,,,,,,,,,,,,,,,,,,,,254,,,,,,
66666.8,,,,,,,,,,,,,,,,,,,,,,256,,,,,,,
66679,,,,,,,,,,,,,,,,,,,,,,,256,,,,,,
66992.2,54400,57200,55600,54000,54400,70000,1.2e+06,1.2e+06,1.2e+06,1.2e+06,1.596e+06,1.596e+06,,361885.975,,,,,,,,,,0,0,0.990099,0,100,100
67186.4,,,,,,,,,,,,,,,,,,,,,,258,,,,,,,
67198.7,,,,,,,,,,,,,,,,,,,,,,,258,,,,,,
67705.3,,,,,,,,,,,,,,,,,,,,,,260,,,,,,,
67718,,,,,,,,,,,,,,,,,,,,,,,260,,,,,,
67992,54400,57200,55800,53800,54400,70000,1.2e+06,1.2e+06,1.2e+06,1.2e+06,1.596e+06,1.596e+06,,361895.262,,,,,,,,,,0,0,0,0.990099,100,100
68224.4,,,,,,,,,,,,,,,,,,,,,,262,,,,,,,
68237.1,,,,,,,,,,,,,,,,,,,,,,,262,,,,,,
68743.3,,,,,,,,,,,,,,,,,,,,,,264,,,,,,,
68756,,,,,,,,,,,,,,,,,,,,,,,264,,,,,,
68992.6,54400,57200,55600,54000,54400,70000,1.2e+06,1.2e+06,1.2e+06,1.2e+06,1.596e+06,1.596e+06,,361904.460,,,,,,,,,,0,0,0,0,100,100
69262.4,,,,,,,,,,,,,,,,,,,,,,266,,,,,,,
69274.9,,,,,,,,,,,,,,,,,,,,,,,266,,,,,,
69781.5,,,,,,,,,,,,,,,,,,,,,,268,,,,,,,
69794.1,,,,,,,,,,,,,,,,,,,,,,,268,,,,,,
69992.6,54400,57200,56000,54000,54600,70000,1.2e+06,1.2e+06,1.2e+06,1.2e+06,1.596e+06,1.596e+06,,361913.750,,,,,,,,,,0,0,0,0,100,100
70300.4,,,,,,,,,,,,,,,,,,,,,,270,,,,,,,
70313.1,,,,,,,,,,,,,,,,,,,,,,,270,,,,,,
70819.2,,,,,,,,,,,,,,,,,,,,,,272,,,,,,,
70831.9,,,,,,,,,,,,,,,,,,,,,,,272,,,,,,
70992.3,54800,57500,55800,54400,54600,70000,1.2e+06,1.2e+06,1.2e+06,1.2e+06,1.596e+06,1.596e+06,26.273,361922.952,,,,,,,,,,0.990099,0,0,0,100,100
71338.2,,,,,,,,,,,,,,,,,,,,,,274,,,,,,,
71350.9,,,,,,,,,,,,,,,,,,,,,,,274,,,,,,
71857.5,,,,,,,,,,,,,,,,,,,,,,276,,,,,,,
71870.1,,,,,,,,,,,,,,,,,,,,,,,276,,,,,,
71992,54800,57200,56000,54400,54600,70000,1.2e+06,1.2e+06,1.2e+06,1.2e+06,1.596e+06,1.596e+06,,361932.241,,,,,,,,,,1,0,0,0,100,100
72376.5,,,,,,,,,,,,,,,,,,,,,,278,,,,,,,
72389.4,,,,,,,,,,,,,,,,,,,,,,,278,,,,,,
72895.9,,,,,,,,,,,,,,,,,,,,,,280,,,,,,,
72908.4,,,,,,,,,,,,,,,,,,,,,,,280,,,,,,
72992.8,54800,57500,56000,54600,54800,70000,1.2e+06,1.2e+06,1.2e+06,1.2e+06,1.596e+06,1.596e+06,,361941.438,,,,,,,,,,0,0,0,0,100,100
73414.9,,,,,,,,,,,,,,,,,,,,,,282,,,,,,,
73427.6,,,,,,,,,,,,,,,,,,,,,,,282,,,,,,
73934,,,,,,,,,,,,,,,,,,,,,,284,,,,,,,
73946.5,,,,,,,,,,,,,,,,,,,,,,,284,,,,,,
73992.4,54800,57500,56200,54400,54800,70000,1.2e+06,1.2e+06,1.2e+06,1.2e+06,1.596e+06,1.596e+06,,361950.736,,,,,,,,,,0,0,0,0,100,100
74453.3,,,,,,,,,,,,,,,,,,,,,,286,,,,,,,
74465.8,,,,,,,,,,,,,,,,,,,,,,,286,,,,,,
74972.5,,,,,,,,,,,,,,,,,,,,,,288,,,,,,,
74985,,,,,,,,,,,,,,,,,,,,,,,288,,,,,,
74992.1,54800,57500,56000,54400,54800,70000,1.2e+06,1.2e+06,1.2e+06,1.2e+06,1.596e+06,1.596e+06,,361959.948,,,,,,,,,,0.990099,0,0,0,100,100
75491.6,,,,,,,,,,,,,,,,,,,,,,290,,,,,,,
75504.2,,,,,,,,,,,,,,,,,,,,,,,290,,,,,,
75992.1,54800,57900,56200,54600,54800,70000,1.2e+06,1.2e+06,1.2e+06,1.2e+06,1.596e+06,1.596e+06,,361969.247,,,,,,,,,,0,0,0,0,100,100
76010.5,,,,,,,,,,,,,,,,,,,,,,292,,,,,,,
76023.1,,,,,,,,,,,,,,,,,,,,,,,292,,,,,,
76529.7,,,,,,,,,,,,,,,,,,,,,,294,,,,,,,
76542.4,,,,,,,,,,,,,,,,,,,,,,,294,,,,,,
76992.1,54800,57500,56400,54400,54800,70000,1.2e+06,1.2e+06,1.2e+06,1.2e+06,1.596e+06,1.596e+06,,361978.453,,,,,,,,,,0.990099,0,0.990099,0,100,100
77049,,,,,,,,,,,,,,,,,,,,,,296,,,,,,,
77061.6,,,,,,,,,,,,,,,,,,,,,,,296,,,,,,
77568.3,,,,,,,,,,,,,,,,,,,,,,298,,,,,,,
77580.9,,,,,,,,,,,,,,,,,,,,,,,298,,,,,,
77992.6,55000,57700,56400,54800,55000,70000,1.2e+06,1.2e+06,1.2e+06,1.2e+06,1.596e+06,1.596e+06,,361987.754,,,,,,,,,,0,0,0,0,100,100
78087.1,,,,,,,,,,,,,,,,,,,,,,300,,,,,,,
78099.8,,,,,,,,,,,,,,,,,,,,,,,300,,,,,,
78606.2,,,,,,,,,,,,,,,,,,,,,,302,,,,,,,
78619,,,,,,,,,,,,,,,,,,,,,,,302,,,,,,
78992.5,55200,57900,56400,54400,55200,70000,1.2e+06,1.2e+06,1.2e+06,1.2e+06,1.596e+06,1.596e+06,,361997.061,,,,,,,,,,1.96078,0,0,0,100,100
79125.3,,,,,,,,,,,,,,,,,,,,,,304,,,,,,,
79138,,,,,,,,,,,,,,,,,,,,,,,304,,,,,,
79644.9,,,,,,,,,,,,,,,,,,,,,,306,,,,,,,
79657.5,,,,,,,,,,,,,,,,,,,,,,,306,,,,,,
79992.2,55000,57500,56400,54800,55000,70000,1.2e+06,1.2e+06,1.2e+06,1.2e+06,1.596e+06,1.596e+06,,362006.362,,,,,,,,,,1,0,0.990099,0,100,100
80164.4,,,,,,,,,,,,,,,,,,,,,,308,,,,,,,
80176.9,,,,,,,,,,,,,,,,,,,,,,,308,,,,,,
80683.4,,,,,,,,,,,,,,,,,,,,,,310,,,,,,,
80696,,,,,,,,,,,,,,,,,,,,,,,310,,,,,,
80992.2,55200,57900,56400,54800,55000,70000,1.2e+06,1.2e+06,1.2e+06,1.2e+06,1.596e+06,1.596e+06,26.273,362013.278,,,,,,,,,,0,0.990099,0,0,100,100
81202.6,,,,,,,,,,,,,,,,,,,,,,312,,,,,,,
81215.2,,,,,,,,,,,,,,,,,,,,,,,312,,,,,,
81721.5,,,,,,,,,,,,,,,,,,,,,,314,,,,,,,
81734.2,,,,,,,,,,,,,,,,,,,,,,,314,,,,,,
81992.3,55200,57700,56400,54400,54800,70000,1.2e+06,1.2e+06,1.2e+06,1.2e+06,1.596e+06,1.596e+06,,362022.582,,,,,,,,,,1,0,0,0,100,100
82240.6,,,,,,,,,,,,,,,,,,,,,,316,,,,,,,
82253.3,,,,,,,,,,,,,,,,,,,,,,,316,,,,,,
82759.7,,,,,,,,,,,,,,,,,,,,,,318,,,,,,,
82772.3,,,,,,,,,,,,,,,,,,,,,,,318,,,,,,
82992.7,55200,57900,56400,54800,55200,70000,1.2e+06,1.2e+06,1.2e+06,1.2e+06,1.596e+06,1.596e+06,,362031.799,,,,,,,,,,0,0,0,0,100,100
83278.9,,,,,,,,,,,,,,,,,,,,,,320,,,,,,,
83291.3,,,,,,,,,,,,,,,,,,,,,,,320,,,,,,
83797.8,,,,,,,,,,,,,,,,,,,,,,322,,,,,,,
83810.4,,,,,,,,,,,,,,,,,,,,,,,322,,,,,,
83992.7,55400,57900,56400,54800,55200,70000,1.2e+06,1.2e+06,1.2e+06,1.2e+06,1.596e+06,1.596e+06,,362041.104,,,,,,,,,,0,0,0,0,100,100
84316.7,,,,,,,,,,,,,,,,,,,,,,324,,,,,,,
84329.4,,,,,,,,,,,,,,,,,,,,,,,324,,,,,,
84835.7,,,,,,,,,,,,,,,,,,,,,,326,,,,,,,
84848.4,,,,,,,,,,,,,,,,,,,,,,,326,,,,,,
84992.7,55200,57900,56400,54800,55200,70000,1.2e+06,1.2e+06,1.2e+06,1.2e+06,1.596e+06,1.596e+06,,362050.326,,,,,,,,,,0,0,0,0,100,100
85355.1,,,,,,,,,,,,,,,,,,,,,,328,,,,,,,
85367.8,,,,,,,,,,,,,,,,,,,,,,,328,,,,,,
85874.2,,,,,,,,,,,,,,,,,,,,,,330,,,,,,,
85886.9,,,,,,,,,,,,,,,,,,,,,,,330,,,,,,
85992.1,55200,58100,56600,54800,55200,70000,1.2e+06,1.2e+06,1.2e+06,1.2e+06,1.596e+06,1.596e+06,,362059.646,,,,,,,,,,0,0,0,0,100,100
86393.5,,,,,,,,,,,,,,,,,,,,,,332,,,,,,,
86406.2,,,,,,,,,,,,,,,,,,,,,,,332,,,,,,
86912.7,,,,,,,,,,,,,,,,,,,,,,334,,,,,,,
86925.2,,,,,,,,,,,,,,,,,,,,,,,334,,,,,,
86992.4,55400,58100,56800,54800,55400,70000,1.2e+06,1.2e+06,1.2e+06,1.2e+06,1.596e+06,1.596e+06,,362068.874,,,,,,,,,,0.990099,0,0.990099,0,100,100
87432,,,,,,,,,,,,,,,,,,,,,,336,,,,,,,
87444.6,,,,,,,,,,,,,,,,,,,,,,,336,,,,,,
87950.9,,,,,,,,,,,,,,,,,,,,,,338,,,,,,,
87963.6,,,,,,,,,,,,,,,,,,,,,,,338,,,,,,
87992.8,55200,58100,56600,55000,55400,70000,1.2e+06,1.2e+06,1.2e+06,1.2e+06,1.596e+06,1.596e+06,,362078.193,,,,,,,,,,1,0,0,0,100,100
88469.9,,,,,,,,,,,,,,,,,,,,,,340,,,,,,,
88482.5,,,,,,,,,,,,,,,,,,,,,,,340,,,,,,
88988.8,,,,,,,,,,,,,,,,,,,,,,342,,,,,,,
88991.9,55400,58100,56800,55000,55600,70000,1.2e+06,1.2e+06,1.2e+06,1.2e+06,1.596e+06,1.596e+06,,362087.427,,,,,,,,,,0,0.990099,0,0,100,100
89001.5,,,,,,,,,,,,,,,,,,,,,,,342,,,,,,
89508.1,,,,,,,,,,,,,,,,,,,,,,344,,,,,,,
89520.6,,,,,,,,,,,,,,,,,,,,,,,344,,,,,,
89992.3,55400,58300,56800,54800,55600,70000,1.2e+06,1.2e+06,1.2e+06,1.2e+06,1.596e+06,1.596e+06,,362096.743,,,,,,,,,,0,0,0,0,100,100
90027.4,,,,,,,,,,,,,,,,,,,,,,346,,,,,,,
90039.5,,,,,,,,,,,,,,,,,,,,,,,346,,,,,,
90546.7,,,,,,,,,,,,,,,,,,,,,,348,,,,,,,
90558.8,,,,,,,,,,,,,,,,,,,,,,,348,,,,,,
90992.3,55400,58100,56800,55200,55400,70000,1.2e+06,1.2e+06,1.2e+06,1.2e+06,1.596e+06,1.596e+06,26.262,362105.965,,,,,,,,,,0,0,0,0,100,100
91065.9,,,,,,,,,,,,,,,,,,,,,,350,,,,,,,
91078.2,,,,,,,,,,,,,,,,,,,,,,,350,,,,,,
91585.3,,,,,,,,,,,,,,,,,,,,,,352,,,,,,,
91597.7,,,,,,,,,,,,,,,,,,,,,,,352,,,,,,
91992.7,55200,58100,56800,55000,55400,70000,1.2e+06,1.2e+06,1.2e+06,1.2e+06,1.596e+06,1.596e+06,,362115.285,,,,,,,,,,0.990099,0,0,0,100,100
92104.7,,,,,,,,,,,,,,,,,,,,,,354,,,,,,,
92117,,,,,,,,,,,,,,,,,,,,,,,354,,,,,,
92623.9,,,,,,,,,,,,,,,,,,,,,,356,,,,,,,
92636.5,,,,,,,,,,,,,,,,,,,,,,,356,,,,,,
92992.6,55400,57900,57000,55200,55400,70000,1.2e+06,1.2e+06,1.2e+06,1.2e+06,1.596e+06,1.596e+06,,362124.509,,,,,,,,,,0,0,0,0,100,100
93142.9,,,,,,,,,,,,,,,,,,,,,,358,,,,,,,
93155.7,,,,,,,,,,,,,,,,,,,,,,,358,,,,,,
93662,,,,,,,,,,,,,,,,,,,,,,360,,,,,,,
93674.8,,,,,,,,,,,,,,,,,,,,,,,360,,,,,,
93992.6,55600,58300,56800,55200,55400,70000,1.2e+06,1.2e+06,1.2e+06,1.2e+06,1.596e+06,1.596e+06,,362133.835,,,,,,,,,,0,0.990099,0,0,100,100
94181.1,,,,,,,,,,,,,,,,,,,,,,362,,,,,,,
94193.8,,,,,,,,,,,,,,,,,,,,,,,362,,,,,,
94700,,,,,,,,,,,,,,,,,,,,,,364,,,,,,,
94712.7,,,,,,,,,,,,,,,,,,,,,,,364,,,,,,
94992,55600,58100,56800,55200,55400,70000,1.2e+06,1.2e+06,1.2e+06,1.2e+06,1.596e+06,1.596e+06,,362143.064,,,,,,,,,,0,0,0,0.990099,100,100
95219.6,,,,,,,,,,,,,,,,,,,,,,366,,,,,,,
95231.8,,,,,,,,,,,,,,,,,,,,,,,366,,,,,,
95739.1,,,,,,,,,,,,,,,,,,,,,,368,,,,,,,
95751.4,,,,,,,,,,,,,,,,,,,,,,,368,,,,,,
95992.5,56000,58300,56800,55200,55600,70000,1.2e+06,1.2e+06,1.2e+06,1.2e+06,1.596e+06,1.596e+06,,362152.392,,,,,,,,,,0,0,0,0,99.0196,100
96258.6,,,,,,,,,,,,,,,,,,,,,,370,,,,,,,
96270.9,,,,,,,,,,,,,,,,,,,,,,,370,,,,,,
96778,,,,,,,,,,,,,,,,,,,,,,372,,,,,,,
96790.3,,,,,,,,,,,,,,,,,,,,,,,372,,,,,,
96992.4,55800,58300,57000,55400,55600,70000,1.2e+06,1.2e+06,1.2e+06,1.2e+06,1.596e+06,1.596e+06,,362161.712,,,,,,,,,,0,0,0,0,100,100
97297.4,,,,,,,,,,,,,,,,,,,,,,374,,,,,,,
97309.9,,,,,,,,,,,,,,,,,,,,,,,374,,,,,,
97816.3,,,,,,,,,,,,,,,,,,,,,,376,,,,,,,
97829,,,,,,,,,,,,,,,,,,,,,,,376,,,,,,
97992.1,55600,58300,57200,55200,55800,70000,1.2e+06,1.2e+06,1.2e+06,1.2e+06,1.596e+06,1.596e+06,,362170.942,,,,,,,,,,1.96078,0,0,0,100,100
98335.4,,,,,,,,,,,,,,,,,,,,,,378,,,,,,,
98348.1,,,,,,,,,,,,,,,,,,,,,,,378,,,,,,
98854.6,,,,,,,,,,,,,,,,,,,,,,380,,,,,,,
98867,,,,,,,,,,,,,,,,,,,,,,,380,,,,,,
98992.2,55800,58300,56800,55600,56000,70000,1.2e+06,1.2e+06,1.2e+06,1.2e+06,1.596e+06,1.596e+06,,362180.281,,,,,,,,,,0,0,0,0,100,100
99374,,,,,,,,,,,,,,,,,,,,,,382,,,,,,,
99386.1,,,,,,,,,,,,,,,,,,,,,,,382,,,,,,
99893.3,,,,,,,,,,,,,,,,,,,,,,384,,,,,,,
99905.4,,,,,,,,,,,,,,,,,,,,,,,384,,,,,,
99992.6,55600,58300,57000,55400,55600,70000,1.2e+06,1.2e+06,1.2e+06,1.2e+06,1.596e+06,1.596e+06,,362189.521,,,,,,,,,,0,0,0,0,100,100
100413,,,,,,,,,,,,,,,,,,,,,,386,,,,,,,
100425,,,,,,,,,,,,,,,,,,,,,,,386,,,,,,
100932,,,,,,,,,,,,,,,,,,,,,,388,,,,,,,
100944,,,,,,,,,,,,,,,,,,,,,,,388,,,,,,
100993,55800,58500,57200,55400,55800,70000,1.2e+06,1.2e+06,1.2e+06,1.2e+06,1.596e+06,1.596e+06,26.262,362198.849,,,,,,,,,,0,1,0,0,100,100
101451,,,,,,,,,,,,,,,,,,,,,,390,,,,,,,
101464,,,,,,,,,,,,,,,,,,,,,,,390,,,,,,
101970,,,,,,,,,,,,,,,,,,,,,,392,,,,,,,
101983,,,,,,,,,,,,,,,,,,,,,,,392,,,,,,
101993,55600,58500,57200,55400,55800,70000,1.2e+06,1.2e+06,1.2e+06,1.2e+06,1.596e+06,1.596e+06,,362208.092,,,,,,,,,,0,0,0,0,100,100
102490,,,,,,,,,,,,,,,,,,,,,,394,,,,,,,
102502,,,,,,,,,,,,,,,,,,,,,,,394,,,,,,
102993,56000,58500,57200,55400,56000,70000,1.2e+06,1.2e+06,1.2e+06,1.2e+06,1.596e+06,1.596e+06,,362217.426,,,,,,,,,,0.990099,0.990099,0,0,100,100
103009,,,,,,,,,,,,,,,,,,,,,,396,,,,,,,
103021,,,,,,,,,,,,,,,,,,,,,,,396,,,,,,
103528,,,,,,,,,,,,,,,,,,,,,,398,,,,,,,
103540,,,,,,,,,,,,,,,,,,,,,,,398,,,,,,
103992,56000,58700,57400,55600,55800,70000,1.2e+06,1.2e+06,1.2e+06,1.2e+06,1.596e+06,1.596e+06,,362226.755,,,,,,,,,,0,0,0,0,100,100
104046,,,,,,,,,,,,,,,,,,,,,,400,,,,,,,
104059,,,,,,,,,,,,,,,,,,,,,,,400,,,,,,
104566,,,,,,,,,,,,,,,,,,,,,,402,,,,,,,
104578,,,,,,,,,,,,,,,,,,,,,,,402,,,,,,
104992,56000,58700,57500,55600,56000,70000,1.2e+06,1.2e+06,1.2e+06,1.2e+06,1.596e+06,1.596e+06,,362235.999,,,,,,,,,,0,0,0,0,100,100
105085,,,,,,,,,,,,,,,,,,,,,,404,,,,,,,
105097,,,,,,,,,,,,,,,,,,,,,,,404,,,,,,
105604,,,,,,,,,,,,,,,,,,,,,,406,,,,,,,
105616,,,,,,,,,,,,,,,,,,,,,,,406,,,,,,
105992,56000,58700,57400,56000,56000,70000,1.2e+06,1.2e+06,1.2e+06,1.2e+06,1.596e+06,1.596e+06,,362245.349,,,,,,,,,,0,0,0,0,100,100
106122,,,,,,,,,,,,,,,,,,,,,,408,,,,,,,
106135,,,,,,,,,,,,,,,,,,,,,,,408,,,,,,
106641,,,,,,,,,,,,,,,,,,,,,,410,,,,,,,
106654,,,,,,,,,,,,,,,,,,,,,,,410,,,,,,
106992,56000,58700,57400,55600,55800,70000,1.2e+06,1.2e+06,1.2e+06,1.2e+06,1.596e+06,1.596e+06,,362254.592,,,,,,,,,,0,0,0,0,100,100
107161,,,,,,,,,,,,,,,,,,,,,,412,,,,,,,
107173,,,,,,,,,,,,,,,,,,,,,,,412,,,,,,
107680,,,,,,,,,,,,,,,,,,,,,,414,,,,,,,
107692,,,,,,,,,,,,,,,,,,,,,,,414,,,,,,
107992,56400,58900,57400,55800,56000,70000,1.2e+06,1.2e+06,1.2e+06,1.2e+06,1.596e+06,1.596e+06,,362263.929,,,,,,,,,,1,0.990099,0,0,100,100
108199,,,,,,,,,,,,,,,,,,,,,,416,,,,,,,
108211,,,,,,,,,,,,,,,,,,,,,,,416,,,,,,
108718,,,,,,,,,,,,,,,,,,,,,,418,,,,,,,
108730,,,,,,,,,,,,,,,,,,,,,,,418,,,,,,
108992,56000,58700,57500,55600,56000,70000,1.2e+06,1.2e+06,1.2e+06,1.2e+06,1.596e+06,1.596e+06,,362273.186,,,,,,,,,,0,0,0,0.990099,100,100
109237,,,,,,,,,,,,,,,,,,,,,,420,,,,,,,
109249,,,,,,,,,,,,,,,,,,,,,,,420,,,,,,
109756,,,,,,,,,,,,,,,,,,,,,,422,,,,,,,
109768,,,,,,,,,,,,,,,,,,,,,,,422,,,,,,
109992,56200,58700,57500,55600,56000,70000,1.2e+06,1.2e+06,1.2e+06,1.2e+06,1.596e+06,1.596e+06,,362282.540,,,,,,,,,,0,0,0,0,100,100
110275,,,,,,,,,,,,,,,,,,,,,,424,,,,,,,
110288,,,,,,,,,,,,,,,,,,,,,,,424,,,,,,
110794,,,,,,,,,,,,,,,,,,,,,,426,,,,,,,
110807,,,,,,,,,,,,,,,,,,,,,,,426,,,,,,
110992,56200,59100,57400,55800,56400,70000,1.2e+06,1.2e+06,1.2e+06,1.2e+06,1.596e+06,1.596e+06,26.273,362291.883,,,,,,,,,,0,0,0,0,100,100
111313,,,,,,,,,,,,,,,,,,,,,,428,,,,,,,
111326,,,,,,,,,,,,,,,,,,,,,,,428,,,,,,
111833,,,,,,,,,,,,,,,,,,,,,,430,,,,,,,
111845,,,,,,,,,,,,,,,,,,,,,,,430,,,,,,
111993,56400,59100,57500,55600,56200,70000,1.2e+06,1.2e+06,1.2e+06,1.2e+06,1.596e+06,1.596e+06,,362301.142,,,,,,,,,,0,0,0,0,100,100
112352,,,,,,,,,,,,,,,,,,,,,,432,,,,,,,
112364,,,,,,,,,,,,,,,,,,,,,,,432,,,,,,
112871,,,,,,,,,,,,,,,,,,,,,,434,,,,,,,
112883,,,,,,,,,,,,,,,,,,,,,,,434,,,,,,
112993,56400,58900,57500,55800,56200,70000,1.2e+06,1.2e+06,1.2e+06,1.2e+06,1.596e+06,1.596e+06,,362310.488,,,,,,,,,,0.990099,0,0,0,100,100
113391,,,,,,,,,,,,,,,,,,,,,,436,,,,,,,
113403,,,,,,,,,,,,,,,,,,,,,,,436,,,,,,
113910,,,,,,,,,,,,,,,,,,,,,,438,,,,,,,
113922,,,,,,,,,,,,,,,,,,,,,,,438,,,,,,
113993,56600,59300,57500,56000,56400,70000,1.2e+06,1.2e+06,1.2e+06,1.2e+06,1.596e+06,1.596e+06,,362319.739,,,,,,,,,,0,2.91262,0,0,100,100
114429,,,,,,,,,,,,,,,,,,,,,,440,,,,,,,
114441,,,,,,,,,,,,,,,,,,,,,,,440,,,,,,
114948,,,,,,,,,,,,,,,,,,,,,,442,,,,,,,
114961,,,,,,,,,,,,,,,,,,,,,,,442,,,,,,
114992,56400,59300,57700,56200,56600,70000,1.2e+06,1.2e+06,1.2e+06,1.2e+06,1.596e+06,1.596e+06,,362329.081,,,,,,,,,,0,0,0,0.990099,100,100
115467,,,,,,,,,,,,,,,,,,,,,,444,,,,,,,
115480,,,,,,,,,,,,,,,,,,,,,,,444,,,,,,
115986,,,,,,,,,,,,,,,,,,,,,,446,,,,,,,
115993,56400,59100,57500,56000,56400,70000,1.2e+06,1.2e+06,1.2e+06,1.2e+06,1.596e+06,1.596e+06,,362338.337,,,,,,,,,,0,0,0,0,100,100
115999,,,,,,,,,,,,,,,,,,,,,,,446,,,,,,
116505,,,,,,,,,,,,,,,,,,,,,,448,,,,,,,
116518,,,,,,,,,,,,,,,,,,,,,,,448,,,,,,
116992,56600,59100,57700,56000,56400,70000,1.2e+06,1.2e+06,1.2e+06,1.2e+06,1.596e+06,1.596e+06,,362347.690,,,,,,,,,,0,0,0,0,100,100
117024,,,,,,,,,,,,,,,,,,,,,,450,,,,,,,
117037,,,,,,,,,,,,,,,,,,,,,,,450,,,,,,
117544,,,,,,,,,,,,,,,,,,,,,,452,,,,,,,
117556,,,,,,,,,,,,,,,,,,,,,,,452,,,,,,
117992,56600,59300,57700,56000,56600,70000,1.2e+06,1.2e+06,1.2e+06,1.2e+06,1.596e+06,1.596e+06,,362356.956,,,,,,,,,,1.9802,0,0,0,100,100
118062,,,,,,,,,,,,,,,,,,,,,,454,,,,,,,
118075,,,,,,,,,,,,,,,,,,,,,,,454,,,,,,
118582,,,,,,,,,,,,,,,,,,,,,,456,,,,,,,
118594,,,,,,,,,,,,,,,,,,,,,,,456,,,,,,
118992,56400,59300,57700,56200,56600,70000,1.2e+06,1.2e+06,1.2e+06,1.2e+06,1.596e+06,1.596e+06,,362366.316,,,,,,,,,,0,0,0,0,100,100
119101,,,,,,,,,,,,,,,,,,,,,,458,,,,,,,
119113,,,,,,,,,,,,,,,,,,,,,,,458,,,,,,
119620,,,,,,,,,,,,,,,,,,,,,,460,,,,,,,
119633,,,,,,,,,,,,,,,,,,,,,,,460,,,,,,
119992,56400,59300,57900,56200,56400,70000,1.2e+06,1.2e+06,1.2e+06,1.2e+06,1.596e+06,1.596e+06,,362375.575,,,,,,,,,,0,0,0,0,100,100
120139,,,,,,,,,,,,,,,,,,,,,,462,,,,,,,
120152,,,,,,,,,,,,,,,,,,,,,,,462,,,,,,
120658,,,,,,,,,,,,,,,,,,,,,,464,,,,,,,
120671,,,,,,,,,,,,,,,,,,,,,,,464,,,,,,
120992,56400,59500,57900,56400,56400,70000,1.2e+06,1.2e+06,1.2e+06,1.2e+06,1.596e+06,1.596e+06,26.284,362384.934,,,,,,,,,,0,0,0,0,100,100
121178,,,,,,,,,,,,,,,,,,,,,,466,,,,,,,
121190,,,,,,,,,,,,,,,,,,,,,,,466,,,,,,
121696,,,,,,,,,,,,,,,,,,,,,,468,,,,,,,
121709,,,,,,,,,,,,,,,,,,,,,,,468,,,,,,
121993,56600,59500,57900,56400,56600,70000,1.2e+06,1.2e+06,1.2e+06,1.2e+06,1.596e+06,1.596e+06,,362394.195,,,,,,,,,,0,0,0,0,100,100
122216,,,,,,,,,,,,,,,,,,,,,,470,,,,,,,
122228,,,,,,,,,,,,,,,,,,,,,,,470,,,,,,
122735,,,,,,,,,,,,,,,,,,,,,,472,,,,,,,
122747,,,,,,,,,,,,,,,,,,,,,,,472,,,,,,
122992,56400,59300,57700,56000,56600,70000,1.2e+06,1.2e+06,1.2e+06,1.2e+06,1.596e+06,1.596e+06,,362403.560,,,,,,,,,,0.990099,0.990099,0,0,100,100
123254,,,,,,,,,,,,,,,,,,,,,,474,,,,,,,
123267,,,,,,,,,,,,,,,,,,,,,,,474,,,,,,
123773,,,,,,,,,,,,,,,,,,,,,,476,,,,,,,
123786,,,,,,,,,,,,,,,,,,,,,,,476,,,,,,
123992,56600,59500,57900,56200,56800,70000,1.2e+06,1.2e+06,1.2e+06,1.2e+06,1.596e+06,1.596e+06,,362412.830,,,,,,,,,,0,1,0,0,100,100
124292,,,,,,,,,,,,,,,,,,,,,,478,,,,,,,
124305,,,,,,,,,,,,,,,,,,,,,,,478,,,,,,
124811,,,,,,,,,,,,,,,,,,,,,,480,,,,,,,
124824,,,,,,,,,,,,,,,,,,,,,,,480,,,,,,
124992,56600,59300,57900,56000,56600,70000,1.2e+06,1.2e+06,1.2e+06,1.2e+06,1.596e+06,1.596e+06,,362422.200,,,,,,,,,,0,0,0,0.990099,100,100
125330,,,,,,,,,,,,,,,,,,,,,,482,,,,,,,
125343,,,,,,,,,,,,,,,,,,,,,,,482,,,,,,
125850,,,,,,,,,,,,,,,,,,,,,,484,,,,,,,
125862,,,,,,,,,,,,,,,,,,,,,,,484,,,,,,
125992,56800,59500,58100,56600,57000,70000,1.2e+06,1.2e+06,1.2e+06,1.2e+06,1.596e+06,1.596e+06,,362431.476,,,,,,,,,,0,0,0,0,100,100
126369,,,,,,,,,,,,,,,,,,,,,,486,,,,,,,
126382,,,,,,,,,,,,,,,,,,,,,,,486,,,,,,
126888,,,,,,,,,,,,,,,,,,,,,,488,,,,,,,
126901,,,,,,,,,,,,,,,,,,,,,,,488,,,,,,
126992,56800,59500,58300,56400,56800,70000,1.2e+06,1.2e+06,1.2e+06,1.2e+06,1.596e+06,1.596e+06,,362440.839,,,,,,,,,,0,0,0,0,100,100
127408,,,,,,,,,,,,,,,,,,,,,,490,,,,,,,
127420,,,,,,,,,,,,,,,,,,,,,,,490,,,,,,
127927,,,,,,,,,,,,,,,,,,,,,,492,,,,,,,
127939,,,,,,,,,,,,,,,,,,,,,,,492,,,,,,
127992,56600,59500,57900,56400,56800,70000,1.2e+06,1.2e+06,1.2e+06,1.2e+06,1.596e+06,1.596e+06,,362447.787,,,,,,,,,,0,0,0.990099,0,100,100
128447,,,,,,,,,,,,,,,,,,,,,,494,,,,,,,
128459,,,,,,,,,,,,,,,,,,,,,,,494,,,,,,
128966,,,,,,,,,,,,,,,,,,,,,,496,,,,,,,
128978,,,,,,,,,,,,,,,,,,,,,,,496,,,,,,
128992,56800,59500,58300,56600,56800,70000,1.2e+06,1.2e+06,1.2e+06,1.2e+06,1.596e+06,1.596e+06,,362457.147,,,,,,,,,,0.990099,0,0,0,100,100
129485,,,,,,,,,,,,,,,,,,,,,,498,,,,,,,
129497,,,,,,,,,,,,,,,,,,,,,,,498,,,,,,
129993,56800,59700,58300,56800,56800,70000,1.2e+06,1.2e+06,1.2e+06,1.2e+06,1.596e+06,1.596e+06,,362466.517,,,,,,,,,,0,0,0.990099,0,100,100
130004,,,,,,,,,,,,,,,,,,,,,,500,,,,,,,
130017,,,,,,,,,,,,,,,,,,,,,,,500,,,,,,
130523,,,,,,,,,,,,,,,,,,,,,,502,,,,,,,
130536,,,,,,,,,,,,,,,,,,,,,,,502,,,,,,
130992,56800,59700,58300,56400,57000,70000,1.2e+06,1.2e+06,1.2e+06,1.2e+06,1.596e+06,1.596e+06,26.295,362475.798,,,,,,,,,,0,0,0.990099,0,100,100
131042,,,,,,,,,,,,,,,,,,,,,,504,,,,,,,
131055,,,,,,,,,,,,,,,,,,,,,,,504,,,,,,
131562,,,,,,,,,,,,,,,,,,,,,,506,,,,,,,
131574,,,,,,,,,,,,,,,,,,,,,,,506,,,,,,
131993,57000,59500,58300,56400,57000,70000,1.2e+06,1.2e+06,1.2e+06,1.2e+06,1.596e+06,1.596e+06,,362485.171,,,,,,,,,,0,0.990099,0,0,100,100
132081,,,,,,,,,,,,,,,,,,,,,,508,,,,,,,
132094,,,,,,,,,,,,,,,,,,,,,,,508,,,,,,
132600,,,,,,,,,,,,,,,,,,,,,,510,,,,,,,
132613,,,,,,,,,,,,,,,,,,,,,,,510,,,,,,
132992,57000,59500,58300,56800,57200,70000,1.2e+06,1.2e+06,1.2e+06,1.2e+06,1.596e+06,1.596e+06,,362494.450,,,,,,,,,,0,0,0,0,100,100
133119,,,,,,,,,,,,,,,,,,,,,,512,,,,,,,
133132,,,,,,,,,,,,,,,,,,,,,,,512,,,,,,
133638,,,,,,,,,,,,,,,,,,,,,,514,,,,,,,
133651,,,,,,,,,,,,,,,,,,,,,,,514,,,,,,
133993,57000,59700,58300,56800,57200,70000,1.2e+06,1.2e+06,1.2e+06,1.2e+06,1.596e+06,1.596e+06,,362503.830,,,,,,,,,,0.990099,0,0,0,100,100
134157,,,,,,,,,,,,,,,,,,,,,,516,,,,,,,
134170,,,,,,,,,,,,,,,,,,,,,,,516,,,,,,
134676,,,,,,,,,,,,,,,,,,,,,,518,,,,,,,
134689,,,,,,,,,,,,,,,,,,,,,,,518,,,,,,
134992,57200,59700,58300,56600,56800,70000,1.2e+06,1.2e+06,1.2e+06,1.2e+06,1.596e+06,1.596e+06,,362513.115,,,,,,,,,,0,0.990099,0,0,100,100
135196,,,,,,,,,,,,,,,,,,,,,,520,,,,,,,
135208,,,,,,,,,,,,,,,,,,,,,,,520,,,,,,
135715,,,,,,,,,,,,,,,,,,,,,,522,,,,,,,
135727,,,,,,,,,,,,,,,,,,,,,,,522,,,,,,
135992,57200,59700,58500,56800,57000,70000,1.2e+06,1.2e+06,1.2e+06,1.2e+06,1.596e+06,1.596e+06,,362522.489,,,,,,,,,,0,0,0,0,100,100
136234,,,,,,,,,,,,,,,,,,,,,,524,,,,,,,
136247,,,,,,,,,,,,,,,,,,,,,,,524,,,,,,
136753,,,,,,,,,,,,,,,,,,,,,,526,,,,,,,
136766,,,,,,,,,,,,,,,,,,,,,,,526,,,,,,
136992,57200,59700,58300,56600,57000,70000,1.2e+06,1.2e+06,1.2e+06,1.2e+06,1.596e+06,1.596e+06,,362531.775,,,,,,,,,,0,0,0.990099,0,100,100
137272,,,,,,,,,,,,,,,,,,,,,,528,,,,,,,
137285,,,,,,,,,,,,,,,,,,,,,,,528,,,,,,
137792,,,,,,,,,,,,,,,,,,,,,,530,,,,,,,
137804,,,,,,,,,,,,,,,,,,,,,,,530,,,,,,
137992,57200,59900,58300,56800,56800,70000,1.2e+06,1.2e+06,1.2e+06,1.2e+06,1.596e+06,1.596e+06,,362541.159,,,,,,,,,,0,0,0,0,100,100
138311,,,,,,,,,,,,,,,,,,,,,,532,,,,,,,
138323,,,,,,,,,,,,,,,,,,,,,,,532,,,,,,
138830,,,,,,,,,,,,,,,,,,,,,,534,,,,,,,
138843,,,,,,,,,,,,,,,,,,,,,,,534,,,,,,
138993,57200,59900,58300,56400,57000,70000,1.2e+06,1.2e+06,1.2e+06,1.2e+06,1.596e+06,1.596e+06,,362550.529,,,,,,,,,,0.990099,0.990099,0,0,100,100
139350,,,,,,,,,,,,,,,,,,,,,,536,,,,,,,
139362,,,,,,,,,,,,,,,,,,,,,,,536,,,,,,
139869,,,,,,,,,,,,,,,,,,,,,,538,,,,,,,
139881,,,,,,,,,,,,,,,,,,,,,,,538,,,,,,
139993,57200,60100,58300,57000,57400,70000,1.2e+06,1.2e+06,1.2e+06,1.2e+06,1.596e+06,1.596e+06,,362559.809,,,,,,,,,,0.990099,0,0,0,100,100
140388,,,,,,,,,,,,,,,,,,,,,,540,,,,,,,
140401,,,,,,,,,,,,,,,,,,,,,,,540,,,,,,
140907,,,,,,,,,,,,,,,,,,,,,,542,,,,,,,
140920,,,,,,,,,,,,,,,,,,,,,,,542,,,,,,
140992,57200,59900,58700,57000,57200,70000,1.2e+06,1.2e+06,1.2e+06,1.2e+06,1.596e+06,1.596e+06,26.284,362569.191,,,,,,,,,,0,0,0,0,100,100
141426,,,,,,,,,,,,,,,,,,,,,,544,,,,,,,
141439,,,,,,,,,,,,,,,,,,,,,,,544,,,,,,
141945,,,,,,,,,,,,,,,,,,,,,,546,,,,,,,
141958,,,,,,,,,,,,,,,,,,,,,,,546,,,,,,
141992,57200,59900,58500,57200,57200,70000,1.2e+06,1.2e+06,1.2e+06,1.2e+06,1.596e+06,1.596e+06,,362578.469,,,,,,,,,,0,0,0,0,100,100
142464,,,,,,,,,,,,,,,,,,,,,,548,,,,,,,
142477,,,,,,,,,,,,,,,,,,,,,,,548,,,,,,
142984,,,,,,,,,,,,,,,,,,,,,,550,,,,,,,
142993,57400,59900,58700,56800,57400,70000,1.2e+06,1.2e+06,1.2e+06,1.2e+06,1.596e+06,1.596e+06,,362587.851,,,,,,,,,,0,0,0,0,100,100
142996,,,,,,,,,,,,,,,,,,,,,,,550,,,,,,
143503,,,,,,,,,,,,,,,,,,,,,,552,,,,,,,
143515,,,,,,,,,,,,,,,,,,,,,,,552,,,,,,
143993,57400,60100,58300,56800,57200,70000,1.2e+06,1.2e+06,1.2e+06,1.2e+06,1.596e+06,1.596e+06,,362597.143,,,,,,,,,,0.990099,0.990099,0,0,100,100
144021,,,,,,,,,,,,,,,,,,,,,,554,,,,,,,
144034,,,,,,,,,,,,,,,,,,,,,,,554,,,,,,
144541,,,,,,,,,,,,,,,,,,,,,,556,,,,,,,
144553,,,,,,,,,,,,,,,,,,,,,,,556,,,,,,
144992,57400,60100,58700,57200,57400,70000,1.2e+06,1.2e+06,1.2e+06,1.2e+06,1.596e+06,1.596e+06,,362606.530,,,,,,,,,,0,0,0,0,100,100
145060,,,,,,,,,,,,,,,,,,,,,,558,,,,,,,
145072,,,,,,,,,,,,,,,,,,,,,,,558,,,,,,
145579,,,,,,,,,,,,,,,,,,,,,,560,,,,,,,
145591,,,,,,,,,,,,,,,,,,,,,,,560,,,,,,
145992,57500,60100,58700,57200,57500,70000,1.2e+06,1.2e+06,1.2e+06,1.2e+06,1.596e+06,1.596e+06,,362615.822,,,,,,,,,,0,0,0,0,100,100
146098,,,,,,,,,,,,,,,,,,,,,,562,,,,,,,
146110,,,,,,,,,,,,,,,,,,,,,,,562,,,,,,
146617,,,,,,,,,,,,,,,,,,,,,,564,,,,,,,
146629,,,,,,,,,,,,,,,,,,,,,,,564,,,,,,
146992,57400,60100,58700,57200,57200,70000,1.2e+06,1.2e+06,1.2e+06,1.2e+06,1.596e+06,1.596e+06,,362625.200,,,,,,,,,,0,0,0,0,100,100
147136,,,,,,,,,,,,,,,,,,,,,,566,,,,,,,
147149,,,,,,,,,,,,,,,,,,,,,,,566,,,,,,
147655,,,,,,,,,,,,,,,,,,,,,,568,,,,,,,
147667,,,,,,,,,,,,,,,,,,,,,,,568,,,,,,
147993,57400,60300,58700,57000,57200,70000,1.2e+06,1.2e+06,1.2e+06,1.2e+06,1.596e+06,1.596e+06,,362634.576,,,,,,,,,,0,0.990099,0,0,100,100
148174,,,,,,,,,,,,,,,,,,,,,,570,,,,,,,
148186,,,,,,,,,,,,,,,,,,,,,,,570,,,,,,
148693,,,,,,,,,,,,,,,,,,,,,,572,,,,,,,
148705,,,,,,,,,,,,,,,,,,,,,,,572,,,,,,
148992,57500,60100,58700,57000,57500,70000,1.2e+06,1.2e+06,1.2e+06,1.2e+06,1.596e+06,1.596e+06,,362643.871,,,,,,,,,,0.990099,0,0,0,100,100
149212,,,,,,,,,,,,,,,,,,,,,,574,,,,,,,
149225,,,,,,,,,,,,,,,,,,,,,,,574,,,,,,
149731,,,,,,,,,,,,,,,,,,,,,,576,,,,,,,
149744,,,,,,,,,,,,,,,,,,,,,,,576,,,,,,
149992,57400,60100,58700,57200,57400,70000,1.2e+06,1.2e+06,1.2e+06,1.2e+06,1.596e+06,1.596e+06,,362653.170,,,,,,,,,,0,0,0,0,100,100
150250,,,,,,,,,,,,,,,,,,,,,,578,,,,,,,
150263,,,,,,,,,,,,,,,,,,,,,,,578,,,,,,
150769,,,,,,,,,,,,,,,,,,,,,,580,,,,,,,
150782,,,,,,,,,,,,,,,,,,,,,,,580,,,,,,
150992,57500,59900,58700,57200,57400,70000,1.2e+06,1.2e+06,1.2e+06,1.2e+06,1.596e+06,1.596e+06,26.284,362662.549,,,,,,,,,,0,0,0,0,100,100
151289,,,,,,,,,,,,,,,,,,,,,,582,,,,,,,
151302,,,,,,,,,,,,,,,,,,,,,,,582,,,,,,
151810,,,,,,,,,,,,,,,,,,,,,,584,,,,,,,
151823,,,,,,,,,,,,,,,,,,,,,,,584,,,,,,
151992,57700,60300,58700,57200,57500,70000,1.2e+06,1.2e+06,1.2e+06,1.2e+06,1.596e+06,1.596e+06,,362671.840,,,,,,,,,,0,0,0,0,100,100
152330,,,,,,,,,,,,,,,,,,,,,,586,,,,,,,
152343,,,,,,,,,,,,,,,,,,,,,,,586,,,,,,
152850,,,,,,,,,,,,,,,,,,,,,,588,,,,,,,
152863,,,,,,,,,,,,,,,,,,,,,,,588,,,,,,
152992,57500,60500,58700,57000,57200,70000,1.2e+06,1.2e+06,1.2e+06,1.2e+06,1.596e+06,1.596e+06,,362681.225,,,,,,,,,,0,0,0,0,100,100
153369,,,,,,,,,,,,,,,,,,,,,,590,,,,,,,
153382,,,,,,,,,,,,,,,,,,,,,,,590,,,,,,
153888,,,,,,,,,,,,,,,,,,,,,,592,,,,,,,
153901,,,,,,,,,,,,,,,,,,,,,,,592,,,,,,
153992,57500,60100,58700,57200,57400,70000,1.2e+06,1.2e+06,1.2e+06,1.2e+06,1.596e+06,1.596e+06,,362690.614,,,,,,,,,,0,0,0,0,100,100
154407,,,,,,,,,,,,,,,,,,,,,,594,,,,,,,
154420,,,,,,,,,,,,,,,,,,,,,,,594,,,,,,
154926,,,,,,,,,,,,,,,,,,,,,,596,,,,,,,
154938,,,,,,,,,,,,,,,,,,,,,,,596,,,,,,
154993,57500,60300,58700,57200,57400,70000,1.2e+06,1.2e+06,1.2e+06,1.2e+06,1.596e+06,1.596e+06,,362699.904,,,,,,,,,,1,0,0,0,100,100
155445,,,,,,,,,,,,,,,,,,,,,,598,,,,,,,
155457,,,,,,,,,,,,,,,,,,,,,,,598,,,,,,
155964,,,,,,,,,,,,,,,,,,,,,,600,,,,,,,
155976,,,,,,,,,,,,,,,,,,,,,,,600,,,,,,
155992,57700,60300,58700,57200,57500,70000,1.2e+06,1.2e+06,1.2e+06,1.2e+06,1.596e+06,1.596e+06,,362709.304,,,,,,,,,,0,0.990099,0,0,100,100
156483,,,,,,,,,,,,,,,,,,,,,,602,,,,,,,
156495,,,,,,,,,,,,,,,,,,,,,,,602,,,,,,
156992,57500,60300,58900,57200,57400,70000,1.2e+06,1.2e+06,1.2e+06,1.2e+06,1.596e+06,1.596e+06,,362718.604,,,,,,,,,,0,0.990099,0,0,100,100
157002,,,,,,,,,,,,,,,,,,,,,,604,,,,,,,
157014,,,,,,,,,,,,,,,,,,,,,,,604,,,,,,
157521,,,,,,,,,,,,,,,,,,,,,,606,,,,,,,
157534,,,,,,,,,,,,,,,,,,,,,,,606,,,,,,
157992,57500,60500,59100,57400,57500,70000,1.2e+06,1.2e+06,1.2e+06,1.2e+06,1.596e+06,1.596e+06,,362728.007,,,,,,,,,,0,0,0,0,100,100
158040,,,,,,,,,,,,,,,,,,,,,,608,,,,,,,
158053,,,,,,,,,,,,,,,,,,,,,,,608,,,,,,
158560,,,,,,,,,,,,,,,,,,,,,,610,,,,,,,
158572,,,,,,,,,,,,,,,,,,,,,,,610,,,,,,
158992,57700,60300,59100,57400,57500,70000,1.2e+06,1.2e+06,1.2e+06,1.2e+06,1.596e+06,1.596e+06,,362737.301,,,,,,,,,,0,0,0,0,100,100
159079,,,,,,,,,,,,,,,,,,,,,,612,,,,,,,
159091,,,,,,,,,,,,,,,,,,,,,,,612,,,,,,
159598,,,,,,,,,,,,,,,,,,,,,,614,,,,,,,
159610,,,,,,,,,,,,,,,,,,,,,,,614,,,,,,
159992,57900,60700,59100,57200,57500,70000,1.2e+06,1.2e+06,1.2e+06,1.2e+06,1.596e+06,1.596e+06,,362746.695,,,,,,,,,,0.990099,0,0.990099,0,100,100
160116,,,,,,,,,,,,,,,,,,,,,,616,,,,,,,
160129,,,,,,,,,,,,,,,,,,,,,,,616,,,,,,
160636,,,,,,,,,,,,,,,,,,,,,,618,,,,,,,
160648,,,,,,,,,,,,,,,,,,,,,,,618,,,,,,
160992,57500,60500,58900,57400,57400,70000,1.2e+06,1.2e+06,1.2e+06,1.2e+06,1.596e+06,1.596e+06,26.295,362756.089,,,,,,,,,,0,0,0,0,100,100
161155,,,,,,,,,,,,,,,,,,,,,,620,,,,,,,
161167,,,,,,,,,,,,,,,,,,,,,,,620,,,,,,
161674,,,,,,,,,,,,,,,,,,,,,,622,,,,,,,
161686,,,,,,,,,,,,,,,,,,,,,,,622,,,,,,
161992,57700,60700,59100,57500,57700,70000,1.2e+06,1.2e+06,1.2e+06,1.2e+06,1.596e+06,1.596e+06,,362765.392,,,,,,,,,,1,0,0,0,100,100
162193,,,,,,,,,,,,,,,,,,,,,,624,,,,,,,
162206,,,,,,,,,,,,,,,,,,,,,,,624,,,,,,
162712,,,,,,,,,,,,,,,,,,,,,,626,,,,,,,
162725,,,,,,,,,,,,,,,,,,,,,,,626,,,,,,
162992,57700,60500,59100,57400,57400,70000,1.2e+06,1.2e+06,1.2e+06,1.2e+06,1.596e+06,1.596e+06,,362774.794,,,,,,,,,,0,0.990099,0,0,100,100
163231,,,,,,,,,,,,,,,,,,,,,,628,,,,,,,
163244,,,,,,,,,,,,,,,,,,,,,,,628,,,,,,
163750,,,,,,,,,,,,,,,,,,,,,,630,,,,,,,
163763,,,,,,,,,,,,,,,,,,,,,,,630,,,,,,
163992,57500,60500,59100,57400,57500,70000,1.2e+06,1.2e+06,1.2e+06,1.2e+06,1.596e+06,1.596e+06,,362784.100,,,,,,,,,,0,0,0,0,100,100
164270,,,,,,,,,,,,,,,,,,,,,,632,,,,,,,
164282,,,,,,,,,,,,,,,,,,,,,,,632,,,,,,
164789,,,,,,,,,,,,,,,,,,,,,,634,,,,,,,
164801,,,,,,,,,,,,,,,,,,,,,,,634,,,,,,
164993,57700,60700,59100,57200,57500,70000,1.2e+06,1.2e+06,1.2e+06,1.2e+06,1.596e+06,1.596e+06,,362793.495,,,,,,,,,,1,0,0,0.990099,100,100
165308,,,,,,,,,,,,,,,,,,,,,,636,,,,,,,
165320,,,,,,,,,,,,,,,,,,,,,,,636,,,,,,
165827,,,,,,,,,,,,,,,,,,,,,,638,,,,,,,
165839,,,,,,,,,,,,,,,,,,,,,,,638,,,,,,
165992,57700,60700,59100,57400,57900,70000,1.2e+06,1.2e+06,1.2e+06,1.2e+06,1.596e+06,1.596e+06,,362802.795,,,,,,,,,,0,0,0,0,100,100
166346,,,,,,,,,,,,,,,,,,,,,,640,,,,,,,
166358,,,,,,,,,,,,,,,,,,,,,,,640,,,,,,
166865,,,,,,,,,,,,,,,,,,,,,,642,,,,,,,
166878,,,,,,,,,,,,,,,,,,,,,,,642,,,,,,
166992,57900,60700,59300,57500,57900,70000,1.2e+06,1.2e+06,1.2e+06,1.2e+06,1.596e+06,1.596e+06,,362812.193,,,,,,,,,,0,0,0,0,100,100
167384,,,,,,,,,,,,,,,,,,,,,,644,,,,,,,
167396,,,,,,,,,,,,,,,,,,,,,,,644,,,,,,
167903,,,,,,,,,,,,,,,,,,,,,,646,,,,,,,
167915,,,,,,,,,,,,,,,,,,,,,,,646,,,,,,
167993,57900,60700,59500,57500,57700,70000,1.2e+06,1.2e+06,1.2e+06,1.2e+06,1.596e+06,1.596e+06,,362821.509,,,,,,,,,,0,0,0,0,100,100
168422,,,,,,,,,,,,,,,,,,,,,,648,,,,,,,
168434,,,,,,,,,,,,,,,,,,,,,,,648,,,,,,
168941,,,,,,,,,,,,,,,,,,,,,,650,,,,,,,
168954,,,,,,,,,,,,,,,,,,,,,,,650,,,,,,
168992,57500,60500,59100,57500,57500,70000,1.2e+06,1.2e+06,1.2e+06,1.2e+06,1.596e+06,1.596e+06,,362830.829,,,,,,,,,,0,0.990099,0,0,100,100
169461,,,,,,,,,,,,,,,,,,,,,,652,,,,,,,
169473,,,,,,,,,,,,,,,,,,,,,,,652,,,,,,
169980,,,,,,,,,,,,,,,,,,,,,,654,,,,,,,
169992,57900,60700,59300,57500,57700,70000,1.2e+06,1.2e+06,1.2e+06,1.2e+06,1.596e+06,1.596e+06,,362840.219,,,,,,,,,,0.990099,0,0,0,100,100
169993,,,,,,,,,,,,,,,,,,,,,,,654,,,,,,
170499,,,,,,,,,,,,,,,,,,,,,,656,,,,,,,
170512,,,,,,,,,,,,,,,,,,,,,,,656,,,,,,
170992,58100,60500,59300,57500,57700,70000,1.2e+06,1.2e+06,1.2e+06,1.2e+06,1.596e+06,1.596e+06,26.284,362849.525,,,,,,,,,,0,0,0,0,100,100
171018,,,,,,,,,,,,,,,,,,,,,,658,,,,,,,
171031,,,,,,,,,,,,,,,,,,,,,,,658,,,,,,
171537,,,,,,,,,,,,,,,,,,,,,,660,,,,,,,
171550,,,,,,,,,,,,,,,,,,,,,,,660,,,,,,
171992,58300,60700,59500,57900,57900,70000,1.2e+06,1.2e+06,1.2e+06,1.2e+06,1.596e+06,1.596e+06,,362858.935,,,,,,,,,,0,0,0,0,100,100
172056,,,,,,,,,,,,,,,,,,,,,,662,,,,,,,
172069,,,,,,,,,,,,,,,,,,,,,,,662,,,,,,
172575,,,,,,,,,,,,,,,,,,,,,,664,,,,,,,
172588,,,,,,,,,,,,,,,,,,,,,,,664,,,,,,
172992,57900,60700,59500,57700,57700,70000,1.2e+06,1.2e+06,1.2e+06,1.2e+06,1.596e+06,1.596e+06,,362868.333,,,,,,,,,,0,0,0.990099,0,100,100
173095,,,,,,,,,,,,,,,,,,,,,,666,,,,,,,
173107,,,,,,,,,,,,,,,,,,,,,,,666,,,,,,
173614,,,,,,,,,,,,,,,,,,,,,,668,,,,,,,
173626,,,,,,,,,,,,,,,,,,,,,,,668,,,,,,
173992,57900,60700,59100,57500,57700,70000,1.2e+06,1.2e+06,1.2e+06,1.2e+06,1.596e+06,1.596e+06,,362875.320,,,,,,,,,,0,0,0,0.990099,100,100
174133,,,,,,,,,,,,,,,,,,,,,,670,,,,,,,
174146,,,,,,,,,,,,,,,,,,,,,,,670,,,,,,
174652,,,,,,,,,,,,,,,,,,,,,,672,,,,,,,
174665,,,,,,,,,,,,,,,,,,,,,,,672,,,,,,
174992,57900,60700,59500,57700,57900,70000,1.2e+06,1.2e+06,1.2e+06,1.2e+06,1.596e+06,1.596e+06,,362884.722,,,,,,,,,,0.990099,0.990099,0,0,100,100
175171,,,,,,,,,,,,,,,,,,,,,,674,,,,,,,
175184,,,,,,,,,,,,,,,,,,,,,,,674,,,,,,
175690,,,,,,,,,,,,,,,,,,,,,,676,,,,,,,
175703,,,,,,,,,,,,,,,,,,,,,,,676,,,,,,
175992,58300,61100,59500,57500,57700,70000,1.2e+06,1.2e+06,1.2e+06,1.2e+06,1.596e+06,1.596e+06,,362894.038,,,,,,,,,,0,0,0,0.990099,100,100
176209,,,,,,,,,,,,,,,,,,,,,,678,,,,,,,
176222,,,,,,,,,,,,,,,,,,,,,,,678,,,,,,
176728,,,,,,,,,,,,,,,,,,,,,,680,,,,,,,
176741,,,,,,,,,,,,,,,,,,,,,,,680,,,,,,
176992,57900,60900,59500,57700,57900,70000,1.2e+06,1.2e+06,1.2e+06,1.2e+06,1.596e+06,1.596e+06,,362903.442,,,,,,,,,,0,0,0,0,100,100
177247,,,,,,,,,,,,,,,,,,,,,,682,,,,,,,
177259,,,,,,,,,,,,,,,,,,,,,,,682,,,,,,
177766,,,,,,,,,,,,,,,,,,,,,,684,,,,,,,
177778,,,,,,,,,,,,,,,,,,,,,,,684,,,,,,
177993,57900,60700,59500,57700,57900,70000,1.2e+06,1.2e+06,1.2e+06,1.2e+06,1.596e+06,1.596e+06,,362912.761,,,,,,,,,,0,0,0.990099,0,100,100
178285,,,,,,,,,,,,,,,,,,,,,,686,,,,,,,
178298,,,,,,,,,,,,,,,,,,,,,,,686,,,,,,
178804,,,,,,,,,,,,,,,,,,,,,,688,,,,,,,
178817,,,,,,,,,,,,,,,,,,,,,,,688,,,,,,
178992,57900,60900,59300,57500,57900,70000,1.2e+06,1.2e+06,1.2e+06,1.2e+06,1.596e+06,1.596e+06,,362922.182,,,,,,,,,,0,0.990099,0,0,100,100
179323,,,,,,,,,,,,,,,,,,,,,,690,,,,,,,
179336,,,,,,,,,,,,,,,,,,,,,,,690,,,,,,
179843,,,,,,,,,,,,,,,,,,,,,,692,,,,,,,
179855,,,,,,,,,,,,,,,,,,,,,,,692,,,,,,
179992,58100,61100,59500,57700,57900,70000,1.2e+06,1.2e+06,1.2e+06,1.2e+06,1.596e+06,1.596e+06,,362931.495,,,,,,,,,,0.990099,0,0,0,100,100
180362,,,,,,,,,,,,,,,,,,,,,,694,,,,,,,
180374,,,,,,,,,,,,,,,,,,,,,,,694,,,,,,
180881,,,,,,,,,,,,,,,,,,,,,,696,,,,,,,
180894,,,,,,,,,,,,,,,,,,,,,,,696,,,,,,
180992,58300,60900,59500,57900,57900,70000,1.2e+06,1.2e+06,1.2e+06,1.2e+06,1.596e+06,1.596e+06,26.295,362940.907,,,,,,,,,,0,0,0,0,100,100
181400,,,,,,,,,,,,,,,,,,,,,,698,,,,,,,
181413,,,,,,,,,,,,,,,,,,,,,,,698,,,,,,
181919,,,,,,,,,,,,,,,,,,,,,,700,,,,,,,
181932,,,,,,,,,,,,,,,,,,,,,,,700,,,,,,
181992,58100,60900,59500,57900,58100,70000,1.2e+06,1.2e+06,1.2e+06,1.2e+06,1.596e+06,1.596e+06,,362950.234,,,,,,,,,,0,0,0,0,100,100
182439,,,,,,,,,,,,,,,,,,,,,,702,,,,,,,
182451,,,,,,,,,,,,,,,,,,,,,,,702,,,,,,
182958,,,,,,,,,,,,,,,,,,,,,,704,,,,,,,
182970,,,,,,,,,,,,,,,,,,,,,,,704,,,,,,
182992,58300,60900,59500,57900,58300,70000,1.2e+06,1.2e+06,1.2e+06,1.2e+06,1.596e+06,1.596e+06,,362959.642,,,,,,,,,,0,0,0,0,100,100
183477,,,,,,,,,,,,,,,,,,,,,,706,,,,,,,
183489,,,,,,,,,,,,,,,,,,,,,,,706,,,,,,
183992,58100,61100,59500,57900,57900,70000,1.2e+06,1.2e+06,1.2e+06,1.2e+06,1.596e+06,1.596e+06,,362968.958,,,,,,,,,,0.990099,0,0,0,100,100
183997,,,,,,,,,,,,,,,,,,,,,,708,,,,,,,
184009,,,,,,,,,,,,,,,,,,,,,,,708,,,,,,
184516,,,,,,,,,,,,,,,,,,,,,,710,,,,,,,
184528,,,,,,,,,,,,,,,,,,,,,,,710,,,,,,
184992,57900,60900,59500,57900,57900,70000,1.2e+06,1.2e+06,1.2e+06,1.2e+06,1.596e+06,1.596e+06,,362978.366,,,,,,,,,,0,0,0,0,100,100
185035,,,,,,,,,,,,,,,,,,,,,,712,,,,,,,
185048,,,,,,,,,,,,,,,,,,,,,,,712,,,,,,
185554,,,,,,,,,,,,,,,,,,,,,,714,,,,,,,
185567,,,,,,,,,,,,,,,,,,,,,,,714,,,,,,
185992,58100,61100,59500,57900,57900,70000,1.2e+06,1.2e+06,1.2e+06,1.2e+06,1.596e+06,1.596e+06,,362987.679,,,,,,,,,,0.990099,0,0,0,100,100
186073,,,,,,,,,,,,,,,,,,,,,,716,,,,,,,
186086,,,,,,,,,,,,,,,,,,,,,,,716,,,,,,
186593,,,,,,,,,,,,,,,,,,,,,,718,,,,,,,
186605,,,,,,,,,,,,,,,,,,,,,,,718,,,,,,
186993,58300,61100,59700,57900,58300,70000,1.2e+06,1.2e+06,1.2e+06,1.2e+06,1.596e+06,1.596e+06,,362997.096,,,,,,,,,,0,0,0,0,100,100
187112,,,,,,,,,,,,,,,,,,,,,,720,,,,,,,
187124,,,,,,,,,,,,,,,,,,,,,,,720,,,,,,
187631,,,,,,,,,,,,,,,,,,,,,,722,,,,,,,
187643,,,,,,,,,,,,,,,,,,,,,,,722,,,,,,
187992,58300,61100,59700,57900,58100,70000,1.2e+06,1.2e+06,1.2e+06,1.2e+06,1.596e+06,1.596e+06,,363006.412,,,,,,,,,,0,0,0,0,100,100
188150,,,,,,,,,,,,,,,,,,,,,,724,,,,,,,
188163,,,,,,,,,,,,,,,,,,,,,,,724,,,,,,
188670,,,,,,,,,,,,,,,,,,,,,,726,,,,,,,
188682,,,,,,,,,,,,,,,,,,,,,,,726,,,,,,
188992,58100,61100,59700,57900,58500,70000,1.2e+06,1.2e+06,1.2e+06,1.2e+06,1.596e+06,1.596e+06,,363015.830,,,,,,,,,,0,0.990099,0,0,100,100
189189,,,,,,,,,,,,,,,,,,,,,,728,,,,,,,
189202,,,,,,,,,,,,,,,,,,,,,,,728,,,,,,
189708,,,,,,,,,,,,,,,,,,,,,,730,,,,,,,
189721,,,,,,,,,,,,,,,,,,,,,,,730,,,,,,
189992,58300,61100,59700,57900,58100,70000,1.2e+06,1.2e+06,1.2e+06,1.2e+06,1.596e+06,1.596e+06,,363025.153,,,,,,,,,,0,0,0,0,100,100
190228,,,,,,,,,,,,,,,,,,,,,,732,,,,,,,
190240,,,,,,,,,,,,,,,,,,,,,,,732,,,,,,
190747,,,,,,,,,,,,,,,,,,,,,,734,,,,,,,
190759,,,,,,,,,,,,,,,,,,,,,,,734,,,,,,
190993,58300,61300,59700,57900,57900,70000,1.2e+06,1.2e+06,1.2e+06,1.2e+06,1.596e+06,1.596e+06,26.295,363034.562,,,,,,,,,,0.990099,0,0.990099,0,100,100
191267,,,,,,,,,,,,,,,,,,,,,,736,,,,,,,
191279,,,,,,,,,,,,,,,,,,,,,,,736,,,,,,
191786,,,,,,,,,,,,,,,,,,,,,,738,,,,,,,
191798,,,,,,,,,,,,,,,,,,,,,,,738,,,,,,
191993,58300,61300,59700,57900,57900,70000,1.2e+06,1.2e+06,1.2e+06,1.2e+06,1.596e+06,1.596e+06,,363043.885,,,,,,,,,,0,0,0,0,100,100
192305,,,,,,,,,,,,,,,,,,,,,,740,,,,,,,
192317,,,,,,,,,,,,,,,,,,,,,,,740,,,,,,
192824,,,,,,,,,,,,,,,,,,,,,,742,,,,,,,
192836,,,,,,,,,,,,,,,,,,,,,,,742,,,,,,
192992,58300,61300,59900,58300,58300,70000,1.2e+06,1.2e+06,1.2e+06,1.2e+06,1.596e+06,1.596e+06,,363053.299,,,,,,,,,,0,0.990099,0,0,100,100
193344,,,,,,,,,,,,,,,,,,,,,,744,,,,,,,
193355,,,,,,,,,,,,,,,,,,,,,,,744,,,,,,
193863,,,,,,,,,,,,,,,,,,,,,,746,,,,,,,
193874,,,,,,,,,,,,,,,,,,,,,,,746,,,,,,
193993,58300,61100,59700,57900,58100,70000,1.2e+06,1.2e+06,1.2e+06,1.2e+06,1.596e+06,1.596e+06,,363062.618,,,,,,,,,,0,0,0,0,100,100
194382,,,,,,,,,,,,,,,,,,,,,,748,,,,,,,
194394,,,,,,,,,,,,,,,,,,,,,,,748,,,,,,
194902,,,,,,,,,,,,,,,,,,,,,,750,,,,,,,
194913,,,,,,,,,,,,,,,,,,,,,,,750,,,,,,
194992,58300,61100,59900,57900,58100,70000,1.2e+06,1.2e+06,1.2e+06,1.2e+06,1.596e+06,1.596e+06,,363072.035,,,,,,,,,,0,0,0,0,100,100
195421,,,,,,,,,,,,,,,,,,,,,,752,,,,,,,
195433,,,,,,,,,,,,,,,,,,,,,,,752,,,,,,
195940,,,,,,,,,,,,,,,,,,,,,,754,,,,,,,
195952,,,,,,,,,,,,,,,,,,,,,,,754,,,,,,
195992,58300,61300,59900,58300,58300,70000,1.2e+06,1.2e+06,1.2e+06,1.2e+06,1.596e+06,1.596e+06,,363081.361,,,,,,,,,,0.990099,0,0,0,100,100
196460,,,,,,,,,,,,,,,,,,,,,,756,,,,,,,
196471,,,,,,,,,,,,,,,,,,,,,,,756,,,,,,
196979,,,,,,,,,,,,,,,,,,,,,,758,,,,,,,
196991,,,,,,,,,,,,,,,,,,,,,,,758,,,,,,
196992,58300,61300,59700,57900,58100,70000,1.2e+06,1.2e+06,1.2e+06,1.2e+06,1.596e+06,1.596e+06,,363090.774,,,,,,,,,,0,0,0,0,100,100
197498,,,,,,,,,,,,,,,,,,,,,,760,,,,,,,
197511,,,,,,,,,,,,,,,,,,,,,,,760,,,,,,
197992,58700,61300,59900,58300,58300,70000,1.2e+06,1.2e+06,1.2e+06,1.2e+06,1.596e+06,1.596e+06,,363100.196,,,,,,,,,,0,0.990099,0,0,100,100
198017,,,,,,,,,,,,,,,,,,,,,,762,,,,,,,
198029,,,,,,,,,,,,,,,,,,,,,,,762,,,,,,
198536,,,,,,,,,,,,,,,,,,,,,,764,,,,,,,
198548,,,,,,,,,,,,,,,,,,,,,,,764,,,,,,
198992,58700,61500,59900,58100,58500,70000,1.2e+06,1.2e+06,1.2e+06,1.2e+06,1.596e+06,1.596e+06,,363109.524,,,,,,,,,,0.990099,0,0,0,100,100
199055,,,,,,,,,,,,,,,,,,,,,,766,,,,,,,
199068,,,,,,,,,,,,,,,,,,,,,,,766,,,,,,
199575,,,,,,,,,,,,,,,,,,,,,,768,,,,,,,
199588,,,,,,,,,,,,,,,,,,,,,,,768,,,,,,
199993,58500,61300,59700,58100,58500,70000,1.2e+06,1.2e+06,1.2e+06,1.2e+06,1.596e+06,1.596e+06,,363118.931,,,,,,,,,,0,0,0,0,100,100
200095,,,,,,,,,,,,,,,,,,,,,,770,,,,,,,
200108,,,,,,,,,,,,,,,,,,,,,,,770,,,,,,
200614,,,,,,,,,,,,,,,,,,,,,,772,,,,,,,
200627,,,,,,,,,,,,,,,,,,,,,,,772,,,,,,
200993,58500,61500,60100,58100,58300,70000,1.2e+06,1.2e+06,1.2e+06,1.2e+06,1.596e+06,1.596e+06,26.284,363128.269,,,,,,,,,,0.990099,0.990099,0,0,100,100
201133,,,,,,,,,,,,,,,,,,,,,,774,,,,,,,
201147,,,,,,,,,,,,,,,,,,,,,,,774,,,,,,
201652,,,,,,,,,,,,,,,,,,,,,,776,,,,,,,
201666,,,,,,,,,,,,,,,,,,,,,,,776,,,,,,
201992,58700,61500,59900,58100,58500,70000,1.2e+06,1.2e+06,1.2e+06,1.2e+06,1.596e+06,1.596e+06,,363137.691,,,,,,,,,,0,0,0,0,100,100
202171,,,,,,,,,,,,,,,,,,,,,,778,,,,,,,
202185,,,,,,,,,,,,,,,,,,,,,,,778,,,,,,
202690,,,,,,,,,,,,,,,,,,,,,,780,,,,,,,
202704,,,,,,,,,,,,,,,,,,,,,,,780,,,,,,
202993,58500,61500,60300,58300,58300,70000,1.2e+06,1.2e+06,1.2e+06,1.2e+06,1.596e+06,1.596e+06,,363147.022,,,,,,,,,,0,0,0,0,100,100
203210,,,,,,,,,,,,,,,,,,,,,,782,,,,,,,
203224,,,,,,,,,,,,,,,,,,,,,,,782,,,,,,
203729,,,,,,,,,,,,,,,,,,,,,,784,,,,,,,
203743,,,,,,,,,,,,,,,,,,,,,,,784,,,,,,
203993,58700,61300,59900,58300,58500,70000,1.2e+06,1.2e+06,1.2e+06,1.2e+06,1.596e+06,1.596e+06,,363156.343,,,,,,,,,,0,0,0,0,100,100
204248,,,,,,,,,,,,,,,,,,,,,,786,,,,,,,
204262,,,,,,,,,,,,,,,,,,,,,,,786,,,,,,
204767,,,,,,,,,,,,,,,,,,,,,,788,,,,,,,
204782,,,,,,,,,,,,,,,,,,,,,,,788,,,,,,
204993,58700,61500,60300,58300,58500,70000,1.2e+06,1.2e+06,1.2e+06,1.2e+06,1.596e+06,1.596e+06,,363165.763,,,,,,,,,,1,0,0,0,100,100
205287,,,,,,,,,,,,,,,,,,,,,,790,,,,,,,
205301,,,,,,,,,,,,,,,,,,,,,,,790,,,,,,
205806,,,,,,,,,,,,,,,,,,,,,,792,,,,,,,
205820,,,,,,,,,,,,,,,,,,,,,,,792,,,,,,
205992,58700,61300,59900,57900,58300,70000,1.2e+06,1.2e+06,1.2e+06,1.2e+06,1.596e+06,1.596e+06,,363175.190,,,,,,,,,,0.990099,0.990099,0,0,100,100
206325,,,,,,,,,,,,,,,,,,,,,,794,,,,,,,
206340,,,,,,,,,,,,,,,,,,,,,,,794,,,,,,
206845,,,,,,,,,,,,,,,,,,,,,,796,,,,,,,
206859,,,,,,,,,,,,,,,,,,,,,,,796,,,,,,
206992,58700,61500,59900,57900,58300,70000,1.2e+06,1.2e+06,1.2e+06,1.2e+06,1.596e+06,1.596e+06,,363184.614,,,,,,,,,,0,0.990099,0,0,100,100
207364,,,,,,,,,,,,,,,,,,,,,,798,,,,,,,
207378,,,,,,,,,,,,,,,,,,,,,,,798,,,,,,
207883,,,,,,,,,,,,,,,,,,,,,,800,,,,,,,
207897,,,,,,,,,,,,,,,,,,,,,,,800,,,,,,
207992,58700,61500,60300,58300,58300,70000,1.2e+06,1.2e+06,1.2e+06,1.2e+06,1.596e+06,1.596e+06,,363193.945,,,,,,,,,,0,0,0,0,100,100
208403,,,,,,,,,,,,,,,,,,,,,,802,,,,,,,
208417,,,,,,,,,,,,,,,,,,,,,,,802,,,,,,
208922,,,,,,,,,,,,,,,,,,,,,,804,,,,,,,
208936,,,,,,,,,,,,,,,,,,,,,,,804,,,,,,
208992,58700,61700,59900,58300,58500,70000,1.2e+06,1.2e+06,1.2e+06,1.2e+06,1.596e+06,1.596e+06,,363203.369,,,,,,,,,,0,0,0,0,100,100
209441,,,,,,,,,,,,,,,,,,,,,,806,,,,,,,
209456,,,,,,,,,,,,,,,,,,,,,,,806,,,,,,
209961,,,,,,,,,,,,,,,,,,,,,,808,,,,,,,
209975,,,,,,,,,,,,,,,,,,,,,,,808,,,,,,
209992,58700,61500,60100,58500,58300,70000,1.2e+06,1.2e+06,1.2e+06,1.2e+06,1.596e+06,1.596e+06,,363212.709,,,,,,,,,,0,0,0,0,100,100
210480,,,,,,,,,,,,,,,,,,,,,,810,,,,,,,
210494,,,,,,,,,,,,,,,,,,,,,,,810,,,,,,
210992,58700,61500,60100,58300,58500,70000,1.2e+06,1.2e+06,1.2e+06,1.2e+06,1.596e+06,1.596e+06,26.284,363222.138,,,,,,,,,,1,0,0,0,100,100
210999,,,,,,,,,,,,,,,,,,,,,,812,,,,,,,
211014,,,,,,,,,,,,,,,,,,,,,,,812,,,,,,
211519,,,,,,,,,,,,,,,,,,,,,,814,,,,,,,
211533,,,,,,,,,,,,,,,,,,,,,,,814,,,,,,
211992,58700,61700,60300,58500,58700,70000,1.2e+06,1.2e+06,1.2e+06,1.2e+06,1.596e+06,1.596e+06,,363231.561,,,,,,,,,,0,0,0,0.990099,100,100
212038,,,,,,,,,,,,,,,,,,,,,,816,,,,,,,
212052,,,,,,,,,,,,,,,,,,,,,,,816,,,,,,
212558,,,,,,,,,,,,,,,,,,,,,,818,,,,,,,
212572,,,,,,,,,,,,,,,,,,,,,,,818,,,,,,
212992,58700,61700,60300,58300,58500,70000,1.2e+06,1.2e+06,1.2e+06,1.2e+06,1.596e+06,1.596e+06,,363240.891,,,,,,,,,,0,0,0,0,100,100
213077,,,,,,,,,,,,,,,,,,,,,,820,,,,,,,
213091,,,,,,,,,,,,,,,,,,,,,,,820,,,,,,
213596,,,,,,,,,,,,,,,,,,,,,,822,,,,,,,
213610,,,,,,,,,,,,,,,,,,,,,,,822,,,,,,
213992,58700,61500,60300,58300,58500,70000,1.2e+06,1.2e+06,1.2e+06,1.2e+06,1.596e+06,1.596e+06,,363250.318,,,,,,,,,,0,0,0,0,100,100
214116,,,,,,,,,,,,,,,,,,,,,,824,,,,,,,
214130,,,,,,,,,,,,,,,,,,,,,,,824,,,,,,
214635,,,,,,,,,,,,,,,,,,,,,,826,,,,,,,
214649,,,,,,,,,,,,,,,,,,,,,,,826,,,,,,
214992,58700,61700,60300,58700,58700,70000,1.2e+06,1.2e+06,1.2e+06,1.2e+06,1.596e+06,1.596e+06,,363259.748,,,,,,,,,,0,0,0,0,100,100
215154,,,,,,,,,,,,,,,,,,,,,,828,,,,,,,
215168,,,,,,,,,,,,,,,,,,,,,,,828,,,,,,
215673,,,,,,,,,,,,,,,,,,,,,,830,,,,,,,
215687,,,,,,,,,,,,,,,,,,,,,,,830,,,,,,
215993,58700,61500,60300,58500,58700,70000,1.2e+06,1.2e+06,1.2e+06,1.2e+06,1.596e+06,1.596e+06,,363269.094,,,,,,,,,,0,0,0,0.990099,100,100
216193,,,,,,,,,,,,,,,,,,,,,,832,,,,,,,
216207,,,,,,,,,,,,,,,,,,,,,,,832,,,,,,
216712,,,,,,,,,,,,,,,,,,,,,,834,,,,,,,
216726,,,,,,,,,,,,,,,,,,,,,,,834,,,,,,
216992,58700,61700,60300,58500,58700,70000,1.2e+06,1.2e+06,1.2e+06,1.2e+06,1.596e+06,1.596e+06,,363278.520,,,,,,,,,,1,0,0,0,100,100
217231,,,,,,,,,,,,,,,,,,,,,,836,,,,,,,
217245,,,,,,,,,,,,,,,,,,,,,,,836,,,,,,
217750,,,,,,,,,,,,,,,,,,,,,,838,,,,,,,
217764,,,,,,,,,,,,,,,,,,,,,,,838,,,,,,
217992,58700,61700,60300,58500,58500,70000,1.2e+06,1.2e+06,1.2e+06,1.2e+06,1.596e+06,1.596e+06,,363287.865,,,,,,,,,,0,0,0,0,100,100
218269,,,,,,,,,,,,,,,,,,,,,,840,,,,,,,
218284,,,,,,,,,,,,,,,,,,,,,,,840,,,,,,
218789,,,,,,,,,,,,,,,,,,,,,,842,,,,,,,
218803,,,,,,,,,,,,,,,,,,,,,,,842,,,,,,
218992,58700,61500,60300,58500,58900,70000,1.2e+06,1.2e+06,1.2e+06,1.2e+06,1.596e+06,1.596e+06,,363297.298,,,,,,,,,,0,0,0,0,100,100
219308,,,,,,,,,,,,,,,,,,,,,,844,,,,,,,
219323,,,,,,,,,,,,,,,,,,,,,,,844,,,,,,
219828,,,,,,,,,,,,,,,,,,,,,,846,,,,,,,
219842,,,,,,,,,,,,,,,,,,,,,,,846,,,,,,
219992,58900,61700,60300,58700,58700,70000,1.2e+06,1.2e+06,1.2e+06,1.2e+06,1.596e+06,1.596e+06,,363304.301,,,,,,,,,,0,0,0,0,100,100
220347,,,,,,,,,,,,,,,,,,,,,,848,,,,,,,
220361,,,,,,,,,,,,,,,,,,,,,,,848,,,,,,
220867,,,,,,,,,,,,,,,,,,,,,,850,,,,,,,
220881,,,,,,,,,,,,,,,,,,,,,,,850,,,,,,
220992,59100,61900,60100,58300,58700,70000,1.2e+06,1.2e+06,1.2e+06,1.2e+06,1.596e+06,1.596e+06,26.284,363313.736,,,,,,,,,,0,0,0,0.990099,100,100
221386,,,,,,,,,,,,,,,,,,,,,,852,,,,,,,
221400,,,,,,,,,,,,,,,,,,,,,,,852,,,,,,
221905,,,,,,,,,,,,,,,,,,,,,,854,,,,,,,
221919,,,,,,,,,,,,,,,,,,,,,,,854,,,,,,
221992,59100,61900,60300,58700,58700,70000,1.2e+06,1.2e+06,1.2e+06,1.2e+06,1.596e+06,1.596e+06,,363323.084,,,,,,,,,,0.990099,0,0,0,100,100
222424,,,,,,,,,,,,,,,,,,,,,,856,,,,,,,
222439,,,,,,,,,,,,,,,,,,,,,,,856,,,,,,
222944,,,,,,,,,,,,,,,,,,,,,,858,,,,,,,
222958,,,,,,,,,,,,,,,,,,,,,,,858,,,,,,
222992,59100,61900,60300,58700,58700,70000,1.2e+06,1.2e+06,1.2e+06,1.2e+06,1.596e+06,1.596e+06,,363332.522,,,,,,,,,,0,1,0,0,100,100
223463,,,,,,,,,,,,,,,,,,,,,,860,,,,,,,
223477,,,,,,,,,,,,,,,,,,,,,,,860,,,,,,
223982,,,,,,,,,,,,,,,,,,,,,,862,,,,,,,
223992,59100,61900,60500,58900,58900,70000,1.2e+06,1.2e+06,1.2e+06,1.2e+06,1.596e+06,1.596e+06,,363341.871,,,,,,,,,,0,0,0,0,100,100
223997,,,,,,,,,,,,,,,,,,,,,,,862,,,,,,
224502,,,,,,,,,,,,,,,,,,,,,,864,,,,,,,
224516,,,,,,,,,,,,,,,,,,,,,,,864,,,,,,
224992,59100,61900,60300,58700,58500,70000,1.2e+06,1.2e+06,1.2e+06,1.2e+06,1.596e+06,1.596e+06,,363351.303,,,,,,,,,,0,0,0,0.990099,100,100
225021,,,,,,,,,,,,,,,,,,,,,,866,,,,,,,
225036,,,,,,,,,,,,,,,,,,,,,,,866,,,,,,
225540,,,,,,,,,,,,,,,,,,,,,,868,,,,,,,
225555,,,,,,,,,,,,,,,,,,,,,,,868,,,,,,
225993,59100,61900,60300,58700,58500,70000,1.2e+06,1.2e+06,1.2e+06,1.2e+06,1.596e+06,1.596e+06,,363360.748,,,,,,,,,,0.990099,0,0,0.990099,100,100
226060,,,,,,,,,,,,,,,,,,,,,,870,,,,,,,
226075,,,,,,,,,,,,,,,,,,,,,,,870,,,,,,
226579,,,,,,,,,,,,,,,,,,,,,,872,,,,,,,
226594,,,,,,,,,,,,,,,,,,,,,,,872,,,,,,
226992,59100,61900,60300,58500,58700,70000,1.2e+06,1.2e+06,1.2e+06,1.2e+06,1.596e+06,1.596e+06,,363370.092,,,,,,,,,,1,0,0,0,100,100
227098,,,,,,,,,,,,,,,,,,,,,,874,,,,,,,
227113,,,,,,,,,,,,,,,,,,,,,,,874,,,,,,
227617,,,,,,,,,,,,,,,,,,,,,,876,,,,,,,
227633,,,,,,,,,,,,,,,,,,,,,,,876,,,,,,
227992,59100,61900,60500,58900,59100,70000,1.2e+06,1.2e+06,1.2e+06,1.2e+06,1.596e+06,1.596e+06,,363379.543,,,,,,,,,,0,0,0,0,100,100
228137,,,,,,,,,,,,,,,,,,,,,,878,,,,,,,
228152,,,,,,,,,,,,,,,,,,,,,,,878,,,,,,
228656,,,,,,,,,,,,,,,,,,,,,,880,,,,,,,
228671,,,,,,,,,,,,,,,,,,,,,,,880,,,,,,
228993,59500,61900,60700,58700,59100,70000,1.2e+06,1.2e+06,1.2e+06,1.2e+06,1.596e+06,1.596e+06,,363388.897,,,,,,,,,,0,0,0,0,100,100
229175,,,,,,,,,,,,,,,,,,,,,,882,,,,,,,
229190,,,,,,,,,,,,,,,,,,,,,,,882,,,,,,
229694,,,,,,,,,,,,,,,,,,,,,,884,,,,,,,
229709,,,,,,,,,,,,,,,,,,,,,,,884,,,,,,
229992,59100,61900,60500,58700,58700,70000,1.2e+06,1.2e+06,1.2e+06,1.2e+06,1.596e+06,1.596e+06,,363398.348,,,,,,,,,,0,0.990099,1,0,100,100
230213,,,,,,,,,,,,,,,,,,,,,,886,,,,,,,
230229,,,,,,,,,,,,,,,,,,,,,,,886,,,,,,
230733,,,,,,,,,,,,,,,,,,,,,,888,,,,,,,
230748,,,,,,,,,,,,,,,,,,,,,,,888,,,,,,
230992,59100,61900,60500,58700,59100,70000,1.2e+06,1.2e+06,1.2e+06,1.2e+06,1.596e+06,1.596e+06,26.284,363407.697,,,,,,,,,,0,0.990099,0,0,100,100
231252,,,,,,,,,,,,,,,,,,,,,,890,,,,,,,
231267,,,,,,,,,,,,,,,,,,,,,,,890,,,,,,
231770,,,,,,,,,,,,,,,,,,,,,,892,,,,,,,
231786,,,,,,,,,,,,,,,,,,,,,,,892,,,,,,
231993,59100,61900,60700,58700,58900,70000,1.2e+06,1.2e+06,1.2e+06,1.2e+06,1.596e+06,1.596e+06,,363417.147,,,,,,,,,,0.990099,0,0,0,100,100
232290,,,,,,,,,,,,,,,,,,,,,,894,,,,,,,
232305,,,,,,,,,,,,,,,,,,,,,,,894,,,,,,
232808,,,,,,,,,,,,,,,,,,,,,,896,,,,,,,
232824,,,,,,,,,,,,,,,,,,,,,,,896,,,,,,
232992,59500,61900,60700,58700,59100,70000,1.2e+06,1.2e+06,1.2e+06,1.2e+06,1.596e+06,1.596e+06,,363426.593,,,,,,,,,,0,0.990099,0,0,100,100
233328,,,,,,,,,,,,,,,,,,,,,,898,,,,,,,
233343,,,,,,,,,,,,,,,,,,,,,,,898,,,,,,
233847,,,,,,,,,,,,,,,,,,,,,,900,,,,,,,
233862,,,,,,,,,,,,,,,,,,,,,,,900,,,,,,
233992,59100,62100,60300,58700,58900,70000,1.2e+06,1.2e+06,1.2e+06,1.2e+06,1.596e+06,1.596e+06,,363435.948,,,,,,,,,,0,0,0,0,100,100
234366,,,,,,,,,,,,,,,,,,,,,,902,,,,,,,
234381,,,,,,,,,,,,,,,,,,,,,,,902,,,,,,
234885,,,,,,,,,,,,,,,,,,,,,,904,,,,,,,
234900,,,,,,,,,,,,,,,,,,,,,,,904,,,,,,
234992,59300,61900,60300,58700,59100,70000,1.2e+06,1.2e+06,1.2e+06,1.2e+06,1.596e+06,1.596e+06,,363445.390,,,,,,,,,,0,0,0,0,100,100
235404,,,,,,,,,,,,,,,,,,,,,,906,,,,,,,
235419,,,,,,,,,,,,,,,,,,,,,,,906,,,,,,
235923,,,,,,,,,,,,,,,,,,,,,,908,,,,,,,
235938,,,,,,,,,,,,,,,,,,,,,,,908,,,,,,
235992,59100,61900,60700,58900,58900,70000,1.2e+06,1.2e+06,1.2e+06,1.2e+06,1.596e+06,1.596e+06,,363454.755,,,,,,,,,,0,0,0,0,100,100
236442,,,,,,,,,,,,,,,,,,,,,,910,,,,,,,
236458,,,,,,,,,,,,,,,,,,,,,,,910,,,,,,
236961,,,,,,,,,,,,,,,,,,,,,,912,,,,,,,
236977,,,,,,,,,,,,,,,,,,,,,,,912,,,,,,
236993,59500,62100,60700,58700,58900,70000,1.2e+06,1.2e+06,1.2e+06,1.2e+06,1.596e+06,1.596e+06,,363464.204,,,,,,,,,,0.990099,0,0.990099,0,100,100
237480,,,,,,,,,,,,,,,,,,,,,,914,,,,,,,
237496,,,,,,,,,,,,,,,,,,,,,,,914,,,,,,
237993,59500,61900,60700,58700,59100,70000,1.2e+06,1.2e+06,1.2e+06,1.2e+06,1.596e+06,1.596e+06,,363473.556,,,,,,,,,,0,0,0,0,100,100
238000,,,,,,,,,,,,,,,,,,,,,,916,,,,,,,
238015,,,,,,,,,,,,,,,,,,,,,,,916,,,,,,
238519,,,,,,,,,,,,,,,,,,,,,,918,,,,,,,
238534,,,,,,,,,,,,,,,,,,,,,,,918,,,,,,
238993,59300,62300,60700,59100,59100,70000,1.2e+06,1.2e+06,1.2e+06,1.2e+06,1.596e+06,1.596e+06,,363483.002,,,,,,,,,,0,0.990099,0,0,100,100
239038,,,,,,,,,,,,,,,,,,,,,,920,,,,,,,
239053,,,,,,,,,,,,,,,,,,,,,,,920,,,,,,
239557,,,,,,,,,,,,,,,,,,,,,,922,,,,,,,
239572,,,,,,,,,,,,,,,,,,,,,,,922,,,,,,
239993,59500,62100,60700,58700,59100,70000,1.2e+06,1.2e+06,1.2e+06,1.2e+06,1.596e+06,1.596e+06,,363492.361,,,,,,,,,,0,0,0.990099,0,100,100
240076,,,,,,,,,,,,,,,,,,,,,,924,,,,,,,
240091,,,,,,,,,,,,,,,,,,,,,,,924,,,,,,
240595,,,,,,,,,,,,,,,,,,,,,,926,,,,,,,
240610,,,,,,,,,,,,,,,,,,,,,,,926,,,,,,
240992,59500,62300,60700,59100,59100,70000,1.2e+06,1.2e+06,1.2e+06,1.2e+06,1.596e+06,1.596e+06,26.284,363501.816,,,,,,,,,,0,1,0,0,100,100
241114,,,,,,,,,,,,,,,,,,,,,,928,,,,,,,
241130,,,,,,,,,,,,,,,,,,,,,,,928,,,,,,
241634,,,,,,,,,,,,,,,,,,,,,,930,,,,,,,
241649,,,,,,,,,,,,,,,,,,,,,,,930,,,,,,
241993,59300,62100,60700,59100,58900,70000,1.2e+06,1.2e+06,1.2e+06,1.2e+06,1.596e+06,1.596e+06,,363511.269,,,,,,,,,,0.990099,0,0,0,100,100
242153,,,,,,,,,,,,,,,,,,,,,,932,,,,,,,
242168,,,,,,,,,,,,,,,,,,,,,,,932,,,,,,
242671,,,,,,,,,,,,,,,,,,,,,,934,,,,,,,
242687,,,,,,,,,,,,,,,,,,,,,,,934,,,,,,
242993,59500,62100,60700,59100,59100,70000,1.2e+06,1.2e+06,1.2e+06,1.2e+06,1.596e+06,1.596e+06,,363520.638,,,,,,,,,,0,0,0,0,100,100
243190,,,,,,,,,,,,,,,,,,,,,,936,,,,,,,
243206,,,,,,,,,,,,,,,,,,,,,,,936,,,,,,
243709,,,,,,,,,,,,,,,,,,,,,,938,,,,,,,
243725,,,,,,,,,,,,,,,,,,,,,,,938,,,,,,
243992,59100,62300,60700,59100,59100,70000,1.2e+06,1.2e+06,1.2e+06,1.2e+06,1.596e+06,1.596e+06,,363530.083,,,,,,,,,,0,0.990099,0,0,100,100
244228,,,,,,,,,,,,,,,,,,,,,,940,,,,,,,
244244,,,,,,,,,,,,,,,,,,,,,,,940,,,,,,
244747,,,,,,,,,,,,,,,,,,,,,,942,,,,,,,
244762,,,,,,,,,,,,,,,,,,,,,,,942,,,,,,
244992,59300,62300,61100,59100,59100,70000,1.2e+06,1.2e+06,1.2e+06,1.2e+06,1.596e+06,1.596e+06,,363539.455,,,,,,,,,,0,0,0,1.96078,100,100
245266,,,,,,,,,,,,,,,,,,,,,,944,,,,,,,
245281,,,,,,,,,,,,,,,,,,,,,,,944,,,,,,
245785,,,,,,,,,,,,,,,,,,,,,,946,,,,,,,
245800,,,,,,,,,,,,,,,,,,,,,,,946,,,,,,
245992,59500,62300,60700,59100,59500,70000,1.2e+06,1.2e+06,1.2e+06,1.2e+06,1.596e+06,1.596e+06,,363548.904,,,,,,,,,,0,1.96078,0,0,100,100
246304,,,,,,,,,,,,,,,,,,,,,,948,,,,,,,
246319,,,,,,,,,,,,,,,,,,,,,,,948,,,,,,
246823,,,,,,,,,,,,,,,,,,,,,,950,,,,,,,
246838,,,,,,,,,,,,,,,,,,,,,,,950,,,,,,
246992,59100,62300,60700,59100,58900,70000,1.2e+06,1.2e+06,1.2e+06,1.2e+06,1.596e+06,1.596e+06,,363558.262,,,,,,,,,,1,0,0,0,100,100
247342,,,,,,,,,,,,,,,,,,,,,,952,,,,,,,
247357,,,,,,,,,,,,,,,,,,,,,,,952,,,,,,
247861,,,,,,,,,,,,,,,,,,,,,,954,,,,,,,
247876,,,,,,,,,,,,,,,,,,,,,,,954,,,,,,
247993,59500,62300,60700,58900,59100,70000,1.2e+06,1.2e+06,1.2e+06,1.2e+06,1.596e+06,1.596e+06,,363567.722,,,,,,,,,,0.990099,0,0,0,100,100
248380,,,,,,,,,,,,,,,,,,,,,,956,,,,,,,
248396,,,,,,,,,,,,,,,,,,,,,,,956,,,,,,
248900,,,,,,,,,,,,,,,,,,,,,,958,,,,,,,
248916,,,,,,,,,,,,,,,,,,,,,,,958,,,,,,
248992,59500,62300,60700,58900,59100,70000,1.2e+06,1.2e+06,1.2e+06,1.2e+06,1.596e+06,1.596e+06,,363577.079,,,,,,,,,,0,1,0,0,100,100
249420,,,,,,,,,,,,,,,,,,,,,,960,,,,,,,
249435,,,,,,,,,,,,,,,,,,,,,,,960,,,,,,
249939,,,,,,,,,,,,,,,,,,,,,,962,,,,,,,
249954,,,,,,,,,,,,,,,,,,,,,,,962,,,,,,
249992,59500,62500,60700,59100,59300,70000,1.2e+06,1.2e+06,1.2e+06,1.2e+06,1.596e+06,1.596e+06,,363586.541,,,,,,,,,,0,0,0,0,100,100
250458,,,,,,,,,,,,,,,,,,,,,,964,,,,,,,
250473,,,,,,,,,,,,,,,,,,,,,,,964,,,,,,
250977,,,,,,,,,,,,,,,,,,,,,,966,,,,,,,
250992,59500,62300,61100,59100,59500,70000,1.2e+06,1.2e+06,1.2e+06,1.2e+06,1.596e+06,1.596e+06,26.284,363595.907,,,,,,,,,,0,0,0,0,100,100
250993,,,,,,,,,,,,,,,,,,,,,,,966,,,,,,
251496,,,,,,,,,,,,,,,,,,,,,,968,,,,,,,
251511,,,,,,,,,,,,,,,,,,,,,,,968,,,,,,
251992,59500,62300,60900,59300,59300,70000,1.2e+06,1.2e+06,1.2e+06,1.2e+06,1.596e+06,1.596e+06,,363605.360,,,,,,,,,,0,0,0,0,100,100
252015,,,,,,,,,,,,,,,,,,,,,,970,,,,,,,
252030,,,,,,,,,,,,,,,,,,,,,,,970,,,,,,
252534,,,,,,,,,,,,,,,,,,,,,,972,,,,,,,
252549,,,,,,,,,,,,,,,,,,,,,,,972,,,,,,
252992,59500,62300,61100,59300,59100,70000,1.2e+06,1.2e+06,1.2e+06,1.2e+06,1.596e+06,1.596e+06,,363614.733,,,,,,,,,,1,0,0,0,100,100
253053,,,,,,,,,,,,,,,,,,,,,,974,,,,,,,
253068,,,,,,,,,,,,,,,,,,,,,,,974,,,,,,
253572,,,,,,,,,,,,,,,,,,,,,,976,,,,,,,
253587,,,,,,,,,,,,,,,,,,,,,,,976,,,,,,
253992,59500,62500,61100,59500,59300,70000,1.2e+06,1.2e+06,1.2e+06,1.2e+06,1.596e+06,1.596e+06,,363624.189,,,,,,,,,,0,0,0,0,100,100
254091,,,,,,,,,,,,,,,,,,,,,,978,,,,,,,
254106,,,,,,,,,,,,,,,,,,,,,,,978,,,,,,
254610,,,,,,,,,,,,,,,,,,,,,,980,,,,,,,
254625,,,,,,,,,,,,,,,,,,,,,,,980,,,,,,
254992,59500,62500,60900,59100,59500,70000,1.2e+06,1.2e+06,1.2e+06,1.2e+06,1.596e+06,1.596e+06,,363633.555,,,,,,,,,,0,0,0,0,100,100
255129,,,,,,,,,,,,,,,,,,,,,,982,,,,,,,
255144,,,,,,,,,,,,,,,,,,,,,,,982,,,,,,
255649,,,,,,,,,,,,,,,,,,,,,,984,,,,,,,
255664,,,,,,,,,,,,,,,,,,,,,,,984,,,,,,
255993,59500,62300,60900,59100,59300,70000,1.2e+06,1.2e+06,1.2e+06,1.2e+06,1.596e+06,1.596e+06,,363643.007,,,,,,,,,,0,0,0,0,100,100
256168,,,,,,,,,,,,,,,,,,,,,,986,,,,,,,
256183,,,,,,,,,,,,,,,,,,,,,,,986,,,,,,
256687,,,,,,,,,,,,,,,,,,,,,,988,,,,,,,
256702,,,,,,,,,,,,,,,,,,,,,,,988,,,,,,
256992,59500,62300,61100,59100,59500,70000,1.2e+06,1.2e+06,1.2e+06,1.2e+06,1.596e+06,1.596e+06,,363652.369,,,,,,,,,,0,0,0,0,100,100
257207,,,,,,,,,,,,,,,,,,,,,,990,,,,,,,
257221,,,,,,,,,,,,,,,,,,,,,,,990,,,,,,
257725,,,,,,,,,,,,,,,,,,,,,,992,,,,,,,
257741,,,,,,,,,,,,,,,,,,,,,,,992,,,,,,
257993,59500,62300,61100,59300,59100,70000,1.2e+06,1.2e+06,1.2e+06,1.2e+06,1.596e+06,1.596e+06,,363661.825,,,,,,,,,,0.990099,0,0,0,100,100
258245,,,,,,,,,,,,,,,,,,,,,,994,,,,,,,
258260,,,,,,,,,,,,,,,,,,,,,,,994,,,,,,
258764,,,,,,,,,,,,,,,,,,,,,,996,,,,,,,
258779,,,,,,,,,,,,,,,,,,,,,,,996,,,,,,
258993,59900,62500,61100,59500,59500,70000,1.2e+06,1.2e+06,1.2e+06,1.2e+06,1.596e+06,1.596e+06,,363671.189,,,,,,,,,,0,0,0,0,100,100
259283,,,,,,,,,,,,,,,,,,,,,,998,,,,,,,
259298,,,,,,,,,,,,,,,,,,,,,,,998,,,,,,
259802,,,,,,,,,,,,,,,,,,,,,,1000,,,,,,,
259817,,,,,,,,,,,,,,,,,,,,,,,1000,,,,,,
259992,59700,62500,61100,59500,59500,70000,1.2e+06,1.2e+06,1.2e+06,1.2e+06,1.596e+06,1.596e+06,,363680.664,,,,,,,,,,0,0.990099,0,0,100,100
260321,,,,,,,,,,,,,,,,,,,,,,1002,,,,,,,
260337,,,,,,,,,,,,,,,,,,,,,,,1002,,,,,,
260841,,,,,,,,,,,,,,,,,,,,,,1004,,,,,,,
260856,,,,,,,,,,,,,,,,,,,,,,,1004,,,,,,
260992,59700,62300,61100,59500,59500,70000,1.2e+06,1.2e+06,1.2e+06,1.2e+06,1.596e+06,1.596e+06,26.284,363690.029,,,,,,,,,,0,0,0,0,100,100
261360,,,,,,,,,,,,,,,,,,,,,,1006,,,,,,,
261375,,,,,,,,,,,,,,,,,,,,,,,1006,,,,,,
261879,,,,,,,,,,,,,,,,,,,,,,1008,,,,,,,
261894,,,,,,,,,,,,,,,,,,,,,,,1008,,,,,,
261992,59700,62300,61100,59100,59500,70000,1.2e+06,1.2e+06,1.2e+06,1.2e+06,1.596e+06,1.596e+06,,363699.496,,,,,,,,,,0,0.990099,0.990099,0,100,100
262398,,,,,,,,,,,,,,,,,,,,,,1010,,,,,,,
262413,,,,,,,,,,,,,,,,,,,,,,,1010,,,,,,
262917,,,,,,,,,,,,,,,,,,,,,,1012,,,,,,,
262932,,,,,,,,,,,,,,,,,,,,,,,1012,,,,,,
262992,59700,62300,61100,59100,59300,70000,1.2e+06,1.2e+06,1.2e+06,1.2e+06,1.596e+06,1.596e+06,,363708.869,,,,,,,,,,0.990099,0,0,0.990099,100,100
263437,,,,,,,,,,,,,,,,,,,,,,1014,,,,,,,
263452,,,,,,,,,,,,,,,,,,,,,,,1014,,,,,,
263956,,,,,,,,,,,,,,,,,,,,,,1016,,,,,,,
263971,,,,,,,,,,,,,,,,,,,,,,,1016,,,,,,
263992,59900,62500,61100,59100,59300,70000,1.2e+06,1.2e+06,1.2e+06,1.2e+06,1.596e+06,1.596e+06,,363718.321,,,,,,,,,,0,0,0,0,100,100
264476,,,,,,,,,,,,,,,,,,,,,,1018,,,,,,,
264491,,,,,,,,,,,,,,,,,,,,,,,1018,,,,,,
264993,59500,62500,61100,59100,59300,70000,1.2e+06,1.2e+06,1.2e+06,1.2e+06,1.596e+06,1.596e+06,,363727.688,,,,,,,,,,0,0.990099,0,0.990099,100,100
264995,,,,,,,,,,,,,,,,,,,,,,1020,,,,,,,
265010,,,,,,,,,,,,,,,,,,,,,,,1020,,,,,,
265515,,,,,,,,,,,,,,,,,,,,,,1022,,,,,,,
265529,,,,,,,,,,,,,,,,,,,,,,,1022,,,,,,
265992,59900,62600,61100,59300,59500,70000,1.2e+06,1.2e+06,1.2e+06,1.2e+06,1.596e+06,1.596e+06,,363737.154,,,,,,,,,,0,0,0,0,100,100
266034,,,,,,,,,,,,,,,,,,,,,,1024,,,,,,,
266048,,,,,,,,,,,,,,,,,,,,,,,1024,,,,,,
266553,,,,,,,,,,,,,,,,,,,,,,1026,,,,,,,
266568,,,,,,,,,,,,,,,,,,,,,,,1026,,,,,,
266992,59700,62500,61100,59300,59300,70000,1.2e+06,1.2e+06,1.2e+06,1.2e+06,1.596e+06,1.596e+06,,363744.186,,,,,,,,,,0,0,0,0,100,100
267072,,,,,,,,,,,,,,,,,,,,,,1028,,,,,,,
267087,,,,,,,,,,,,,,,,,,,,,,,1028,,,,,,
267591,,,,,,,,,,,,,,,,,,,,,,1030,,,,,,,
267607,,,,,,,,,,,,,,,,,,,,,,,1030,,,,,,
267993,59500,62500,61100,59300,59500,70000,1.2e+06,1.2e+06,1.2e+06,1.2e+06,1.596e+06,1.596e+06,,363753.645,,,,,,,,,,0.990099,0.990099,0,0,100,100
268110,,,,,,,,,,,,,,,,,,,,,,1032,,,,,,,
268125,,,,,,,,,,,,,,,,,,,,,,,1032,,,,,,
268629,,,,,,,,,,,,,,,,,,,,,,1034,,,,,,,
268644,,,,,,,,,,,,,,,,,,,,,,,1034,,,,,,
268992,59500,62300,61100,59500,59300,70000,1.2e+06,1.2e+06,1.2e+06,1.2e+06,1.596e+06,1.596e+06,,363763.015,,,,,,,,,,0.990099,0,0,0,100,100
269148,,,,,,,,,,,,,,,,,,,,,,1036,,,,,,,
269163,,,,,,,,,,,,,,,,,,,,,,,1036,,,,,,
269667,,,,,,,,,,,,,,,,,,,,,,1038,,,,,,,
269682,,,,,,,,,,,,,,,,,,,,,,,1038,,,,,,
269993,59900,62500,61100,59300,59500,70000,1.2e+06,1.2e+06,1.2e+06,1.2e+06,1.596e+06,1.596e+06,,363772.481,,,,,,,,,,0,0,0,0,100,100
270186,,,,,,,,,,,,,,,,,,,,,,1040,,,,,,,
270201,,,,,,,,,,,,,,,,,,,,,,,1040,,,,,,
270706,,,,,,,,,,,,,,,,,,,,,,1042,,,,,,,
270721,,,,,,,,,,,,,,,,,,,,,,,1042,,,,,,
270992,59900,62600,61100,59100,59500,70000,1.2e+06,1.2e+06,1.2e+06,1.2e+06,1.596e+06,1.596e+06,26.284,363781.855,,,,,,,,,,0,0.990099,0,0,100,100
271225,,,,,,,,,,,,,,,,,,,,,,1044,,,,,,,
271240,,,,,,,,,,,,,,,,,,,,,,,1044,,,,,,
271744,,,,,,,,,,,,,,,,,,,,,,1046,,,,,,,
271759,,,,,,,,,,,,,,,,,,,,,,,1046,,,,,,
271993,59900,62600,61300,59500,59500,70000,1.2e+06,1.2e+06,1.2e+06,1.2e+06,1.596e+06,1.596e+06,,363791.319,,,,,,,,,,0,0,0,0,100,100
272264,,,,,,,,,,,,,,,,,,,,,,1048,,,,,,,
272279,,,,,,,,,,,,,,,,,,,,,,,1048,,,,,,
272783,,,,,,,,,,,,,,,,,,,,,,1050,,,,,,,
272798,,,,,,,,,,,,,,,,,,,,,,,1050,,,,,,
272992,59700,62600,61100,59500,59500,70000,1.2e+06,1.2e+06,1.2e+06,1.2e+06,1.596e+06,1.596e+06,,363800.690,,,,,,,,,,1,0,0,0,100,100
273302,,,,,,,,,,,,,,,,,,,,,,1052,,,,,,,
273317,,,,,,,,,,,,,,,,,,,,,,,1052,,,,,,
273821,,,,,,,,,,,,,,,,,,,,,,1054,,,,,,,
273836,,,,,,,,,,,,,,,,,,,,,,,1054,,,,,,
273992,59700,62600,61300,59300,59500,70000,1.2e+06,1.2e+06,1.2e+06,1.2e+06,1.596e+06,1.596e+06,,363810.148,,,,,,,,,,0,0,0,0,100,100
274341,,,,,,,,,,,,,,,,,,,,,,1056,,,,,,,
274355,,,,,,,,,,,,,,,,,,,,,,,1056,,,,,,
274860,,,,,,,,,,,,,,,,,,,,,,1058,,,,,,,
274874,,,,,,,,,,,,,,,,,,,,,,,1058,,,,,,
274992,59700,62600,61100,59500,59500,70000,1.2e+06,1.2e+06,1.2e+06,1.2e+06,1.596e+06,1.596e+06,,363819.610,,,,,,,,,,0,0,0,0.990099,100,100
275379,,,,,,,,,,,,,,,,,,,,,,1060,,,,,,,
275394,,,,,,,,,,,,,,,,,,,,,,,1060,,,,,,
275899,,,,,,,,,,,,,,,,,,,,,,1062,,,,,,,
275913,,,,,,,,,,,,,,,,,,,,,,,1062,,,,,,
275992,59900,62500,61300,59500,59500,70000,1.2e+06,1.2e+06,1.2e+06,1.2e+06,1.596e+06,1.596e+06,,363828.988,,,,,,,,,,0,0,0,0,100,100
276418,,,,,,,,,,,,,,,,,,,,,,1064,,,,,,,
276432,,,,,,,,,,,,,,,,,,,,,,,1064,,,,,,
276937,,,,,,,,,,,,,,,,,,,,,,1066,,,,,,,
276951,,,,,,,,,,,,,,,,,,,,,,,1066,,,,,,
276993,59700,62600,61300,59500,59500,70000,1.2e+06,1.2e+06,1.2e+06,1.2e+06,1.596e+06,1.596e+06,,363838.447,,,,,,,,,,0,0,0,0,100,100
277457,,,,,,,,,,,,,,,,,,,,,,1068,,,,,,,
277471,,,,,,,,,,,,,,,,,,,,,,,1068,,,,,,
277976,,,,,,,,,,,,,,,,,,,,,,1070,,,,,,,
277990,,,,,,,,,,,,,,,,,,,,,,,1070,,,,,,
277992,59900,62600,61500,59500,59500,70000,1.2e+06,1.2e+06,1.2e+06,1.2e+06,1.596e+06,1.596e+06,,363847.813,,,,,,,,,,0.990099,0.990099,0,0,100,100
278495,,,,,,,,,,,,,,,,,,,,,,1072,,,,,,,
278510,,,,,,,,,,,,,,,,,,,,,,,1072,,,,,,
278993,59900,62600,61100,59500,59500,70000,1.2e+06,1.2e+06,1.2e+06,1.2e+06,1.596e+06,1.596e+06,,363857.276,,,,,,,,,,0,0,0,0.990099,100,100
279015,,,,,,,,,,,,,,,,,,,,,,1074,,,,,,,
279029,,,,,,,,,,,,,,,,,,,,,,,1074,,,,,,
279534,,,,,,,,,,,,,,,,,,,,,,1076,,,,,,,
279549,,,,,,,,,,,,,,,,,,,,,,,1076,,,,,,
279992,59700,62300,61300,59500,59500,70000,1.2e+06,1.2e+06,1.2e+06,1.2e+06,1.596e+06,1.596e+06,,363866.753,,,,,,,,,,0,0,0,0,100,100
280054,,,,,,,,,,,,,,,,,,,,,,1078,,,,,,,
280068,,,,,,,,,,,,,,,,,,,,,,,1078,,,,,,
280573,,,,,,,,,,,,,,,,,,,,,,1080,,,,,,,
280588,,,,,,,,,,,,,,,,,,,,,,,1080,,,,,,
280992,59900,62500,61300,59500,59300,70000,1.2e+06,1.2e+06,1.2e+06,1.2e+06,1.596e+06,1.596e+06,26.284,363876.115,,,,,,,,,,0,0.990099,0,0,100,100
281093,,,,,,,,,,,,,,,,,,,,,,1082,,,,,,,
281107,,,,,,,,,,,,,,,,,,,,,,,1082,,,,,,
281612,,,,,,,,,,,,,,,,,,,,,,1084,,,,,,,
281626,,,,,,,,,,,,,,,,,,,,,,,1084,,,,,,
281993,59700,62600,61100,59300,59500,70000,1.2e+06,1.2e+06,1.2e+06,1.2e+06,1.596e+06,1.596e+06,,363885.587,,,,,,,,,,0,0,0,0,100,100
282131,,,,,,,,,,,,,,,,,,,,,,1086,,,,,,,
282146,,,,,,,,,,,,,,,,,,,,,,,1086,,,,,,
282651,,,,,,,,,,,,,,,,,,,,,,1088,,,,,,,
282665,,,,,,,,,,,,,,,,,,,,,,,1088,,,,,,
282993,59700,62600,61100,59500,59500,70000,1.2e+06,1.2e+06,1.2e+06,1.2e+06,1.596e+06,1.596e+06,,363894.951,,,,,,,,,,0,0,0,0,100,100
283170,,,,,,,,,,,,,,,,,,,,,,1090,,,,,,,
283184,,,,,,,,,,,,,,,,,,,,,,,1090,,,,,,
283690,,,,,,,,,,,,,,,,,,,,,,1092,,,,,,,
283704,,,,,,,,,,,,,,,,,,,,,,,1092,,,,,,
283993,59700,62800,61300,59300,59700,70000,1.2e+06,1.2e+06,1.2e+06,1.2e+06,1.596e+06,1.596e+06,,363904.428,,,,,,,,,,0.990099,0.990099,0,0,100,100
284209,,,,,,,,,,,,,,,,,,,,,,1094,,,,,,,
284223,,,,,,,,,,,,,,,,,,,,,,,1094,,,,,,
284728,,,,,,,,,,,,,,,,,,,,,,1096,,,,,,,
284743,,,,,,,,,,,,,,,,,,,,,,,1096,,,,,,
284992,59900,62600,61100,59500,59500,70000,1.2e+06,1.2e+06,1.2e+06,1.2e+06,1.596e+06,1.596e+06,,363913.799,,,,,,,,,,0,0,0,0,100,100
285247,,,,,,,,,,,,,,,,,,,,,,1098,,,,,,,
285262,,,,,,,,,,,,,,,,,,,,,,,1098,,,,,,
285766,,,,,,,,,,,,,,,,,,,,,,1100,,,,,,,
285781,,,,,,,,,,,,,,,,,,,,,,,1100,,,,,,
285993,59900,62600,61300,59500,59500,70000,1.2e+06,1.2e+06,1.2e+06,1.2e+06,1.596e+06,1.596e+06,,363923.262,,,,,,,,,,0,0,0.990099,0,100,100
286286,,,,,,,,,,,,,,,,,,,,,,1102,,,,,,,
286300,,,,,,,,,,,,,,,,,,,,,,,1102,,,,,,
286805,,,,,,,,,,,,,,,,,,,,,,1104,,,,,,,
286819,,,,,,,,,,,,,,,,,,,,,,,1104,,,,,,
286992,59900,63000,61300,59500,59500,70000,1.2e+06,1.2e+06,1.2e+06,1.2e+06,1.596e+06,1.596e+06,,363932.644,,,,,,,,,,0,0.990099,0,0,100,100
287325,,,,,,,,,,,,,,,,,,,,,,1106,,,,,,,
287338,,,,,,,,,,,,,,,,,,,,,,,1106,,,,,,
287843,,,,,,,,,,,,,,,,,,,,,,1108,,,,,,,
287858,,,,,,,,,,,,,,,,,,,,,,,1108,,,,,,
287993,59900,62600,61500,59700,59900,70000,1.2e+06,1.2e+06,1.2e+06,1.2e+06,1.596e+06,1.596e+06,,363942.111,,,,,,,,,,0,0,0,0,100,100
288363,,,,,,,,,,,,,,,,,,,,,,1110,,,,,,,
288377,,,,,,,,,,,,,,,,,,,,,,,1110,,,,,,
288882,,,,,,,,,,,,,,,,,,,,,,1112,,,,,,,
288896,,,,,,,,,,,,,,,,,,,,,,,1112,,,,,,
288992,59900,63000,61500,59900,59700,70000,1.2e+06,1.2e+06,1.2e+06,1.2e+06,1.596e+06,1.596e+06,,363951.497,,,,,,,,,,0.990099,0,0,0,100,100
289401,,,,,,,,,,,,,,,,,,,,,,1114,,,,,,,
289416,,,,,,,,,,,,,,,,,,,,,,,1114,,,,,,
289919,,,,,,,,,,,,,,,,,,,,,,1116,,,,,,,
289935,,,,,,,,,,,,,,,,,,,,,,,1116,,,,,,
289992,60100,62800,61500,59900,59500,70000,1.2e+06,1.2e+06,1.2e+06,1.2e+06,1.596e+06,1.596e+06,,363960.959,,,,,,,,,,1,0,0,0,100,100
290439,,,,,,,,,,,,,,,,,,,,,,1118,,,,,,,
290455,,,,,,,,,,,,,,,,,,,,,,,1118,,,,,,
290959,,,,,,,,,,,,,,,,,,,,,,1120,,,,,,,
290975,,,,,,,,,,,,,,,,,,,,,,,1120,,,,,,
290992,59900,62600,61500,59900,59900,70000,1.2e+06,1.2e+06,1.2e+06,1.2e+06,1.596e+06,1.596e+06,26.284,363970.343,,,,,,,,,,0,0,0,0,100,100
291479,,,,,,,,,,,,,,,,,,,,,,1122,,,,,,,
291495,,,,,,,,,,,,,,,,,,,,,,,1122,,,,,,
291992,60100,63000,61500,59700,59900,70000,1.2e+06,1.2e+06,1.2e+06,1.2e+06,1.596e+06,1.596e+06,,363979.815,,,,,,,,,,0,0,0,0,100,100
292000,,,,,,,,,,,,,,,,,,,,,,1124,,,,,,,
292015,,,,,,,,,,,,,,,,,,,,,,,1124,,,,,,
292520,,,,,,,,,,,,,,,,,,,,,,1126,,,,,,,
292535,,,,,,,,,,,,,,,,,,,,,,,1126,,,,,,
292992,60300,63000,61500,59900,59700,70000,1.2e+06,1.2e+06,1.2e+06,1.2e+06,1.596e+06,1.596e+06,,363989.283,,,,,,,,,,0,0,0,0,100,100
293040,,,,,,,,,,,,,,,,,,,,,,1128,,,,,,,
293056,,,,,,,,,,,,,,,,,,,,,,,1128,,,,,,
293560,,,,,,,,,,,,,,,,,,,,,,1130,,,,,,,
293575,,,,,,,,,,,,,,,,,,,,,,,1130,,,,,,
293992,60100,63000,61500,59700,59900,70000,1.2e+06,1.2e+06,1.2e+06,1.2e+06,1.596e+06,1.596e+06,,363998.668,,,,,,,,,,0.990099,0,0,0,100,100
294079,,,,,,,,,,,,,,,,,,,,,,1132,,,,,,,
294094,,,,,,,,,,,,,,,,,,,,,,,1132,,,,,,
294598,,,,,,,,,,,,,,,,,,,,,,1134,,,,,,,
294613,,,,,,,,,,,,,,,,,,,,,,,1134,,,,,,
294992,60100,62800,61700,60100,59700,70000,1.2e+06,1.2e+06,1.2e+06,1.2e+06,1.596e+06,1.596e+06,,364008.145,,,,,,,,,,0,1,0,0,100,100
295117,,,,,,,,,,,,,,,,,,,,,,1136,,,,,,,
295132,,,,,,,,,,,,,,,,,,,,,,,1136,,,,,,
295636,,,,,,,,,,,,,,,,,,,,,,1138,,,,,,,
295651,,,,,,,,,,,,,,,,,,,,,,,1138,,,,,,
295992,60300,63000,61900,59900,59900,70000,1.2e+06,1.2e+06,1.2e+06,1.2e+06,1.596e+06,1.596e+06,,364017.621,,,,,,,,,,0,0.990099,0,0,100,100
296155,,,,,,,,,,,,,,,,,,,,,,1140,,,,,,,
296170,,,,,,,,,,,,,,,,,,,,,,,1140,,,,,,
296674,,,,,,,,,,,,,,,,,,,,,,1142,,,,,,,
296690,,,,,,,,,,,,,,,,,,,,,,,1142,,,,,,
296992,59900,62800,61500,59700,59700,70000,1.2e+06,1.2e+06,1.2e+06,1.2e+06,1.596e+06,1.596e+06,,364027.012,,,,,,,,,,0,0,0,0,100,100
297194,,,,,,,,,,,,,,,,,,,,,,1144,,,,,,,
297209,,,,,,,,,,,,,,,,,,,,,,,1144,,,,,,
297713,,,,,,,,,,,,,,,,,,,,,,1146,,,,,,,
297728,,,,,,,,,,,,,,,,,,,,,,,1146,,,,,,
297993,60300,63000,61500,59500,59900,70000,1.2e+06,1.2e+06,1.2e+06,1.2e+06,1.596e+06,1.596e+06,,364036.489,,,,,,,,,,0,0,0,0,100,100
298232,,,,,,,,,,,,,,,,,,,,,,1148,,,,,,,
298247,,,,,,,,,,,,,,,,,,,,,,,1148,,,,,,
298751,,,,,,,,,,,,,,,,,,,,,,1150,,,,,,,
298766,,,,,,,,,,,,,,,,,,,,,,,1150,,,,,,
298992,60100,62800,61500,59700,59900,70000,1.2e+06,1.2e+06,1.2e+06,1.2e+06,1.596e+06,1.596e+06,,364045.971,,,,,,,,,,0.990099,0,0,0,100,100
299270,,,,,,,,,,,,,,,,,,,,,,1152,,,,,,,
299286,,,,,,,,,,,,,,,,,,,,,,,1152,,,,,,
299790,,,,,,,,,,,,,,,,,,,,,,1154,,,,,,,
299805,,,,,,,,,,,,,,,,,,,,,,,1154,,,,,,
299992,60100,62800,61700,59500,59900,70000,1.2e+06,1.2e+06,1.2e+06,1.2e+06,1.596e+06,1.596e+06,,364055.366,,,,,,,,,,0,0.990099,0,0,100,100
