# Started at: 2022-04-24 15:05:47 +0000, Version: v0.1-177-gf3f14d1, Generated by: thermobench --verbose --time=300 --wait=50 --wait-timeout=60 --sensors_file=/root/thermobench/src/sensors.imx8 --cpu-usage --column=CPU0_work_done --column=CPU1_work_done --column=CPU2_work_done --column=CPU3_work_done --column=CPU4_work_done --column=CPU5_work_done --output=/root/JSA/coefficients_experiment/measurements/imx8b//puwmod-4K_A72_all.json.yaml.csv -- demos-sched -p high -c /root/JSA/coefficients_experiment/demos_configurations/imx8//puwmod-4K_A72_all.json.yaml
time/ms,CPU_0_temp/m°C,CPU_1_temp/m°C,GPU_0_temp/m°C,GPU_1_temp/m°C,DRC_temp/m°C,PMIC_temp/m°C,Cortex_A53_0_freq/Hz,Cortex_A53_1_freq/Hz,Cortex_A53_2_freq/Hz,Cortex_A53_3_freq/Hz,Cortex_A72_0_freq/Hz,Cortex_A72_1_freq/Hz,ambient,energy,cam_cpu,cam_mem,heat_sources,CPU0_work_done,CPU1_work_done,CPU2_work_done,CPU3_work_done,CPU4_work_done,CPU5_work_done,CPU0_load/%,CPU1_load/%,CPU2_load/%,CPU3_load/%,CPU4_load/%,CPU5_load/%
1.11848,44200,44200,44000,43000,43800,70000,600000,600000,600000,600000,600000,600000,,,,,,,,,,,,0,0,33.3333,0,0,0
142.452,,,,,,,,,,,,,,,,,,,,,,0,0,,,,,,
643.815,,,,,,,,,,,,,,,,,,,,,,179,,,,,,,
643.941,,,,,,,,,,,,,,,,,,,,,,,176,,,,,,
991.149,44800,46200,44600,43600,44800,70000,1.2e+06,1.2e+06,1.2e+06,1.2e+06,1.596e+06,1.596e+06,,,,,,,,,,,,8,3,3.0303,7.07071,86.7347,89
1144.87,,,,,,,,,,,,,,,,,,,,,,,355,,,,,,
1144.97,,,,,,,,,,,,,,,,,,,,,,358,,,,,,,
1644.4,,,,,,,,,,,,,,,,,,,,,,,534,,,,,,
1645.62,,,,,,,,,,,,,,,,,,,,,,537,,,,,,,
1990.54,44800,46600,44800,44000,45000,70000,1.2e+06,1.2e+06,1.2e+06,1.2e+06,1.596e+06,1.596e+06,24.965,4884829.020,,,,,,,,,,6,0,0,8.91089,100,100
2144.36,,,,,,,,,,,,,,,,,,,,,,,713,,,,,,
2146.54,,,,,,,,,,,,,,,,,,,,,,716,,,,,,,
2646.56,,,,,,,,,,,,,,,,,,,,,,,893,,,,,,
2647.06,,,,,,,,,,,,,,,,,,,,,,895,,,,,,,
2990.81,45800,47000,45200,44400,45400,70000,1.2e+06,1.2e+06,1.2e+06,1.2e+06,1.596e+06,1.596e+06,,4884836.872,,,,,,,,,,2,0,11.1111,0,100,100
3146.07,,,,,,,,,,,,,,,,,,,,,,,1072,,,,,,
3147.76,,,,,,,,,,,,,,,,,,,,,,1074,,,,,,,
3648.28,,,,,,,,,,,,,,,,,,,,,,,1252,,,,,,
3648.41,,,,,,,,,,,,,,,,,,,,,,1253,,,,,,,
3990.34,46000,47400,45600,45000,45800,70000,1.2e+06,1.2e+06,1.2e+06,1.2e+06,1.596e+06,1.596e+06,,4884844.775,,,,,,,,,,8.91089,2.94118,6.06061,1,100,100
4149.16,,,,,,,,,,,,,,,,,,,,,,1432,,,,,,,
4150.67,,,,,,,,,,,,,,,,,,,,,,,1432,,,,,,
4649.87,,,,,,,,,,,,,,,,,,,,,,1611,,,,,,,
4650.15,,,,,,,,,,,,,,,,,,,,,,,1611,,,,,,
4990.82,46400,47500,45800,45000,46000,70000,1.2e+06,1.2e+06,1.2e+06,1.2e+06,1.596e+06,1.596e+06,,4884852.604,,,,,,,,,,5,10.101,1,0,100,100
5150.61,,,,,,,,,,,,,,,,,,,,,,1790,,,,,,,
5152.57,,,,,,,,,,,,,,,,,,,,,,,1791,,,,,,
5651.34,,,,,,,,,,,,,,,,,,,,,,1969,,,,,,,
5651.97,,,,,,,,,,,,,,,,,,,,,,,1970,,,,,,
5990.33,46400,47900,46200,45400,46200,70000,1.2e+06,1.2e+06,1.2e+06,1.2e+06,1.596e+06,1.596e+06,,4884860.587,,,,,,,,,,5,4.9505,6.06061,0,100,100
6152.21,,,,,,,,,,,,,,,,,,,,,,2148,,,,,,,
6154.3,,,,,,,,,,,,,,,,,,,,,,,2150,,,,,,
6652.99,,,,,,,,,,,,,,,,,,,,,,2327,,,,,,,
6656.63,,,,,,,,,,,,,,,,,,,,,,,2330,,,,,,
6990.82,46800,47900,46200,45400,46600,70000,1.2e+06,1.2e+06,1.2e+06,1.2e+06,1.596e+06,1.596e+06,,4884868.532,,,,,,,,,,1.0101,5.10204,0,7,100,100
7153.86,,,,,,,,,,,,,,,,,,,,,,2506,,,,,,,
7156.32,,,,,,,,,,,,,,,,,,,,,,,2509,,,,,,
7654.6,,,,,,,,,,,,,,,,,,,,,,2685,,,,,,,
7658.54,,,,,,,,,,,,,,,,,,,,,,,2689,,,,,,
7990.67,46800,48100,46400,45800,46600,70000,1.2e+06,1.2e+06,1.2e+06,1.2e+06,1.596e+06,1.596e+06,,4884876.384,,,,,,,,,,1,13.8614,1.0101,0,100,100
8155.42,,,,,,,,,,,,,,,,,,,,,,2864,,,,,,,
8158.1,,,,,,,,,,,,,,,,,,,,,,,2868,,,,,,
8656.14,,,,,,,,,,,,,,,,,,,,,,3043,,,,,,,
8660.42,,,,,,,,,,,,,,,,,,,,,,,3048,,,,,,
8990.6,47200,48300,47000,46200,47000,70000,1.2e+06,1.2e+06,1.2e+06,1.2e+06,1.596e+06,1.596e+06,,4884884.303,,,,,,,,,,1,10.3093,1,0.990099,100,100
9156.83,,,,,,,,,,,,,,,,,,,,,,3222,,,,,,,
9162.71,,,,,,,,,,,,,,,,,,,,,,,3228,,,,,,
9657.51,,,,,,,,,,,,,,,,,,,,,,3401,,,,,,,
9662.09,,,,,,,,,,,,,,,,,,,,,,,3407,,,,,,
9990.32,47200,48500,46800,46200,46800,70000,1.2e+06,1.2e+06,1.2e+06,1.2e+06,1.596e+06,1.596e+06,,4884892.136,,,,,,,,,,1,13.8614,0,0,100,100
10158.3,,,,,,,,,,,,,,,,,,,,,,3580,,,,,,,
10164.5,,,,,,,,,,,,,,,,,,,,,,,3587,,,,,,
10659,,,,,,,,,,,,,,,,,,,,,,3759,,,,,,,
10664,,,,,,,,,,,,,,,,,,,,,,,3766,,,,,,
10990.3,47500,48900,47500,46400,47400,70000,1.2e+06,1.2e+06,1.2e+06,1.2e+06,1.596e+06,1.596e+06,,4884900.132,,,,,,,,,,0,15,0,0,100,100
11159.7,,,,,,,,,,,,,,,,,,,,,,3938,,,,,,,
11166.4,,,,,,,,,,,,,,,,,,,,,,,3946,,,,,,
11660.4,,,,,,,,,,,,,,,,,,,,,,4117,,,,,,,
11668.7,,,,,,,,,,,,,,,,,,,,,,,4126,,,,,,
11990.8,47700,49100,47200,46600,47400,70000,1.2e+06,1.2e+06,1.2e+06,1.2e+06,1.596e+06,1.596e+06,24.975,4884908.039,,,,,,,,,,2,6.93069,6.93069,0,100,100
12161.3,,,,,,,,,,,,,,,,,,,,,,4296,,,,,,,
12168.2,,,,,,,,,,,,,,,,,,,,,,,4305,,,,,,
12662,,,,,,,,,,,,,,,,,,,,,,4475,,,,,,,
12670.4,,,,,,,,,,,,,,,,,,,,,,,4485,,,,,,
12990.5,47900,48900,47400,46800,47500,70000,1.2e+06,1.2e+06,1.2e+06,1.2e+06,1.596e+06,1.596e+06,,4884915.847,,,,,,,,,,1,6,6.93069,2,100,99
13162.7,,,,,,,,,,,,,,,,,,,,,,4654,,,,,,,
13170,,,,,,,,,,,,,,,,,,,,,,,4664,,,,,,
13663.5,,,,,,,,,,,,,,,,,,,,,,4833,,,,,,,
13672.3,,,,,,,,,,,,,,,,,,,,,,,4844,,,,,,
13990.5,48100,49300,47500,47000,47700,70000,1.2e+06,1.2e+06,1.2e+06,1.2e+06,1.596e+06,1.596e+06,,4884923.773,,,,,,,,,,2,6,6.06061,3,100,100
14164.2,,,,,,,,,,,,,,,,,,,,,,5012,,,,,,,
14174.7,,,,,,,,,,,,,,,,,,,,,,,5024,,,,,,
14664.9,,,,,,,,,,,,,,,,,,,,,,5191,,,,,,,
14674.1,,,,,,,,,,,,,,,,,,,,,,,5203,,,,,,
14990.2,47900,49300,47500,47000,47900,70000,1.2e+06,1.2e+06,1.2e+06,1.2e+06,1.596e+06,1.596e+06,,4884931.665,,,,,,,,,,1.0101,4.08163,8,1,100,100
15165.5,,,,,,,,,,,,,,,,,,,,,,5370,,,,,,,
15176.4,,,,,,,,,,,,,,,,,,,,,,,5383,,,,,,
15666.3,,,,,,,,,,,,,,,,,,,,,,5549,,,,,,,
15678.7,,,,,,,,,,,,,,,,,,,,,,,5563,,,,,,
15990.9,48300,49300,47900,47000,47900,70000,1.2e+06,1.2e+06,1.2e+06,1.2e+06,1.596e+06,1.596e+06,,4884939.616,,,,,,,,,,1,12,2.9703,0.990099,100,100
16167.1,,,,,,,,,,,,,,,,,,,,,,5728,,,,,,,
16178.4,,,,,,,,,,,,,,,,,,,,,,,5742,,,,,,
16667.8,,,,,,,,,,,,,,,,,,,,,,5907,,,,,,,
16680.6,,,,,,,,,,,,,,,,,,,,,,,5922,,,,,,
16990.8,48500,49700,47900,47400,47900,70000,1.2e+06,1.2e+06,1.2e+06,1.2e+06,1.596e+06,1.596e+06,,4884947.484,,,,,,,,,,0,7,4.08163,0,100,100
17168.5,,,,,,,,,,,,,,,,,,,,,,6086,,,,,,,
17180.3,,,,,,,,,,,,,,,,,,,,,,,6101,,,,,,
17669,,,,,,,,,,,,,,,,,,,,,,6265,,,,,,,
17682.6,,,,,,,,,,,,,,,,,,,,,,,6281,,,,,,
17990.7,48300,49500,47900,47200,48100,70000,1.2e+06,1.2e+06,1.2e+06,1.2e+06,1.596e+06,1.596e+06,,4884955.390,,,,,,,,,,7.84314,6.06061,3.92157,2,100,100
18169.7,,,,,,,,,,,,,,,,,,,,,,6444,,,,,,,
18182.1,,,,,,,,,,,,,,,,,,,,,,,6460,,,,,,
18670.3,,,,,,,,,,,,,,,,,,,,,,6623,,,,,,,
18684.3,,,,,,,,,,,,,,,,,,,,,,,6640,,,,,,
18991.2,48700,49700,48100,47500,48500,70000,1.2e+06,1.2e+06,1.2e+06,1.2e+06,1.596e+06,1.596e+06,,4884963.230,,,,,,,,,,8,5.05051,0,1,100,100
19171,,,,,,,,,,,,,,,,,,,,,,6802,,,,,,,
19186.6,,,,,,,,,,,,,,,,,,,,,,,6820,,,,,,
19671.5,,,,,,,,,,,,,,,,,,,,,,6981,,,,,,,
19686.2,,,,,,,,,,,,,,,,,,,,,,,6999,,,,,,
19990.4,48700,49900,48100,47500,48300,70000,1.2e+06,1.2e+06,1.2e+06,1.2e+06,1.596e+06,1.596e+06,,4884971.142,,,,,,,,,,14.8515,0,0,0,100,100
20172.2,,,,,,,,,,,,,,,,,,,,,,7160,,,,,,,
20188.5,,,,,,,,,,,,,,,,,,,,,,,7179,,,,,,
20672.9,,,,,,,,,,,,,,,,,,,,,,7339,,,,,,,
20688,,,,,,,,,,,,,,,,,,,,,,,7358,,,,,,
20990.8,48700,49900,48300,47700,48500,70000,1.2e+06,1.2e+06,1.2e+06,1.2e+06,1.596e+06,1.596e+06,,4884979.090,,,,,,,,,,13.2653,0,0,0,100,100
21173.6,,,,,,,,,,,,,,,,,,,,,,7518,,,,,,,
21190.3,,,,,,,,,,,,,,,,,,,,,,,7538,,,,,,
21674.2,,,,,,,,,,,,,,,,,,,,,,7697,,,,,,,
21692.6,,,,,,,,,,,,,,,,,,,,,,,7718,,,,,,
21991.1,48700,49900,48300,47700,48300,70000,1.2e+06,1.2e+06,1.2e+06,1.2e+06,1.596e+06,1.596e+06,24.986,4884986.950,,,,,,,,,,6.06061,6.06061,0.990099,1.0101,100,100
22175.1,,,,,,,,,,,,,,,,,,,,,,7876,,,,,,,
22192.1,,,,,,,,,,,,,,,,,,,,,,,7897,,,,,,
22675.7,,,,,,,,,,,,,,,,,,,,,,8055,,,,,,,
22694.3,,,,,,,,,,,,,,,,,,,,,,,8077,,,,,,
22991,48700,50300,48500,47900,48700,70000,1.2e+06,1.2e+06,1.2e+06,1.2e+06,1.596e+06,1.596e+06,,4884994.898,,,,,,,,,,4,6.93069,0,4,100,100
23177,,,,,,,,,,,,,,,,,,,,,,8234,,,,,,,
23194.2,,,,,,,,,,,,,,,,,,,,,,,8256,,,,,,
23677.7,,,,,,,,,,,,,,,,,,,,,,8413,,,,,,,
23696.4,,,,,,,,,,,,,,,,,,,,,,,8436,,,,,,
23990.7,49100,50100,48500,47900,48300,70000,1.2e+06,1.2e+06,1.2e+06,1.2e+06,1.596e+06,1.596e+06,,4885002.760,,,,,,,,,,8,8,0,0,100,100
24178.5,,,,,,,,,,,,,,,,,,,,,,8592,,,,,,,
24196,,,,,,,,,,,,,,,,,,,,,,,8615,,,,,,
24679.1,,,,,,,,,,,,,,,,,,,,,,8771,,,,,,,
24698.2,,,,,,,,,,,,,,,,,,,,,,,8795,,,,,,
24991,49100,50300,48700,48100,48500,70000,1.2e+06,1.2e+06,1.2e+06,1.2e+06,1.596e+06,1.596e+06,,4885010.735,,,,,,,,,,18.4466,0,1,0,100,100
25179.8,,,,,,,,,,,,,,,,,,,,,,8950,,,,,,,
25200.4,,,,,,,,,,,,,,,,,,,,,,,8975,,,,,,
25680.5,,,,,,,,,,,,,,,,,,,,,,9129,,,,,,,
25702.6,,,,,,,,,,,,,,,,,,,,,,,9155,,,,,,
25990.4,49100,50300,48700,48300,48900,70000,1.2e+06,1.2e+06,1.2e+06,1.2e+06,1.596e+06,1.596e+06,,4885018.666,,,,,,,,,,0,12,1.0101,0,100,100
26181.3,,,,,,,,,,,,,,,,,,,,,,9308,,,,,,,
26202.4,,,,,,,,,,,,,,,,,,,,,,,9334,,,,,,
26682.1,,,,,,,,,,,,,,,,,,,,,,9487,,,,,,,
26704.6,,,,,,,,,,,,,,,,,,,,,,,9514,,,,,,
26990.7,49100,50500,48900,48300,49100,70000,1.2e+06,1.2e+06,1.2e+06,1.2e+06,1.596e+06,1.596e+06,,4885026.504,,,,,,,,,,1,12,0,0,100,100
27182.7,,,,,,,,,,,,,,,,,,,,,,9666,,,,,,,
27204.2,,,,,,,,,,,,,,,,,,,,,,,9693,,,,,,
27683.3,,,,,,,,,,,,,,,,,,,,,,9845,,,,,,,
27706.4,,,,,,,,,,,,,,,,,,,,,,,9873,,,,,,
27990.8,49100,50500,49100,48300,48900,70000,1.2e+06,1.2e+06,1.2e+06,1.2e+06,1.596e+06,1.596e+06,,4885034.446,,,,,,,,,,1,6,7.84314,1.9802,100,100
28184,,,,,,,,,,,,,,,,,,,,,,10024,,,,,,,
28206.1,,,,,,,,,,,,,,,,,,,,,,,10052,,,,,,
28684.7,,,,,,,,,,,,,,,,,,,,,,10203,,,,,,,
28708.3,,,,,,,,,,,,,,,,,,,,,,,10232,,,,,,
28990.9,49300,50500,48900,48300,48900,70000,1.2e+06,1.2e+06,1.2e+06,1.2e+06,1.596e+06,1.596e+06,,4885042.410,,,,,,,,,,1.0101,7,6.93069,2.0202,100,100
29185.5,,,,,,,,,,,,,,,,,,,,,,10382,,,,,,,
29210.6,,,,,,,,,,,,,,,,,,,,,,,10412,,,,,,
29686.1,,,,,,,,,,,,,,,,,,,,,,10561,,,,,,,
29710,,,,,,,,,,,,,,,,,,,,,,,10591,,,,,,
29990.5,49500,50700,48900,48300,49100,70000,1.2e+06,1.2e+06,1.2e+06,1.2e+06,1.596e+06,1.596e+06,,4885050.258,,,,,,,,,,1.0101,2.9703,8.08081,4.9505,100,100
30186.7,,,,,,,,,,,,,,,,,,,,,,10740,,,,,,,
30212.3,,,,,,,,,,,,,,,,,,,,,,,10771,,,,,,
30687.4,,,,,,,,,,,,,,,,,,,,,,10919,,,,,,,
30714.4,,,,,,,,,,,,,,,,,,,,,,,10951,,,,,,
30990.9,49500,50700,49100,48500,48900,70000,1.2e+06,1.2e+06,1.2e+06,1.2e+06,1.596e+06,1.596e+06,,4885058.217,,,,,,,,,,1,1.9802,14.8515,0,100,100
31188.1,,,,,,,,,,,,,,,,,,,,,,11098,,,,,,,
31216.7,,,,,,,,,,,,,,,,,,,,,,,11131,,,,,,
31688.7,,,,,,,,,,,,,,,,,,,,,,11277,,,,,,,
31716.1,,,,,,,,,,,,,,,,,,,,,,,11310,,,,,,
31990.6,49700,50900,49500,48900,49300,70000,1.2e+06,1.2e+06,1.2e+06,1.2e+06,1.596e+06,1.596e+06,24.965,4885066.149,,,,,,,,,,2.0202,0,11.8812,1,100,100
32189.4,,,,,,,,,,,,,,,,,,,,,,11456,,,,,,,
32218.5,,,,,,,,,,,,,,,,,,,,,,,11490,,,,,,
32690,,,,,,,,,,,,,,,,,,,,,,11635,,,,,,,
32718.1,,,,,,,,,,,,,,,,,,,,,,,11669,,,,,,
32990.7,49500,51100,49500,48700,49500,70000,1.2e+06,1.2e+06,1.2e+06,1.2e+06,1.596e+06,1.596e+06,,4885074.003,,,,,,,,,,2.0202,11.1111,1,1,100,100
33190.6,,,,,,,,,,,,,,,,,,,,,,11814,,,,,,,
33220.5,,,,,,,,,,,,,,,,,,,,,,,11849,,,,,,
33691.2,,,,,,,,,,,,,,,,,,,,,,11993,,,,,,,
33720,,,,,,,,,,,,,,,,,,,,,,,12028,,,,,,
33990.6,49500,51100,49300,48900,49500,70000,1.2e+06,1.2e+06,1.2e+06,1.2e+06,1.596e+06,1.596e+06,,4885081.970,,,,,,,,,,1,14,0,0,100,100
34191.9,,,,,,,,,,,,,,,,,,,,,,12172,,,,,,,
34222.4,,,,,,,,,,,,,,,,,,,,,,,12208,,,,,,
34692.5,,,,,,,,,,,,,,,,,,,,,,12351,,,,,,,
34721.9,,,,,,,,,,,,,,,,,,,,,,,12387,,,,,,
34990.6,49900,51100,49100,48700,49500,70000,1.2e+06,1.2e+06,1.2e+06,1.2e+06,1.596e+06,1.596e+06,,4885089.923,,,,,,,,,,1.0101,14.1414,0,1,100,100
35193.3,,,,,,,,,,,,,,,,,,,,,,12530,,,,,,,
35224.4,,,,,,,,,,,,,,,,,,,,,,,12567,,,,,,
35693.9,,,,,,,,,,,,,,,,,,,,,,12709,,,,,,,
35726.7,,,,,,,,,,,,,,,,,,,,,,,12747,,,,,,
35991.2,49900,51300,49500,48700,49500,70000,1.2e+06,1.2e+06,1.2e+06,1.2e+06,1.596e+06,1.596e+06,,4885097.830,,,,,,,,,,7,6,0,1.9802,100,100
36194.8,,,,,,,,,,,,,,,,,,,,,,12888,,,,,,,
36226.3,,,,,,,,,,,,,,,,,,,,,,,12926,,,,,,
36695.5,,,,,,,,,,,,,,,,,,,,,,13067,,,,,,,
36728.5,,,,,,,,,,,,,,,,,,,,,,,13106,,,,,,
36990.6,49900,51300,49500,48700,49700,70000,1.2e+06,1.2e+06,1.2e+06,1.2e+06,1.596e+06,1.596e+06,,4885103.819,,,,,,,,,,7,1.0101,1,7,100,100
37196.2,,,,,,,,,,,,,,,,,,,,,,13246,,,,,,,
37228.1,,,,,,,,,,,,,,,,,,,,,,,13285,,,,,,
37696.7,,,,,,,,,,,,,,,,,,,,,,13425,,,,,,,
37730.4,,,,,,,,,,,,,,,,,,,,,,,13465,,,,,,
37990.6,49900,51300,49700,48700,49500,70000,1.2e+06,1.2e+06,1.2e+06,1.2e+06,1.596e+06,1.596e+06,,4885111.696,,,,,,,,,,7.92079,5.05051,0,0.990099,100,100
38197.2,,,,,,,,,,,,,,,,,,,,,,13604,,,,,,,
38232.7,,,,,,,,,,,,,,,,,,,,,,,13645,,,,,,
38697.8,,,,,,,,,,,,,,,,,,,,,,13783,,,,,,,
38732.1,,,,,,,,,,,,,,,,,,,,,,,13824,,,,,,
38990.9,50100,51300,49300,48700,49500,70000,1.2e+06,1.2e+06,1.2e+06,1.2e+06,1.596e+06,1.596e+06,,4885119.675,,,,,,,,,,2.0202,5.05051,1,6.06061,100,100
39198.4,,,,,,,,,,,,,,,,,,,,,,13962,,,,,,,
39234.3,,,,,,,,,,,,,,,,,,,,,,,14004,,,,,,
39699,,,,,,,,,,,,,,,,,,,,,,14141,,,,,,,
39736.5,,,,,,,,,,,,,,,,,,,,,,,14184,,,,,,
39991.2,50300,51300,49900,49100,49700,70000,1.2e+06,1.2e+06,1.2e+06,1.2e+06,1.596e+06,1.596e+06,,4885127.604,,,,,,,,,,9,6.06061,1,1,100,100
40199.7,,,,,,,,,,,,,,,,,,,,,,14320,,,,,,,
40236,,,,,,,,,,,,,,,,,,,,,,,14363,,,,,,
40700.2,,,,,,,,,,,,,,,,,,,,,,14499,,,,,,,
40738.2,,,,,,,,,,,,,,,,,,,,,,,14543,,,,,,
40990.4,50300,51500,49700,49100,49700,70000,1.2e+06,1.2e+06,1.2e+06,1.2e+06,1.596e+06,1.596e+06,,4885135.489,,,,,,,,,,8.08081,7.84314,2,0,100,100
41200.9,,,,,,,,,,,,,,,,,,,,,,14678,,,,,,,
41240.7,,,,,,,,,,,,,,,,,,,,,,,14723,,,,,,
41701.6,,,,,,,,,,,,,,,,,,,,,,14857,,,,,,,
41740.1,,,,,,,,,,,,,,,,,,,,,,,14902,,,,,,
41990.8,49900,51700,49900,49100,49900,70000,1.2e+06,1.2e+06,1.2e+06,1.2e+06,1.596e+06,1.596e+06,24.954,4885143.479,,,,,,,,,,7,0,4.08163,1,100,100
42202.5,,,,,,,,,,,,,,,,,,,,,,15036,,,,,,,
42242.4,,,,,,,,,,,,,,,,,,,,,,,15082,,,,,,
42703.1,,,,,,,,,,,,,,,,,,,,,,15215,,,,,,,
42744.6,,,,,,,,,,,,,,,,,,,,,,,15262,,,,,,
42991.1,50300,51500,49900,49300,49900,70000,1.2e+06,1.2e+06,1.2e+06,1.2e+06,1.596e+06,1.596e+06,,4885151.370,,,,,,,,,,9.90099,3.0303,0,0,100,100
43203.7,,,,,,,,,,,,,,,,,,,,,,15394,,,,,,,
43244.1,,,,,,,,,,,,,,,,,,,,,,,15441,,,,,,
43704.3,,,,,,,,,,,,,,,,,,,,,,15573,,,,,,,
43746.3,,,,,,,,,,,,,,,,,,,,,,,15621,,,,,,
43990.4,50300,51700,50100,49300,49900,70000,1.2e+06,1.2e+06,1.2e+06,1.2e+06,1.596e+06,1.596e+06,,4885159.291,,,,,,,,,,4,10,1,0,100,100
44205,,,,,,,,,,,,,,,,,,,,,,15752,,,,,,,
44246,,,,,,,,,,,,,,,,,,,,,,,15800,,,,,,
44705.6,,,,,,,,,,,,,,,,,,,,,,15931,,,,,,,
44748.2,,,,,,,,,,,,,,,,,,,,,,,15980,,,,,,
44991,50300,51700,49900,49100,50100,70000,1.2e+06,1.2e+06,1.2e+06,1.2e+06,1.596e+06,1.596e+06,,4885167.188,,,,,,,,,,4,10.101,1,0.990099,100,100
45206.3,,,,,,,,,,,,,,,,,,,,,,16110,,,,,,,
45250.6,,,,,,,,,,,,,,,,,,,,,,,16160,,,,,,
45706.9,,,,,,,,,,,,,,,,,,,,,,16289,,,,,,,
45750.1,,,,,,,,,,,,,,,,,,,,,,,16339,,,,,,
45990.9,50500,51700,49900,49100,50100,70000,1.2e+06,1.2e+06,1.2e+06,1.2e+06,1.596e+06,1.596e+06,,4885175.164,,,,,,,,,,5.10204,7.84314,0,0,100,100
46207.5,,,,,,,,,,,,,,,,,,,,,,16468,,,,,,,
46252.5,,,,,,,,,,,,,,,,,,,,,,,16519,,,,,,
46707.9,,,,,,,,,,,,,,,,,,,,,,16647,,,,,,,
46754.7,,,,,,,,,,,,,,,,,,,,,,,16699,,,,,,
46990.4,50300,51700,50100,49300,50100,70000,1.2e+06,1.2e+06,1.2e+06,1.2e+06,1.596e+06,1.596e+06,,4885183.169,,,,,,,,,,15,1,0,0,100,100
47208.6,,,,,,,,,,,,,,,,,,,,,,16826,,,,,,,
47254.2,,,,,,,,,,,,,,,,,,,,,,,16878,,,,,,
47709.1,,,,,,,,,,,,,,,,,,,,,,17005,,,,,,,
47756.4,,,,,,,,,,,,,,,,,,,,,,,17058,,,,,,
47991,50700,51500,50300,49500,50100,70000,1.2e+06,1.2e+06,1.2e+06,1.2e+06,1.596e+06,1.596e+06,,4885191.178,,,,,,,,,,14,0,0.990099,0,100,100
48209.8,,,,,,,,,,,,,,,,,,,,,,17184,,,,,,,
48256,,,,,,,,,,,,,,,,,,,,,,,17237,,,,,,
48710.3,,,,,,,,,,,,,,,,,,,,,,17363,,,,,,,
48758.3,,,,,,,,,,,,,,,,,,,,,,,17417,,,,,,
48990.9,50500,51700,49900,49100,50100,70000,1.2e+06,1.2e+06,1.2e+06,1.2e+06,1.596e+06,1.596e+06,,4885199.049,,,,,,,,,,7,6,2,0,100,100
49210.9,,,,,,,,,,,,,,,,,,,,,,17542,,,,,,,
49260.6,,,,,,,,,,,,,,,,,,,,,,,17597,,,,,,
49711.6,,,,,,,,,,,,,,,,,,,,,,17721,,,,,,,
49760,,,,,,,,,,,,,,,,,,,,,,,17776,,,,,,
49990.7,50500,51900,50100,49700,50100,70000,1.2e+06,1.2e+06,1.2e+06,1.2e+06,1.596e+06,1.596e+06,,4885206.992,,,,,,,,,,8,7.07071,0,1,100,100
50212.4,,,,,,,,,,,,,,,,,,,,,,17900,,,,,,,
50262.3,,,,,,,,,,,,,,,,,,,,,,,17956,,,,,,
50713.1,,,,,,,,,,,,,,,,,,,,,,18079,,,,,,,
50764.5,,,,,,,,,,,,,,,,,,,,,,,18136,,,,,,
50991.2,50500,51700,50300,49500,50100,70000,1.2e+06,1.2e+06,1.2e+06,1.2e+06,1.596e+06,1.596e+06,,4885214.902,,,,,,,,,,6.06061,8.82353,0,2,100,100
51213.8,,,,,,,,,,,,,,,,,,,,,,18258,,,,,,,
51266.7,,,,,,,,,,,,,,,,,,,,,,,18316,,,,,,
51714.3,,,,,,,,,,,,,,,,,,,,,,18437,,,,,,,
51766,,,,,,,,,,,,,,,,,,,,,,,18495,,,,,,
51990.7,50700,51700,50300,49900,50100,70000,1.2e+06,1.2e+06,1.2e+06,1.2e+06,1.596e+06,1.596e+06,24.933,4885222.874,,,,,,,,,,5.05051,8.08081,0.990099,0,100,100
52215,,,,,,,,,,,,,,,,,,,,,,18616,,,,,,,
52268.3,,,,,,,,,,,,,,,,,,,,,,,18675,,,,,,
52715.6,,,,,,,,,,,,,,,,,,,,,,18795,,,,,,,
52770.6,,,,,,,,,,,,,,,,,,,,,,,18855,,,,,,
52990.7,50700,51900,50300,49700,50300,70000,1.2e+06,1.2e+06,1.2e+06,1.2e+06,1.596e+06,1.596e+06,,4885230.742,,,,,,,,,,3,2,6,4.0404,100,100
53216.3,,,,,,,,,,,,,,,,,,,,,,18974,,,,,,,
53270.2,,,,,,,,,,,,,,,,,,,,,,,19034,,,,,,
53717.1,,,,,,,,,,,,,,,,,,,,,,19153,,,,,,,
53770,,,,,,,,,,,,,,,,,,,,,,,19213,,,,,,
53990.2,50900,51900,50300,49500,50100,70000,1.2e+06,1.2e+06,1.2e+06,1.2e+06,1.596e+06,1.596e+06,,4885238.726,,,,,,,,,,7,1.0101,6.06061,0,100,100
54217.8,,,,,,,,,,,,,,,,,,,,,,19332,,,,,,,
54272.4,,,,,,,,,,,,,,,,,,,,,,,19393,,,,,,
54718.3,,,,,,,,,,,,,,,,,,,,,,19511,,,,,,,
54774.7,,,,,,,,,,,,,,,,,,,,,,,19573,,,,,,
54990.4,50700,52100,50500,49700,50500,70000,1.2e+06,1.2e+06,1.2e+06,1.2e+06,1.596e+06,1.596e+06,,4885246.470,,,,,,,,,,1.0101,0,9.80392,4.0404,100,100
55219.1,,,,,,,,,,,,,,,,,,,,,,19690,,,,,,,
55274.3,,,,,,,,,,,,,,,,,,,,,,,19752,,,,,,
55719.7,,,,,,,,,,,,,,,,,,,,,,19869,,,,,,,
55776.6,,,,,,,,,,,,,,,,,,,,,,,19932,,,,,,
55990.9,50900,51900,50500,49700,50500,70000,1.2e+06,1.2e+06,1.2e+06,1.2e+06,1.596e+06,1.596e+06,,4885254.596,,,,,,,,,,5.94059,1,9,2.0202,100,100
56220.3,,,,,,,,,,,,,,,,,,,,,,20048,,,,,,,
56276.2,,,,,,,,,,,,,,,,,,,,,,,20111,,,,,,
56720.8,,,,,,,,,,,,,,,,,,,,,,20227,,,,,,,
56778.5,,,,,,,,,,,,,,,,,,,,,,,20291,,,,,,
56990.9,50900,51900,50500,49700,50500,70000,1.2e+06,1.2e+06,1.2e+06,1.2e+06,1.596e+06,1.596e+06,,4885262.612,,,,,,,,,,1,1,13,1,100,100
57221.4,,,,,,,,,,,,,,,,,,,,,,20406,,,,,,,
57278.1,,,,,,,,,,,,,,,,,,,,,,,20470,,,,,,
57722,,,,,,,,,,,,,,,,,,,,,,20585,,,,,,,
57780.3,,,,,,,,,,,,,,,,,,,,,,,20650,,,,,,
57991.1,50700,52100,50700,50100,50500,70000,1.2e+06,1.2e+06,1.2e+06,1.2e+06,1.596e+06,1.596e+06,,4885270.474,,,,,,,,,,1,0,14.8515,1,100,100
58222.6,,,,,,,,,,,,,,,,,,,,,,20764,,,,,,,
58282.6,,,,,,,,,,,,,,,,,,,,,,,20830,,,,,,
58723.2,,,,,,,,,,,,,,,,,,,,,,20943,,,,,,,
58782.1,,,,,,,,,,,,,,,,,,,,,,,21009,,,,,,
58990.2,50700,51900,50300,49900,50300,70000,1.2e+06,1.2e+06,1.2e+06,1.2e+06,1.596e+06,1.596e+06,,4885278.433,,,,,,,,,,6.12245,0,6,1.0101,100,100
59223.9,,,,,,,,,,,,,,,,,,,,,,21122,,,,,,,
59284.5,,,,,,,,,,,,,,,,,,,,,,,21189,,,,,,
59724.5,,,,,,,,,,,,,,,,,,,,,,21301,,,,,,,
59786.7,,,,,,,,,,,,,,,,,,,,,,,21369,,,,,,
59990.5,51100,52300,50500,49700,50500,70000,1.2e+06,1.2e+06,1.2e+06,1.2e+06,1.596e+06,1.596e+06,,4885286.422,,,,,,,,,,7.92079,1,3,4.9505,100,100
60225.1,,,,,,,,,,,,,,,,,,,,,,21480,,,,,,,
60286.3,,,,,,,,,,,,,,,,,,,,,,,21548,,,,,,
60725.6,,,,,,,,,,,,,,,,,,,,,,21659,,,,,,,
60788.4,,,,,,,,,,,,,,,,,,,,,,,21728,,,,,,
60990.8,51100,52100,50500,50100,50500,70000,1.2e+06,1.2e+06,1.2e+06,1.2e+06,1.596e+06,1.596e+06,,4885294.308,,,,,,,,,,6.06061,0.990099,2,7,100,100
61226.2,,,,,,,,,,,,,,,,,,,,,,21838,,,,,,,
61290.6,,,,,,,,,,,,,,,,,,,,,,,21908,,,,,,
61726.8,,,,,,,,,,,,,,,,,,,,,,22017,,,,,,,
61790,,,,,,,,,,,,,,,,,,,,,,,22087,,,,,,
61990.9,50900,52500,50700,50100,50700,70000,1.2e+06,1.2e+06,1.2e+06,1.2e+06,1.596e+06,1.596e+06,24.933,4885302.261,,,,,,,,,,2.9703,1.02041,4.0404,5.05051,100,100
62227.5,,,,,,,,,,,,,,,,,,,,,,22196,,,,,,,
62292.3,,,,,,,,,,,,,,,,,,,,,,,22267,,,,,,
62728.1,,,,,,,,,,,,,,,,,,,,,,22375,,,,,,,
62794.6,,,,,,,,,,,,,,,,,,,,,,,22447,,,,,,
62990.7,51100,52500,50700,50100,50700,70000,1.2e+06,1.2e+06,1.2e+06,1.2e+06,1.596e+06,1.596e+06,,4885310.150,,,,,,,,,,2,4,1.0101,9.90099,100,100
63228.9,,,,,,,,,,,,,,,,,,,,,,22554,,,,,,,
63294.2,,,,,,,,,,,,,,,,,,,,,,,22626,,,,,,
63729.5,,,,,,,,,,,,,,,,,,,,,,22733,,,,,,,
63796.7,,,,,,,,,,,,,,,,,,,,,,,22806,,,,,,
63990.7,51300,52500,50700,50100,50700,70000,1.2e+06,1.2e+06,1.2e+06,1.2e+06,1.596e+06,1.596e+06,,4885318.128,,,,,,,,,,1,0,1,14.1414,100,100
64230.3,,,,,,,,,,,,,,,,,,,,,,22912,,,,,,,
64296.3,,,,,,,,,,,,,,,,,,,,,,,22985,,,,,,
64730.8,,,,,,,,,,,,,,,,,,,,,,23091,,,,,,,
64798.5,,,,,,,,,,,,,,,,,,,,,,,23165,,,,,,
64990.5,51100,52500,50500,50100,50700,70000,1.2e+06,1.2e+06,1.2e+06,1.2e+06,1.596e+06,1.596e+06,,4885326.079,,,,,,,,,,1,0,6.93069,7.92079,100,100
65231.6,,,,,,,,,,,,,,,,,,,,,,23270,,,,,,,
65298.2,,,,,,,,,,,,,,,,,,,,,,,23344,,,,,,
65732.3,,,,,,,,,,,,,,,,,,,,,,23449,,,,,,,
65800.3,,,,,,,,,,,,,,,,,,,,,,,23524,,,,,,
65990.2,51100,52300,50700,50100,50700,70000,1.2e+06,1.2e+06,1.2e+06,1.2e+06,1.596e+06,1.596e+06,,4885334.018,,,,,,,,,,0,1,2.0202,9.09091,100,100
66233,,,,,,,,,,,,,,,,,,,,,,23628,,,,,,,
66302.6,,,,,,,,,,,,,,,,,,,,,,,23704,,,,,,
66733.4,,,,,,,,,,,,,,,,,,,,,,23807,,,,,,,
66804.7,,,,,,,,,,,,,,,,,,,,,,,23884,,,,,,
66990.8,50900,52600,50900,50300,51100,70000,1.2e+06,1.2e+06,1.2e+06,1.2e+06,1.596e+06,1.596e+06,,4885341.985,,,,,,,,,,1,7,0,6.12245,100,100
67234,,,,,,,,,,,,,,,,,,,,,,23986,,,,,,,
67304.2,,,,,,,,,,,,,,,,,,,,,,,24063,,,,,,
67734.6,,,,,,,,,,,,,,,,,,,,,,24165,,,,,,,
67806.4,,,,,,,,,,,,,,,,,,,,,,,24243,,,,,,
67990.6,51100,52500,50700,50100,50500,70000,1.2e+06,1.2e+06,1.2e+06,1.2e+06,1.596e+06,1.596e+06,,4885349.903,,,,,,,,,,1.03093,5,7,1.9802,100,100
68235.2,,,,,,,,,,,,,,,,,,,,,,24344,,,,,,,
68306,,,,,,,,,,,,,,,,,,,,,,,24422,,,,,,
68735.7,,,,,,,,,,,,,,,,,,,,,,24523,,,,,,,
68808.3,,,,,,,,,,,,,,,,,,,,,,,24602,,,,,,
68990.4,51500,52500,50700,50100,50900,70000,1.2e+06,1.2e+06,1.2e+06,1.2e+06,1.596e+06,1.596e+06,,4885357.800,,,,,,,,,,11.7647,4,0,0,100,100
69236.3,,,,,,,,,,,,,,,,,,,,,,24702,,,,,,,
69310.8,,,,,,,,,,,,,,,,,,,,,,,24782,,,,,,
69736.8,,,,,,,,,,,,,,,,,,,,,,24881,,,,,,,
69810.2,,,,,,,,,,,,,,,,,,,,,,,24961,,,,,,
69991.1,51500,52500,50900,50300,50900,70000,1.2e+06,1.2e+06,1.2e+06,1.2e+06,1.596e+06,1.596e+06,,4885365.756,,,,,,,,,,10,6,1,0,100,100
70237.6,,,,,,,,,,,,,,,,,,,,,,25060,,,,,,,
70312.5,,,,,,,,,,,,,,,,,,,,,,,25141,,,,,,
70738.1,,,,,,,,,,,,,,,,,,,,,,25239,,,,,,,
70811.9,,,,,,,,,,,,,,,,,,,,,,,25320,,,,,,
70990.9,51500,52600,50700,50300,51100,70000,1.2e+06,1.2e+06,1.2e+06,1.2e+06,1.596e+06,1.596e+06,,4885373.728,,,,,,,,,,12,0,0,0,100,100
71238.9,,,,,,,,,,,,,,,,,,,,,,25418,,,,,,,
71314.3,,,,,,,,,,,,,,,,,,,,,,,25500,,,,,,
71739.5,,,,,,,,,,,,,,,,,,,,,,25597,,,,,,,
71816.5,,,,,,,,,,,,,,,,,,,,,,,25680,,,,,,
71990.5,51100,52600,51100,50500,50900,70000,1.2e+06,1.2e+06,1.2e+06,1.2e+06,1.596e+06,1.596e+06,24.933,4885381.564,,,,,,,,,,7.07071,0,8.82353,0,100,100
72240.2,,,,,,,,,,,,,,,,,,,,,,25776,,,,,,,
72315.9,,,,,,,,,,,,,,,,,,,,,,,25859,,,,,,
72740.8,,,,,,,,,,,,,,,,,,,,,,25955,,,,,,,
72818.1,,,,,,,,,,,,,,,,,,,,,,,26039,,,,,,
72990.8,51500,52800,51100,50500,50900,70000,1.2e+06,1.2e+06,1.2e+06,1.2e+06,1.596e+06,1.596e+06,,4885389.438,,,,,,,,,,2.9703,10.8911,3.0303,1.0101,100,100
73241.5,,,,,,,,,,,,,,,,,,,,,,26134,,,,,,,
73320.4,,,,,,,,,,,,,,,,,,,,,,,26219,,,,,,
73742.1,,,,,,,,,,,,,,,,,,,,,,26313,,,,,,,
73822.7,,,,,,,,,,,,,,,,,,,,,,,26399,,,,,,
73990.9,51500,52600,51100,50700,51300,70000,1.2e+06,1.2e+06,1.2e+06,1.2e+06,1.596e+06,1.596e+06,,4885397.487,,,,,,,,,,1.0101,0,6.93069,7.92079,100,100
74242.9,,,,,,,,,,,,,,,,,,,,,,26492,,,,,,,
74322.4,,,,,,,,,,,,,,,,,,,,,,,26578,,,,,,
74743.5,,,,,,,,,,,,,,,,,,,,,,26671,,,,,,,
74824.7,,,,,,,,,,,,,,,,,,,,,,,26758,,,,,,
74990.7,51500,52800,51100,50500,50900,70000,1.2e+06,1.2e+06,1.2e+06,1.2e+06,1.596e+06,1.596e+06,,4885403.413,,,,,,,,,,1.0101,0,7,9,100,100
75244.1,,,,,,,,,,,,,,,,,,,,,,26850,,,,,,,
75324.3,,,,,,,,,,,,,,,,,,,,,,,26937,,,,,,
75744.7,,,,,,,,,,,,,,,,,,,,,,27029,,,,,,,
75826.5,,,,,,,,,,,,,,,,,,,,,,,27117,,,,,,
75990.7,51500,52500,51100,50500,51100,70000,1.2e+06,1.2e+06,1.2e+06,1.2e+06,1.596e+06,1.596e+06,,4885411.409,,,,,,,,,,2.9703,0,6.93069,7.92079,100,100
76245.3,,,,,,,,,,,,,,,,,,,,,,27208,,,,,,,
76326,,,,,,,,,,,,,,,,,,,,,,,27296,,,,,,
76746,,,,,,,,,,,,,,,,,,,,,,27387,,,,,,,
76828.2,,,,,,,,,,,,,,,,,,,,,,,27476,,,,,,
76991.1,51500,52600,51100,50500,51100,70000,1.2e+06,1.2e+06,1.2e+06,1.2e+06,1.596e+06,1.596e+06,,4885419.324,,,,,,,,,,2,0,6,6,100,100
77246.7,,,,,,,,,,,,,,,,,,,,,,27566,,,,,,,
77330.5,,,,,,,,,,,,,,,,,,,,,,,27656,,,,,,
77747.2,,,,,,,,,,,,,,,,,,,,,,27745,,,,,,,
77830.1,,,,,,,,,,,,,,,,,,,,,,,27835,,,,,,
77990.3,51500,52500,51100,50500,50900,70000,1.2e+06,1.2e+06,1.2e+06,1.2e+06,1.596e+06,1.596e+06,,4885427.323,,,,,,,,,,2.0202,0,7,5.05051,100,100
78247.9,,,,,,,,,,,,,,,,,,,,,,27924,,,,,,,
78332.5,,,,,,,,,,,,,,,,,,,,,,,28015,,,,,,
78748.4,,,,,,,,,,,,,,,,,,,,,,28103,,,,,,,
78832,,,,,,,,,,,,,,,,,,,,,,,28194,,,,,,
78990.5,51500,52500,51100,50300,51100,70000,1.2e+06,1.2e+06,1.2e+06,1.2e+06,1.596e+06,1.596e+06,,4885435.286,,,,,,,,,,2,0,8.91089,6,100,100
79248.9,,,,,,,,,,,,,,,,,,,,,,28282,,,,,,,
79334.4,,,,,,,,,,,,,,,,,,,,,,,28374,,,,,,
79749.5,,,,,,,,,,,,,,,,,,,,,,28461,,,,,,,
79836.7,,,,,,,,,,,,,,,,,,,,,,,28554,,,,,,
79990.7,51700,53000,51100,50700,51700,70000,1.2e+06,1.2e+06,1.2e+06,1.2e+06,1.596e+06,1.596e+06,,4885443.111,,,,,,,,,,0,0,8.16327,6,100,100
80250.2,,,,,,,,,,,,,,,,,,,,,,28640,,,,,,,
80336.3,,,,,,,,,,,,,,,,,,,,,,,28733,,,,,,
80750.9,,,,,,,,,,,,,,,,,,,,,,28819,,,,,,,
80838.5,,,,,,,,,,,,,,,,,,,,,,,28913,,,,,,
80991,51700,52800,51300,50900,51300,70000,1.2e+06,1.2e+06,1.2e+06,1.2e+06,1.596e+06,1.596e+06,,4885451.065,,,,,,,,,,1.0101,0,7,5.05051,100,100
81251.6,,,,,,,,,,,,,,,,,,,,,,28998,,,,,,,
81338,,,,,,,,,,,,,,,,,,,,,,,29092,,,,,,
81752.2,,,,,,,,,,,,,,,,,,,,,,29177,,,,,,,
81840.1,,,,,,,,,,,,,,,,,,,,,,,29272,,,,,,
81990.4,51700,53000,51300,50500,51100,70000,1.2e+06,1.2e+06,1.2e+06,1.2e+06,1.596e+06,1.596e+06,24.965,4885458.978,,,,,,,,,,1,1,6,5.05051,100,100
82252.9,,,,,,,,,,,,,,,,,,,,,,29356,,,,,,,
82342.4,,,,,,,,,,,,,,,,,,,,,,,29452,,,,,,
82753.4,,,,,,,,,,,,,,,,,,,,,,29535,,,,,,,
82844.7,,,,,,,,,,,,,,,,,,,,,,,29632,,,,,,
82990.3,51500,52600,51100,50500,51500,70000,1.2e+06,1.2e+06,1.2e+06,1.2e+06,1.596e+06,1.596e+06,,4885466.961,,,,,,,,,,7.92079,1.0101,0,7,100,100
83254.1,,,,,,,,,,,,,,,,,,,,,,29714,,,,,,,
83344.6,,,,,,,,,,,,,,,,,,,,,,,29811,,,,,,
83754.7,,,,,,,,,,,,,,,,,,,,,,29893,,,,,,,
83844,,,,,,,,,,,,,,,,,,,,,,,29990,,,,,,
83990.9,51500,53000,51300,50700,51100,70000,1.2e+06,1.2e+06,1.2e+06,1.2e+06,1.596e+06,1.596e+06,,4885474.836,,,,,,,,,,1,5.05051,7,1.02041,100,100
84255.3,,,,,,,,,,,,,,,,,,,,,,30072,,,,,,,
84346.5,,,,,,,,,,,,,,,,,,,,,,,30170,,,,,,
84755.8,,,,,,,,,,,,,,,,,,,,,,30251,,,,,,,
84846.1,,,,,,,,,,,,,,,,,,,,,,,30349,,,,,,
84990.5,51700,53000,51300,50900,51500,70000,1.2e+06,1.2e+06,1.2e+06,1.2e+06,1.596e+06,1.596e+06,,4885482.752,,,,,,,,,,0,8.91089,6,1.9802,100,100
85256.5,,,,,,,,,,,,,,,,,,,,,,30430,,,,,,,
85348.5,,,,,,,,,,,,,,,,,,,,,,,30529,,,,,,
85757,,,,,,,,,,,,,,,,,,,,,,30609,,,,,,,
85850.7,,,,,,,,,,,,,,,,,,,,,,,30709,,,,,,
85991.1,51900,53000,51500,50900,51500,70000,1.2e+06,1.2e+06,1.2e+06,1.2e+06,1.596e+06,1.596e+06,,4885490.836,,,,,,,,,,1.9802,2.0202,0,11.1111,100,100
86257.7,,,,,,,,,,,,,,,,,,,,,,30788,,,,,,,
86350.3,,,,,,,,,,,,,,,,,,,,,,,30888,,,,,,
86758.2,,,,,,,,,,,,,,,,,,,,,,30967,,,,,,,
86852.7,,,,,,,,,,,,,,,,,,,,,,,31068,,,,,,
86991,51900,53200,51500,50900,51300,70000,1.2e+06,1.2e+06,1.2e+06,1.2e+06,1.596e+06,1.596e+06,,4885498.698,,,,,,,,,,1.0101,0,0,12,100,100
87258.9,,,,,,,,,,,,,,,,,,,,,,31146,,,,,,,
87352.3,,,,,,,,,,,,,,,,,,,,,,,31247,,,,,,
87759.4,,,,,,,,,,,,,,,,,,,,,,31325,,,,,,,
87854.6,,,,,,,,,,,,,,,,,,,,,,,31427,,,,,,
87991,51900,52800,51100,50700,51300,70000,1.2e+06,1.2e+06,1.2e+06,1.2e+06,1.596e+06,1.596e+06,,4885506.664,,,,,,,,,,6.12245,0,0,6,100,100
88260,,,,,,,,,,,,,,,,,,,,,,31504,,,,,,,
88354.2,,,,,,,,,,,,,,,,,,,,,,,31606,,,,,,
88760.5,,,,,,,,,,,,,,,,,,,,,,31683,,,,,,,
88856.3,,,,,,,,,,,,,,,,,,,,,,,31786,,,,,,
88990.8,51900,53000,51500,50900,51300,70000,1.2e+06,1.2e+06,1.2e+06,1.2e+06,1.596e+06,1.596e+06,,4885514.603,,,,,,,,,,1.9802,2,1,14.8515,100,100
89261.1,,,,,,,,,,,,,,,,,,,,,,31862,,,,,,,
89358.7,,,,,,,,,,,,,,,,,,,,,,,31966,,,,,,
89761.5,,,,,,,,,,,,,,,,,,,,,,32041,,,,,,,
89858.1,,,,,,,,,,,,,,,,,,,,,,,32145,,,,,,
89990.5,51900,53200,51300,50900,51500,70000,1.2e+06,1.2e+06,1.2e+06,1.2e+06,1.596e+06,1.596e+06,,4885522.477,,,,,,,,,,0,0,1,11.2245,100,100
90262.2,,,,,,,,,,,,,,,,,,,,,,32220,,,,,,,
90360.6,,,,,,,,,,,,,,,,,,,,,,,32325,,,,,,
90762.8,,,,,,,,,,,,,,,,,,,,,,32399,,,,,,,
90860.1,,,,,,,,,,,,,,,,,,,,,,,32504,,,,,,
90991,52100,53200,51500,50900,51500,70000,1.2e+06,1.2e+06,1.2e+06,1.2e+06,1.596e+06,1.596e+06,,4885530.478,,,,,,,,,,2.94118,0,0,15.8416,100,100
91263.5,,,,,,,,,,,,,,,,,,,,,,32578,,,,,,,
91362.6,,,,,,,,,,,,,,,,,,,,,,,32684,,,,,,
91764.2,,,,,,,,,,,,,,,,,,,,,,32757,,,,,,,
91862.1,,,,,,,,,,,,,,,,,,,,,,,32863,,,,,,
91990.3,51700,52800,51300,50700,51300,70000,1.2e+06,1.2e+06,1.2e+06,1.2e+06,1.596e+06,1.596e+06,24.965,4885538.364,,,,,,,,,,1.0101,1,5.94059,9.80392,100,100
92264.9,,,,,,,,,,,,,,,,,,,,,,32936,,,,,,,
92364.5,,,,,,,,,,,,,,,,,,,,,,,33043,,,,,,
92765.5,,,,,,,,,,,,,,,,,,,,,,33115,,,,,,,
92866.7,,,,,,,,,,,,,,,,,,,,,,,33223,,,,,,
92990.6,51900,53000,51500,50900,51300,70000,1.2e+06,1.2e+06,1.2e+06,1.2e+06,1.596e+06,1.596e+06,,4885546.402,,,,,,,,,,1,2,2,9.18367,100,100
93266.1,,,,,,,,,,,,,,,,,,,,,,33294,,,,,,,
93366.2,,,,,,,,,,,,,,,,,,,,,,,33402,,,,,,
93766.5,,,,,,,,,,,,,,,,,,,,,,33473,,,,,,,
93868.3,,,,,,,,,,,,,,,,,,,,,,,33582,,,,,,
93990.7,51900,53200,51500,50900,51500,70000,1.2e+06,1.2e+06,1.2e+06,1.2e+06,1.596e+06,1.596e+06,,4885554.288,,,,,,,,,,1,1,5.15464,6.93069,100,100
94267.2,,,,,,,,,,,,,,,,,,,,,,33652,,,,,,,
94367.9,,,,,,,,,,,,,,,,,,,,,,,33761,,,,,,
94767.6,,,,,,,,,,,,,,,,,,,,,,33831,,,,,,,
94870.3,,,,,,,,,,,,,,,,,,,,,,,33941,,,,,,
94990.8,51900,53000,51500,50900,51700,70000,1.2e+06,1.2e+06,1.2e+06,1.2e+06,1.596e+06,1.596e+06,,4885562.237,,,,,,,,,,0,1.0101,12.1212,0,100,100
95268.2,,,,,,,,,,,,,,,,,,,,,,34010,,,,,,,
95372.7,,,,,,,,,,,,,,,,,,,,,,,34121,,,,,,
95768.6,,,,,,,,,,,,,,,,,,,,,,34189,,,,,,,
95872.2,,,,,,,,,,,,,,,,,,,,,,,34300,,,,,,
95990.8,51900,53000,51500,50900,51500,70000,1.2e+06,1.2e+06,1.2e+06,1.2e+06,1.596e+06,1.596e+06,,4885570.197,,,,,,,,,,1,1,13,0,100,100
96269.3,,,,,,,,,,,,,,,,,,,,,,34368,,,,,,,
96374.5,,,,,,,,,,,,,,,,,,,,,,,34480,,,,,,
96769.7,,,,,,,,,,,,,,,,,,,,,,34547,,,,,,,
96876.7,,,,,,,,,,,,,,,,,,,,,,,34660,,,,,,
96990.2,51900,53400,51700,50900,51500,70000,1.2e+06,1.2e+06,1.2e+06,1.2e+06,1.596e+06,1.596e+06,,4885578.165,,,,,,,,,,6.06061,1.0101,2.0202,5.05051,100,100
97270.4,,,,,,,,,,,,,,,,,,,,,,34726,,,,,,,
97376.3,,,,,,,,,,,,,,,,,,,,,,,34839,,,,,,
97771.1,,,,,,,,,,,,,,,,,,,,,,34905,,,,,,,
97878.7,,,,,,,,,,,,,,,,,,,,,,,35019,,,,,,
97991.2,51900,53000,51500,50900,51500,70000,1.2e+06,1.2e+06,1.2e+06,1.2e+06,1.596e+06,1.596e+06,,4885586.112,,,,,,,,,,1,1,6.93069,6.93069,100,100
98271.7,,,,,,,,,,,,,,,,,,,,,,35084,,,,,,,
98378.2,,,,,,,,,,,,,,,,,,,,,,,35198,,,,,,
98772.3,,,,,,,,,,,,,,,,,,,,,,35263,,,,,,,
98880.5,,,,,,,,,,,,,,,,,,,,,,,35378,,,,,,
98991.1,51900,53200,51500,50900,51500,70000,1.2e+06,1.2e+06,1.2e+06,1.2e+06,1.596e+06,1.596e+06,,4885594.153,,,,,,,,,,1,1,6,5.10204,100,100
99273,,,,,,,,,,,,,,,,,,,,,,35442,,,,,,,
99380.2,,,,,,,,,,,,,,,,,,,,,,,35557,,,,,,
99773.7,,,,,,,,,,,,,,,,,,,,,,35621,,,,,,,
99882.5,,,,,,,,,,,,,,,,,,,,,,,35737,,,,,,
99991.1,52100,53200,51500,51100,51700,70000,1.2e+06,1.2e+06,1.2e+06,1.2e+06,1.596e+06,1.596e+06,,4885602.013,,,,,,,,,,1,1.0101,7.92079,5.05051,100,100
100274,,,,,,,,,,,,,,,,,,,,,,35800,,,,,,,
100382,,,,,,,,,,,,,,,,,,,,,,,35916,,,,,,
100775,,,,,,,,,,,,,,,,,,,,,,35979,,,,,,,
100884,,,,,,,,,,,,,,,,,,,,,,,36096,,,,,,
100991,51900,53200,51700,51100,51500,70000,1.2e+06,1.2e+06,1.2e+06,1.2e+06,1.596e+06,1.596e+06,,4885609.933,,,,,,,,,,1.9802,0,7.07071,5.05051,100,100
101275,,,,,,,,,,,,,,,,,,,,,,36158,,,,,,,
101384,,,,,,,,,,,,,,,,,,,,,,,36275,,,,,,
101776,,,,,,,,,,,,,,,,,,,,,,36337,,,,,,,
101886,,,,,,,,,,,,,,,,,,,,,,,36455,,,,,,
101991,51900,53400,51700,50900,51700,70000,1.2e+06,1.2e+06,1.2e+06,1.2e+06,1.596e+06,1.596e+06,24.954,4885617.888,,,,,,,,,,1,5.94059,6.93069,5,100,100
102276,,,,,,,,,,,,,,,,,,,,,,36516,,,,,,,
102389,,,,,,,,,,,,,,,,,,,,,,,36635,,,,,,
102777,,,,,,,,,,,,,,,,,,,,,,36695,,,,,,,
102888,,,,,,,,,,,,,,,,,,,,,,,36814,,,,,,
102991,51900,53600,51900,51100,51900,70000,1.2e+06,1.2e+06,1.2e+06,1.2e+06,1.596e+06,1.596e+06,,4885625.855,,,,,,,,,,2.0202,4.0404,1.0101,9.80392,100,100
103278,,,,,,,,,,,,,,,,,,,,,,36874,,,,,,,
103390,,,,,,,,,,,,,,,,,,,,,,,36994,,,,,,
103778,,,,,,,,,,,,,,,,,,,,,,37053,,,,,,,
103893,,,,,,,,,,,,,,,,,,,,,,,37174,,,,,,
103990,51900,53400,51900,50900,51900,70000,1.2e+06,1.2e+06,1.2e+06,1.2e+06,1.596e+06,1.596e+06,,4885633.846,,,,,,,,,,12,0,0,0,100,100
104279,,,,,,,,,,,,,,,,,,,,,,37232,,,,,,,
104392,,,,,,,,,,,,,,,,,,,,,,,37353,,,,,,
104779,,,,,,,,,,,,,,,,,,,,,,37411,,,,,,,
104895,,,,,,,,,,,,,,,,,,,,,,,37533,,,,,,
104991,52100,53400,51700,51100,52100,70000,1.2e+06,1.2e+06,1.2e+06,1.2e+06,1.596e+06,1.596e+06,,4885641.697,,,,,,,,,,2,6,6,1,100,100
105280,,,,,,,,,,,,,,,,,,,,,,37590,,,,,,,
105394,,,,,,,,,,,,,,,,,,,,,,,37712,,,,,,
105781,,,,,,,,,,,,,,,,,,,,,,37769,,,,,,,
105896,,,,,,,,,,,,,,,,,,,,,,,37892,,,,,,
105991,51900,53400,51900,51300,51700,70000,1.2e+06,1.2e+06,1.2e+06,1.2e+06,1.596e+06,1.596e+06,,4885649.729,,,,,,,,,,2.94118,5.05051,7.84314,3,100,100
106282,,,,,,,,,,,,,,,,,,,,,,37948,,,,,,,
106396,,,,,,,,,,,,,,,,,,,,,,,38071,,,,,,
106782,,,,,,,,,,,,,,,,,,,,,,38127,,,,,,,
106898,,,,,,,,,,,,,,,,,,,,,,,38251,,,,,,
106991,52300,53400,51700,51300,51700,70000,1.2e+06,1.2e+06,1.2e+06,1.2e+06,1.596e+06,1.596e+06,,4885657.662,,,,,,,,,,1.0101,2.9703,3,11,100,100
107283,,,,,,,,,,,,,,,,,,,,,,38306,,,,,,,
107401,,,,,,,,,,,,,,,,,,,,,,,38431,,,,,,
107783,,,,,,,,,,,,,,,,,,,,,,38485,,,,,,,
107900,,,,,,,,,,,,,,,,,,,,,,,38610,,,,,,
107991,52100,53400,51900,51100,51700,70000,1.2e+06,1.2e+06,1.2e+06,1.2e+06,1.596e+06,1.596e+06,,4885665.631,,,,,,,,,,1.0101,5.05051,3,6.93069,99.0099,100
108284,,,,,,,,,,,,,,,,,,,,,,38664,,,,,,,
108402,,,,,,,,,,,,,,,,,,,,,,,38790,,,,,,
108785,,,,,,,,,,,,,,,,,,,,,,38843,,,,,,,
108905,,,,,,,,,,,,,,,,,,,,,,,38970,,,,,,
108991,52100,53400,51500,51100,51700,70000,1.2e+06,1.2e+06,1.2e+06,1.2e+06,1.596e+06,1.596e+06,,4885673.613,,,,,,,,,,2,0,0,10.2041,100,100
109285,,,,,,,,,,,,,,,,,,,,,,39022,,,,,,,
109404,,,,,,,,,,,,,,,,,,,,,,,39149,,,,,,
109786,,,,,,,,,,,,,,,,,,,,,,39201,,,,,,,
109906,,,,,,,,,,,,,,,,,,,,,,,39329,,,,,,
109990,51900,53400,51700,51100,51500,70000,1.2e+06,1.2e+06,1.2e+06,1.2e+06,1.596e+06,1.596e+06,,4885679.597,,,,,,,,,,1.0101,0.990099,6,7,100,100
110287,,,,,,,,,,,,,,,,,,,,,,39380,,,,,,,
110406,,,,,,,,,,,,,,,,,,,,,,,39508,,,,,,
110788,,,,,,,,,,,,,,,,,,,,,,39559,,,,,,,
110909,,,,,,,,,,,,,,,,,,,,,,,39688,,,,,,
110991,51900,53200,51700,51300,51900,70000,1.2e+06,1.2e+06,1.2e+06,1.2e+06,1.596e+06,1.596e+06,,4885687.481,,,,,,,,,,2.04082,0,0,11.8812,100,100
111288,,,,,,,,,,,,,,,,,,,,,,39738,,,,,,,
111408,,,,,,,,,,,,,,,,,,,,,,,39867,,,,,,
111789,,,,,,,,,,,,,,,,,,,,,,39917,,,,,,,
111911,,,,,,,,,,,,,,,,,,,,,,,40047,,,,,,
111991,52300,53200,51500,51100,51700,70000,1.2e+06,1.2e+06,1.2e+06,1.2e+06,1.596e+06,1.596e+06,24.943,4885695.427,,,,,,,,,,1.0101,0,0,14,100,100
112290,,,,,,,,,,,,,,,,,,,,,,40096,,,,,,,
112410,,,,,,,,,,,,,,,,,,,,,,,40226,,,,,,
112790,,,,,,,,,,,,,,,,,,,,,,40275,,,,,,,
112912,,,,,,,,,,,,,,,,,,,,,,,40406,,,,,,
112991,52100,53400,51700,51100,51700,70000,1.2e+06,1.2e+06,1.2e+06,1.2e+06,1.596e+06,1.596e+06,,4885703.320,,,,,,,,,,3.92157,4,0,11,100,100
113291,,,,,,,,,,,,,,,,,,,,,,40454,,,,,,,
113415,,,,,,,,,,,,,,,,,,,,,,,40586,,,,,,
113792,,,,,,,,,,,,,,,,,,,,,,40633,,,,,,,
113917,,,,,,,,,,,,,,,,,,,,,,,40766,,,,,,
113991,51900,53400,51700,51100,51700,70000,1.2e+06,1.2e+06,1.2e+06,1.2e+06,1.596e+06,1.596e+06,,4885711.314,,,,,,,,,,2,0,0,13,100,100
114292,,,,,,,,,,,,,,,,,,,,,,40812,,,,,,,
114416,,,,,,,,,,,,,,,,,,,,,,,40945,,,,,,
114793,,,,,,,,,,,,,,,,,,,,,,40991,,,,,,,
114918,,,,,,,,,,,,,,,,,,,,,,,41125,,,,,,
114991,52100,53200,51900,51300,51700,70000,1.2e+06,1.2e+06,1.2e+06,1.2e+06,1.596e+06,1.596e+06,,4885719.220,,,,,,,,,,1.0101,0,0.990099,12,100,100
115293,,,,,,,,,,,,,,,,,,,,,,41170,,,,,,,
115421,,,,,,,,,,,,,,,,,,,,,,,41305,,,,,,
115794,,,,,,,,,,,,,,,,,,,,,,41349,,,,,,,
115920,,,,,,,,,,,,,,,,,,,,,,,41484,,,,,,
115991,52300,53600,51900,51300,52100,70000,1.2e+06,1.2e+06,1.2e+06,1.2e+06,1.596e+06,1.596e+06,,4885727.190,,,,,,,,,,8.08081,1,1.0101,6.06061,100,100
116295,,,,,,,,,,,,,,,,,,,,,,41528,,,,,,,
116422,,,,,,,,,,,,,,,,,,,,,,,41664,,,,,,
116795,,,,,,,,,,,,,,,,,,,,,,41707,,,,,,,
116925,,,,,,,,,,,,,,,,,,,,,,,41844,,,,,,
116991,52300,53400,51700,51100,51500,70000,1.2e+06,1.2e+06,1.2e+06,1.2e+06,1.596e+06,1.596e+06,,4885735.124,,,,,,,,,,5,2.0202,0,6.86275,100,100
117296,,,,,,,,,,,,,,,,,,,,,,41886,,,,,,,
117424,,,,,,,,,,,,,,,,,,,,,,,42023,,,,,,
117797,,,,,,,,,,,,,,,,,,,,,,42065,,,,,,,
117926,,,,,,,,,,,,,,,,,,,,,,,42203,,,,,,
117991,52300,53200,52100,51300,51900,70000,1.2e+06,1.2e+06,1.2e+06,1.2e+06,1.596e+06,1.596e+06,,4885743.009,,,,,,,,,,7,4.9505,1,5.05051,100,100
118297,,,,,,,,,,,,,,,,,,,,,,42244,,,,,,,
118429,,,,,,,,,,,,,,,,,,,,,,,42383,,,,,,
118798,,,,,,,,,,,,,,,,,,,,,,42423,,,,,,,
118931,,,,,,,,,,,,,,,,,,,,,,,42563,,,,,,
118991,52100,53600,51900,51500,51900,70000,1.2e+06,1.2e+06,1.2e+06,1.2e+06,1.596e+06,1.596e+06,,4885750.991,,,,,,,,,,1,0,1.0101,12.8713,100,100
119299,,,,,,,,,,,,,,,,,,,,,,42602,,,,,,,
119430,,,,,,,,,,,,,,,,,,,,,,,42742,,,,,,
119799,,,,,,,,,,,,,,,,,,,,,,42781,,,,,,,
119932,,,,,,,,,,,,,,,,,,,,,,,42922,,,,,,
119990,52300,53600,51900,51100,51700,70000,1.2e+06,1.2e+06,1.2e+06,1.2e+06,1.596e+06,1.596e+06,,4885758.976,,,,,,,,,,1.0101,4.0404,2,6,100,100
120300,,,,,,,,,,,,,,,,,,,,,,42960,,,,,,,
120435,,,,,,,,,,,,,,,,,,,,,,,43102,,,,,,
120801,,,,,,,,,,,,,,,,,,,,,,43139,,,,,,,
120934,,,,,,,,,,,,,,,,,,,,,,,43281,,,,,,
120991,51900,53200,51700,51500,51900,70000,1.2e+06,1.2e+06,1.2e+06,1.2e+06,1.596e+06,1.596e+06,,4885766.979,,,,,,,,,,1,0,6.06061,6.06061,100,100
121301,,,,,,,,,,,,,,,,,,,,,,43318,,,,,,,
121437,,,,,,,,,,,,,,,,,,,,,,,43461,,,,,,
121802,,,,,,,,,,,,,,,,,,,,,,43497,,,,,,,
121939,,,,,,,,,,,,,,,,,,,,,,,43641,,,,,,
121991,52300,53600,52100,51300,51900,70000,1.2e+06,1.2e+06,1.2e+06,1.2e+06,1.596e+06,1.596e+06,24.954,4885774.983,,,,,,,,,,1,8.08081,1,6.93069,100,100
122303,,,,,,,,,,,,,,,,,,,,,,43676,,,,,,,
122438,,,,,,,,,,,,,,,,,,,,,,,43820,,,,,,
122803,,,,,,,,,,,,,,,,,,,,,,43855,,,,,,,
122940,,,,,,,,,,,,,,,,,,,,,,,44000,,,,,,
122990,52300,53400,51900,51300,51900,70000,1.2e+06,1.2e+06,1.2e+06,1.2e+06,1.596e+06,1.596e+06,,4885782.868,,,,,,,,,,1.0101,12,2,0,100,100
123304,,,,,,,,,,,,,,,,,,,,,,44034,,,,,,,
123440,,,,,,,,,,,,,,,,,,,,,,,44179,,,,,,
123804,,,,,,,,,,,,,,,,,,,,,,44213,,,,,,,
123942,,,,,,,,,,,,,,,,,,,,,,,44359,,,,,,
123991,52100,53400,51700,51100,51700,70000,1.2e+06,1.2e+06,1.2e+06,1.2e+06,1.596e+06,1.596e+06,,4885790.834,,,,,,,,,,1,12.8713,0,0,100,100
124305,,,,,,,,,,,,,,,,,,,,,,44392,,,,,,,
124442,,,,,,,,,,,,,,,,,,,,,,,44538,,,,,,
124806,,,,,,,,,,,,,,,,,,,,,,44571,,,,,,,
124944,,,,,,,,,,,,,,,,,,,,,,,44718,,,,,,
124991,52300,53400,51700,51300,51900,70000,1.2e+06,1.2e+06,1.2e+06,1.2e+06,1.596e+06,1.596e+06,,4885798.827,,,,,,,,,,1.0101,6.06061,9.09091,1,100,100
125306,,,,,,,,,,,,,,,,,,,,,,44750,,,,,,,
125444,,,,,,,,,,,,,,,,,,,,,,,44897,,,,,,
125807,,,,,,,,,,,,,,,,,,,,,,44929,,,,,,,
125946,,,,,,,,,,,,,,,,,,,,,,,45077,,,,,,
125990,52100,53600,52300,51500,51700,70000,1.2e+06,1.2e+06,1.2e+06,1.2e+06,1.596e+06,1.596e+06,,4885806.687,,,,,,,,,,7,2.94118,0,5.05051,100,100
126308,,,,,,,,,,,,,,,,,,,,,,45108,,,,,,,
126449,,,,,,,,,,,,,,,,,,,,,,,45257,,,,,,
126808,,,,,,,,,,,,,,,,,,,,,,45287,,,,,,,
126948,,,,,,,,,,,,,,,,,,,,,,,45436,,,,,,
126991,52100,53400,51900,51300,51700,70000,1.2e+06,1.2e+06,1.2e+06,1.2e+06,1.596e+06,1.596e+06,,4885814.648,,,,,,,,,,3.9604,1,6,5.94059,100,100
127309,,,,,,,,,,,,,,,,,,,,,,45466,,,,,,,
127450,,,,,,,,,,,,,,,,,,,,,,,45616,,,,,,
127810,,,,,,,,,,,,,,,,,,,,,,45645,,,,,,,
127953,,,,,,,,,,,,,,,,,,,,,,,45796,,,,,,
127991,52300,53400,51700,51300,51900,70000,1.2e+06,1.2e+06,1.2e+06,1.2e+06,1.596e+06,1.596e+06,,4885822.517,,,,,,,,,,7,1,1.9802,4.0404,100,100
128310,,,,,,,,,,,,,,,,,,,,,,45824,,,,,,,
128452,,,,,,,,,,,,,,,,,,,,,,,45975,,,,,,
128811,,,,,,,,,,,,,,,,,,,,,,46003,,,,,,,
128954,,,,,,,,,,,,,,,,,,,,,,,46155,,,,,,
128990,52300,53400,51700,51100,51700,70000,1.2e+06,1.2e+06,1.2e+06,1.2e+06,1.596e+06,1.596e+06,,4885830.506,,,,,,,,,,2,7.14286,3.0303,2,100,100
129312,,,,,,,,,,,,,,,,,,,,,,46182,,,,,,,
129457,,,,,,,,,,,,,,,,,,,,,,,46335,,,,,,
129812,,,,,,,,,,,,,,,,,,,,,,46361,,,,,,,
129956,,,,,,,,,,,,,,,,,,,,,,,46514,,,,,,
129991,52300,53600,52100,51500,52300,70000,1.2e+06,1.2e+06,1.2e+06,1.2e+06,1.596e+06,1.596e+06,,4885838.366,,,,,,,,,,2,14.8515,1,0,100,100
130313,,,,,,,,,,,,,,,,,,,,,,46540,,,,,,,
130458,,,,,,,,,,,,,,,,,,,,,,,46694,,,,,,
130814,,,,,,,,,,,,,,,,,,,,,,46719,,,,,,,
130960,,,,,,,,,,,,,,,,,,,,,,,46874,,,,,,
130991,52600,53800,52300,51500,51900,70000,1.2e+06,1.2e+06,1.2e+06,1.2e+06,1.596e+06,1.596e+06,,4885846.347,,,,,,,,,,1,6,8.91089,1,100,100
131314,,,,,,,,,,,,,,,,,,,,,,46898,,,,,,,
131463,,,,,,,,,,,,,,,,,,,,,,,47054,,,,,,
131815,,,,,,,,,,,,,,,,,,,,,,47077,,,,,,,
131962,,,,,,,,,,,,,,,,,,,,,,,47233,,,,,,
131990,52300,53600,52100,51500,52100,70000,1.2e+06,1.2e+06,1.2e+06,1.2e+06,1.596e+06,1.596e+06,24.933,4885854.206,,,,,,,,,,0,12.8713,2.9703,1,100,100
132315,,,,,,,,,,,,,,,,,,,,,,47256,,,,,,,
132464,,,,,,,,,,,,,,,,,,,,,,,47413,,,,,,
132816,,,,,,,,,,,,,,,,,,,,,,47435,,,,,,,
132966,,,,,,,,,,,,,,,,,,,,,,,47593,,,,,,
132991,52300,53400,51900,51500,51900,70000,1.2e+06,1.2e+06,1.2e+06,1.2e+06,1.596e+06,1.596e+06,,4885862.166,,,,,,,,,,1,10.2041,0,0,100,100
133316,,,,,,,,,,,,,,,,,,,,,,47614,,,,,,,
133469,,,,,,,,,,,,,,,,,,,,,,,47773,,,,,,
133817,,,,,,,,,,,,,,,,,,,,,,47793,,,,,,,
133968,,,,,,,,,,,,,,,,,,,,,,,47952,,,,,,
133990,52300,53600,51900,51300,52100,70000,1.2e+06,1.2e+06,1.2e+06,1.2e+06,1.596e+06,1.596e+06,,4885870.044,,,,,,,,,,7.92079,1,4.08163,0,100,100
134318,,,,,,,,,,,,,,,,,,,,,,47972,,,,,,,
134468,,,,,,,,,,,,,,,,,,,,,,,48131,,,,,,
134819,,,,,,,,,,,,,,,,,,,,,,48151,,,,,,,
134970,,,,,,,,,,,,,,,,,,,,,,,48311,,,,,,
134991,52300,53600,51900,51500,52100,70000,1.2e+06,1.2e+06,1.2e+06,1.2e+06,1.596e+06,1.596e+06,,4885878.031,,,,,,,,,,8.08081,0,0,6.86275,100,100
135319,,,,,,,,,,,,,,,,,,,,,,48330,,,,,,,
135470,,,,,,,,,,,,,,,,,,,,,,,48490,,,,,,
135820,,,,,,,,,,,,,,,,,,,,,,48509,,,,,,,
135972,,,,,,,,,,,,,,,,,,,,,,,48670,,,,,,
135991,52100,53400,51900,51500,52100,70000,1.2e+06,1.2e+06,1.2e+06,1.2e+06,1.596e+06,1.596e+06,,4885885.898,,,,,,,,,,7.92079,1,7,0,100,100
136321,,,,,,,,,,,,,,,,,,,,,,48688,,,,,,,
136472,,,,,,,,,,,,,,,,,,,,,,,48849,,,,,,
136821,,,,,,,,,,,,,,,,,,,,,,48867,,,,,,,
136974,,,,,,,,,,,,,,,,,,,,,,,49029,,,,,,
136990,52500,53400,51900,51300,52100,70000,1.2e+06,1.2e+06,1.2e+06,1.2e+06,1.596e+06,1.596e+06,,4885893.894,,,,,,,,,,0,7.14286,4,2.0202,100,100
137322,,,,,,,,,,,,,,,,,,,,,,49046,,,,,,,
137477,,,,,,,,,,,,,,,,,,,,,,,49209,,,,,,
137823,,,,,,,,,,,,,,,,,,,,,,49225,,,,,,,
137976,,,,,,,,,,,,,,,,,,,,,,,49388,,,,,,
137991,52300,53400,51900,51500,51900,70000,1.2e+06,1.2e+06,1.2e+06,1.2e+06,1.596e+06,1.596e+06,,4885901.905,,,,,,,,,,1,15.8416,0,0,100,100
138323,,,,,,,,,,,,,,,,,,,,,,49404,,,,,,,
138478,,,,,,,,,,,,,,,,,,,,,,,49568,,,,,,
138824,,,,,,,,,,,,,,,,,,,,,,49583,,,,,,,
138980,,,,,,,,,,,,,,,,,,,,,,,49748,,,,,,
138991,52100,53800,52100,51300,52100,70000,1.2e+06,1.2e+06,1.2e+06,1.2e+06,1.596e+06,1.596e+06,,4885909.936,,,,,,,,,,1,12.1212,1,0.990099,100,100
139325,,,,,,,,,,,,,,,,,,,,,,49762,,,,,,,
139480,,,,,,,,,,,,,,,,,,,,,,,49927,,,,,,
139825,,,,,,,,,,,,,,,,,,,,,,49941,,,,,,,
139982,,,,,,,,,,,,,,,,,,,,,,,50107,,,,,,
139990,52100,53400,51700,51300,51900,70000,1.2e+06,1.2e+06,1.2e+06,1.2e+06,1.596e+06,1.596e+06,,4885917.898,,,,,,,,,,12.1212,0,0,1,100,100
140326,,,,,,,,,,,,,,,,,,,,,,50120,,,,,,,
140485,,,,,,,,,,,,,,,,,,,,,,,50287,,,,,,
140827,,,,,,,,,,,,,,,,,,,,,,50299,,,,,,,
140984,,,,,,,,,,,,,,,,,,,,,,,50466,,,,,,
140991,52300,53800,51900,51700,52100,70000,1.2e+06,1.2e+06,1.2e+06,1.2e+06,1.596e+06,1.596e+06,,4885925.813,,,,,,,,,,2,11,0,0,100,100
141327,,,,,,,,,,,,,,,,,,,,,,50478,,,,,,,
141486,,,,,,,,,,,,,,,,,,,,,,,50646,,,,,,
141828,,,,,,,,,,,,,,,,,,,,,,50657,,,,,,,
141989,,,,,,,,,,,,,,,,,,,,,,,50826,,,,,,
141991,52100,53800,52100,51300,52100,70000,1.2e+06,1.2e+06,1.2e+06,1.2e+06,1.596e+06,1.596e+06,24.922,4885933.703,,,,,,,,,,7.92079,1,7.92079,0,100,100
142329,,,,,,,,,,,,,,,,,,,,,,50836,,,,,,,
142488,,,,,,,,,,,,,,,,,,,,,,,51005,,,,,,
142829,,,,,,,,,,,,,,,,,,,,,,51015,,,,,,,
142990,52300,53800,51900,51100,52100,70000,1.2e+06,1.2e+06,1.2e+06,1.2e+06,1.596e+06,1.596e+06,,4885941.780,,,,,,,,,,5,9,0,2.9703,100,100
142992,,,,,,,,,,,,,,,,,,,,,,,51185,,,,,,
143330,,,,,,,,,,,,,,,,,,,,,,51194,,,,,,,
143490,,,,,,,,,,,,,,,,,,,,,,,51364,,,,,,
143831,,,,,,,,,,,,,,,,,,,,,,51373,,,,,,,
143990,52300,53400,51900,51500,51700,70000,1.2e+06,1.2e+06,1.2e+06,1.2e+06,1.596e+06,1.596e+06,,4885949.642,,,,,,,,,,1,10.7843,1,0,100,100
143992,,,,,,,,,,,,,,,,,,,,,,,51544,,,,,,
144331,,,,,,,,,,,,,,,,,,,,,,51552,,,,,,,
144495,,,,,,,,,,,,,,,,,,,,,,,51724,,,,,,
144832,,,,,,,,,,,,,,,,,,,,,,51731,,,,,,,
144991,52300,53600,51900,51100,51900,70000,1.2e+06,1.2e+06,1.2e+06,1.2e+06,1.596e+06,1.596e+06,,4885957.598,,,,,,,,,,1,12.8713,0,0,100,100
144994,,,,,,,,,,,,,,,,,,,,,,,51903,,,,,,
145332,,,,,,,,,,,,,,,,,,,,,,51910,,,,,,,
145496,,,,,,,,,,,,,,,,,,,,,,,52083,,,,,,
145833,,,,,,,,,,,,,,,,,,,,,,52089,,,,,,,
145990,52300,53400,51900,51300,52100,70000,1.2e+06,1.2e+06,1.2e+06,1.2e+06,1.596e+06,1.596e+06,,4885965.465,,,,,,,,,,0,4.12371,7,0,100,100
145996,,,,,,,,,,,,,,,,,,,,,,,52262,,,,,,
146334,,,,,,,,,,,,,,,,,,,,,,52268,,,,,,,
146498,,,,,,,,,,,,,,,,,,,,,,,52442,,,,,,
146834,,,,,,,,,,,,,,,,,,,,,,52447,,,,,,,
146991,52300,53600,52100,51300,51900,70000,1.2e+06,1.2e+06,1.2e+06,1.2e+06,1.596e+06,1.596e+06,,4885973.446,,,,,,,,,,1.9802,7.92079,7,1.9802,100,100
147001,,,,,,,,,,,,,,,,,,,,,,,52622,,,,,,
147335,,,,,,,,,,,,,,,,,,,,,,52626,,,,,,,
147500,,,,,,,,,,,,,,,,,,,,,,,52801,,,,,,
147836,,,,,,,,,,,,,,,,,,,,,,52805,,,,,,,
147990,52300,53600,51900,51300,51900,70000,1.2e+06,1.2e+06,1.2e+06,1.2e+06,1.596e+06,1.596e+06,,4885979.387,,,,,,,,,,1.0101,12.1212,0,0,100,100
148003,,,,,,,,,,,,,,,,,,,,,,,52981,,,,,,
148336,,,,,,,,,,,,,,,,,,,,,,52984,,,,,,,
148502,,,,,,,,,,,,,,,,,,,,,,,53160,,,,,,
148837,,,,,,,,,,,,,,,,,,,,,,53163,,,,,,,
148990,52100,53200,51900,51300,51900,70000,1.2e+06,1.2e+06,1.2e+06,1.2e+06,1.596e+06,1.596e+06,,4885987.335,,,,,,,,,,1,10.8911,1,5.05051,100,100
149004,,,,,,,,,,,,,,,,,,,,,,,53340,,,,,,
149338,,,,,,,,,,,,,,,,,,,,,,53342,,,,,,,
149507,,,,,,,,,,,,,,,,,,,,,,,53520,,,,,,
149838,,,,,,,,,,,,,,,,,,,,,,53521,,,,,,,
149991,52300,53400,51900,51300,51900,70000,1.2e+06,1.2e+06,1.2e+06,1.2e+06,1.596e+06,1.596e+06,,4885995.229,,,,,,,,,,5.94059,7.14286,0,1.9802,100,100
150006,,,,,,,,,,,,,,,,,,,,,,,53699,,,,,,
150339,,,,,,,,,,,,,,,,,,,,,,53700,,,,,,,
150508,,,,,,,,,,,,,,,,,,,,,,,53879,,,,,,
150840,,,,,,,,,,,,,,,,,,,,,,53879,,,,,,,
150990,52300,53600,51900,51100,51900,70000,1.2e+06,1.2e+06,1.2e+06,1.2e+06,1.596e+06,1.596e+06,,4886003.193,,,,,,,,,,5.10204,6,0,0,100,100
151011,,,,,,,,,,,,,,,,,,,,,,,54059,,,,,,
151340,,,,,,,,,,,,,,,,,,,,,,54058,,,,,,,
151510,,,,,,,,,,,,,,,,,,,,,,,54238,,,,,,
151841,,,,,,,,,,,,,,,,,,,,,,54237,,,,,,,
151991,52300,53400,51900,51300,51900,70000,1.2e+06,1.2e+06,1.2e+06,1.2e+06,1.596e+06,1.596e+06,24.922,4886011.118,,,,,,,,,,2,6,0,6,100,100
152012,,,,,,,,,,,,,,,,,,,,,,,54418,,,,,,
152342,,,,,,,,,,,,,,,,,,,,,,54416,,,,,,,
152515,,,,,,,,,,,,,,,,,,,,,,,54598,,,,,,
152842,,,,,,,,,,,,,,,,,,,,,,54595,,,,,,,
152991,52500,53600,51900,51500,51900,70000,1.2e+06,1.2e+06,1.2e+06,1.2e+06,1.596e+06,1.596e+06,,4886019.036,,,,,,,,,,1.0101,2.0202,10.101,2.94118,100,100
153014,,,,,,,,,,,,,,,,,,,,,,,54777,,,,,,
153343,,,,,,,,,,,,,,,,,,,,,,54774,,,,,,,
153517,,,,,,,,,,,,,,,,,,,,,,,54957,,,,,,
153843,,,,,,,,,,,,,,,,,,,,,,54953,,,,,,,
153991,52300,53600,51900,51100,52100,70000,1.2e+06,1.2e+06,1.2e+06,1.2e+06,1.596e+06,1.596e+06,,4886026.902,,,,,,,,,,7.84314,2,7,0,100,100
154016,,,,,,,,,,,,,,,,,,,,,,,55136,,,,,,
154344,,,,,,,,,,,,,,,,,,,,,,55132,,,,,,,
154518,,,,,,,,,,,,,,,,,,,,,,,55316,,,,,,
154844,,,,,,,,,,,,,,,,,,,,,,55311,,,,,,,
154991,52300,53400,51900,51500,51900,70000,1.2e+06,1.2e+06,1.2e+06,1.2e+06,1.596e+06,1.596e+06,,4886034.932,,,,,,,,,,7,10,0,1,100,100
155020,,,,,,,,,,,,,,,,,,,,,,,55496,,,,,,
155345,,,,,,,,,,,,,,,,,,,,,,55490,,,,,,,
155520,,,,,,,,,,,,,,,,,,,,,,,55675,,,,,,
155846,,,,,,,,,,,,,,,,,,,,,,55669,,,,,,,
155990,52100,53400,51900,51100,51900,70000,1.2e+06,1.2e+06,1.2e+06,1.2e+06,1.596e+06,1.596e+06,,4886042.872,,,,,,,,,,11.2245,1,0,1,100,100
156022,,,,,,,,,,,,,,,,,,,,,,,55855,,,,,,
156346,,,,,,,,,,,,,,,,,,,,,,55848,,,,,,,
156522,,,,,,,,,,,,,,,,,,,,,,,56034,,,,,,
156847,,,,,,,,,,,,,,,,,,,,,,56027,,,,,,,
156991,52100,53400,51900,51300,51700,70000,1.2e+06,1.2e+06,1.2e+06,1.2e+06,1.596e+06,1.596e+06,,4886050.793,,,,,,,,,,6.06061,6.93069,0,1.0101,100,100
157024,,,,,,,,,,,,,,,,,,,,,,,56214,,,,,,
157348,,,,,,,,,,,,,,,,,,,,,,56206,,,,,,,
157524,,,,,,,,,,,,,,,,,,,,,,,56393,,,,,,
157848,,,,,,,,,,,,,,,,,,,,,,56385,,,,,,,
157991,52100,53200,51500,51300,51700,70000,1.2e+06,1.2e+06,1.2e+06,1.2e+06,1.596e+06,1.596e+06,,4886058.740,,,,,,,,,,7,8.91089,0,0,100,100
158026,,,,,,,,,,,,,,,,,,,,,,,56573,,,,,,
158349,,,,,,,,,,,,,,,,,,,,,,56564,,,,,,,
158528,,,,,,,,,,,,,,,,,,,,,,,56753,,,,,,
158849,,,,,,,,,,,,,,,,,,,,,,56743,,,,,,,
158991,52100,53200,51900,51300,51900,70000,1.2e+06,1.2e+06,1.2e+06,1.2e+06,1.596e+06,1.596e+06,,4886066.611,,,,,,,,,,5,7.14286,1,1,100,100
159028,,,,,,,,,,,,,,,,,,,,,,,56932,,,,,,
159350,,,,,,,,,,,,,,,,,,,,,,56922,,,,,,,
159530,,,,,,,,,,,,,,,,,,,,,,,57112,,,,,,
159851,,,,,,,,,,,,,,,,,,,,,,57101,,,,,,,
159990,52300,53600,51900,51100,51900,70000,1.2e+06,1.2e+06,1.2e+06,1.2e+06,1.596e+06,1.596e+06,,4886074.554,,,,,,,,,,11.8812,4.9505,1,0,100,100
160030,,,,,,,,,,,,,,,,,,,,,,,57291,,,,,,
160351,,,,,,,,,,,,,,,,,,,,,,57280,,,,,,,
160533,,,,,,,,,,,,,,,,,,,,,,,57471,,,,,,
160852,,,,,,,,,,,,,,,,,,,,,,57459,,,,,,,
160991,52300,53600,51900,51300,52100,70000,1.2e+06,1.2e+06,1.2e+06,1.2e+06,1.596e+06,1.596e+06,,4886082.484,,,,,,,,,,3.06122,0,6.06061,4.0404,100,100
161032,,,,,,,,,,,,,,,,,,,,,,,57650,,,,,,
161353,,,,,,,,,,,,,,,,,,,,,,57638,,,,,,,
161534,,,,,,,,,,,,,,,,,,,,,,,57830,,,,,,
161853,,,,,,,,,,,,,,,,,,,,,,57817,,,,,,,
161991,52300,53400,51900,51500,51900,70000,1.2e+06,1.2e+06,1.2e+06,1.2e+06,1.596e+06,1.596e+06,24.911,4886090.437,,,,,,,,,,6,0.990099,6.93069,0.990099,100,100
162036,,,,,,,,,,,,,,,,,,,,,,,58010,,,,,,
162354,,,,,,,,,,,,,,,,,,,,,,57996,,,,,,,
162536,,,,,,,,,,,,,,,,,,,,,,,58189,,,,,,
162854,,,,,,,,,,,,,,,,,,,,,,58175,,,,,,,
162990,52300,53400,51900,51300,51900,70000,1.2e+06,1.2e+06,1.2e+06,1.2e+06,1.596e+06,1.596e+06,,4886098.373,,,,,,,,,,5.10204,4.0404,0,7,100,100
163038,,,,,,,,,,,,,,,,,,,,,,,58369,,,,,,
163355,,,,,,,,,,,,,,,,,,,,,,58354,,,,,,,
163541,,,,,,,,,,,,,,,,,,,,,,,58549,,,,,,
163856,,,,,,,,,,,,,,,,,,,,,,58533,,,,,,,
163991,52500,53600,52100,51300,52100,70000,1.2e+06,1.2e+06,1.2e+06,1.2e+06,1.596e+06,1.596e+06,,4886106.255,,,,,,,,,,7,6.93069,0,1,100,100
164040,,,,,,,,,,,,,,,,,,,,,,,58728,,,,,,
164356,,,,,,,,,,,,,,,,,,,,,,58712,,,,,,,
164543,,,,,,,,,,,,,,,,,,,,,,,58908,,,,,,
164857,,,,,,,,,,,,,,,,,,,,,,58891,,,,,,,
164991,52300,53600,51900,51300,51700,70000,1.2e+06,1.2e+06,1.2e+06,1.2e+06,1.596e+06,1.596e+06,,4886114.231,,,,,,,,,,1,10,1.9802,2.0202,100,100
165042,,,,,,,,,,,,,,,,,,,,,,,59087,,,,,,
165358,,,,,,,,,,,,,,,,,,,,,,59070,,,,,,,
165544,,,,,,,,,,,,,,,,,,,,,,,59267,,,,,,
165858,,,,,,,,,,,,,,,,,,,,,,59249,,,,,,,
165991,52300,53800,51900,51300,51700,70000,1.2e+06,1.2e+06,1.2e+06,1.2e+06,1.596e+06,1.596e+06,,4886122.162,,,,,,,,,,0,1.0101,10.101,3.9604,100,100
166047,,,,,,,,,,,,,,,,,,,,,,,59447,,,,,,
166359,,,,,,,,,,,,,,,,,,,,,,59428,,,,,,,
166546,,,,,,,,,,,,,,,,,,,,,,,59626,,,,,,
166860,,,,,,,,,,,,,,,,,,,,,,59607,,,,,,,
166990,52300,53600,51900,51500,51900,70000,1.2e+06,1.2e+06,1.2e+06,1.2e+06,1.596e+06,1.596e+06,,4886130.060,,,,,,,,,,2,1,11.1111,0,100,100
167048,,,,,,,,,,,,,,,,,,,,,,,59806,,,,,,
167361,,,,,,,,,,,,,,,,,,,,,,59786,,,,,,,
167551,,,,,,,,,,,,,,,,,,,,,,,59986,,,,,,
167861,,,,,,,,,,,,,,,,,,,,,,59965,,,,,,,
167991,52500,53400,51900,51500,51900,70000,1.2e+06,1.2e+06,1.2e+06,1.2e+06,1.596e+06,1.596e+06,,4886138.020,,,,,,,,,,1,0,12.1212,0,100,100
168050,,,,,,,,,,,,,,,,,,,,,,,60165,,,,,,
168362,,,,,,,,,,,,,,,,,,,,,,60144,,,,,,,
168550,,,,,,,,,,,,,,,,,,,,,,,60344,,,,,,
168863,,,,,,,,,,,,,,,,,,,,,,60323,,,,,,,
168991,52300,53400,52100,51500,52100,70000,1.2e+06,1.2e+06,1.2e+06,1.2e+06,1.596e+06,1.596e+06,,4886146.014,,,,,,,,,,7.92079,2.0202,1.9802,7,100,100
169052,,,,,,,,,,,,,,,,,,,,,,,60524,,,,,,
169363,,,,,,,,,,,,,,,,,,,,,,60502,,,,,,,
169552,,,,,,,,,,,,,,,,,,,,,,,60703,,,,,,
169864,,,,,,,,,,,,,,,,,,,,,,60681,,,,,,,
169990,52500,53600,52100,51500,51900,70000,1.2e+06,1.2e+06,1.2e+06,1.2e+06,1.596e+06,1.596e+06,,4886153.900,,,,,,,,,,1,10.101,1,4,100,100
170054,,,,,,,,,,,,,,,,,,,,,,,60883,,,,,,
170365,,,,,,,,,,,,,,,,,,,,,,60860,,,,,,,
170557,,,,,,,,,,,,,,,,,,,,,,,61063,,,,,,
170865,,,,,,,,,,,,,,,,,,,,,,61039,,,,,,,
170991,52300,53400,51900,51300,51900,70000,1.2e+06,1.2e+06,1.2e+06,1.2e+06,1.596e+06,1.596e+06,,4886161.896,,,,,,,,,,0,0,11.1111,3.9604,100,100
171056,,,,,,,,,,,,,,,,,,,,,,,61242,,,,,,
171366,,,,,,,,,,,,,,,,,,,,,,61218,,,,,,,
171558,,,,,,,,,,,,,,,,,,,,,,,61422,,,,,,
171866,,,,,,,,,,,,,,,,,,,,,,61397,,,,,,,
171991,52300,53600,51700,51100,51900,70000,1.2e+06,1.2e+06,1.2e+06,1.2e+06,1.596e+06,1.596e+06,24.911,4886169.814,,,,,,,,,,6,0,6.06061,1,100,100
172058,,,,,,,,,,,,,,,,,,,,,,,61601,,,,,,
172367,,,,,,,,,,,,,,,,,,,,,,61576,,,,,,,
172561,,,,,,,,,,,,,,,,,,,,,,,61781,,,,,,
172868,,,,,,,,,,,,,,,,,,,,,,61755,,,,,,,
172990,52500,53600,52100,51500,52100,70000,1.2e+06,1.2e+06,1.2e+06,1.2e+06,1.596e+06,1.596e+06,,4886177.803,,,,,,,,,,8,0,6.93069,1,100,100
173060,,,,,,,,,,,,,,,,,,,,,,,61960,,,,,,
173368,,,,,,,,,,,,,,,,,,,,,,61934,,,,,,,
173562,,,,,,,,,,,,,,,,,,,,,,,62140,,,,,,
173869,,,,,,,,,,,,,,,,,,,,,,62113,,,,,,,
173990,52500,53400,52300,51500,52300,70000,1.2e+06,1.2e+06,1.2e+06,1.2e+06,1.596e+06,1.596e+06,,4886185.670,,,,,,,,,,11,1.0101,0,2.9703,100,100
174062,,,,,,,,,,,,,,,,,,,,,,,62319,,,,,,
174369,,,,,,,,,,,,,,,,,,,,,,62292,,,,,,,
174564,,,,,,,,,,,,,,,,,,,,,,,62499,,,,,,
174870,,,,,,,,,,,,,,,,,,,,,,62471,,,,,,,
174991,52300,53800,51900,51500,51900,70000,1.2e+06,1.2e+06,1.2e+06,1.2e+06,1.596e+06,1.596e+06,,4886193.664,,,,,,,,,,11.8812,5,0,1,100,100
175064,,,,,,,,,,,,,,,,,,,,,,,62678,,,,,,
175371,,,,,,,,,,,,,,,,,,,,,,62650,,,,,,,
175566,,,,,,,,,,,,,,,,,,,,,,,62858,,,,,,
175871,,,,,,,,,,,,,,,,,,,,,,62829,,,,,,,
175991,52500,53800,51900,51300,52100,70000,1.2e+06,1.2e+06,1.2e+06,1.2e+06,1.596e+06,1.596e+06,,4886201.670,,,,,,,,,,2.04082,6,0,6.06061,100,100
176068,,,,,,,,,,,,,,,,,,,,,,,63038,,,,,,
176372,,,,,,,,,,,,,,,,,,,,,,63008,,,,,,,
176568,,,,,,,,,,,,,,,,,,,,,,,63217,,,,,,
176872,,,,,,,,,,,,,,,,,,,,,,63187,,,,,,,
176991,52500,53600,51900,51500,51900,70000,1.2e+06,1.2e+06,1.2e+06,1.2e+06,1.596e+06,1.596e+06,,4886209.649,,,,,,,,,,1,12,1.96078,0,100,100
177070,,,,,,,,,,,,,,,,,,,,,,,63397,,,,,,
177373,,,,,,,,,,,,,,,,,,,,,,63366,,,,,,,
177573,,,,,,,,,,,,,,,,,,,,,,,63577,,,,,,
177874,,,,,,,,,,,,,,,,,,,,,,63545,,,,,,,
177991,52300,53600,51900,51300,51900,70000,1.2e+06,1.2e+06,1.2e+06,1.2e+06,1.596e+06,1.596e+06,,4886217.570,,,,,,,,,,2,11.1111,0,0,100,100
178072,,,,,,,,,,,,,,,,,,,,,,,63756,,,,,,
178374,,,,,,,,,,,,,,,,,,,,,,63724,,,,,,,
178574,,,,,,,,,,,,,,,,,,,,,,,63936,,,,,,
178875,,,,,,,,,,,,,,,,,,,,,,63903,,,,,,,
178991,52300,53800,51900,51500,51900,70000,1.2e+06,1.2e+06,1.2e+06,1.2e+06,1.596e+06,1.596e+06,,4886225.522,,,,,,,,,,2,8,6.06061,0,100,100
179074,,,,,,,,,,,,,,,,,,,,,,,64115,,,,,,
179376,,,,,,,,,,,,,,,,,,,,,,64082,,,,,,,
179576,,,,,,,,,,,,,,,,,,,,,,,64295,,,,,,
179876,,,,,,,,,,,,,,,,,,,,,,64261,,,,,,,
179991,52100,53600,51900,51300,52100,70000,1.2e+06,1.2e+06,1.2e+06,1.2e+06,1.596e+06,1.596e+06,,4886233.451,,,,,,,,,,1.9802,5.94059,2.9703,7,100,100
180079,,,,,,,,,,,,,,,,,,,,,,,64475,,,,,,
180377,,,,,,,,,,,,,,,,,,,,,,64440,,,,,,,
180578,,,,,,,,,,,,,,,,,,,,,,,64654,,,,,,
180878,,,,,,,,,,,,,,,,,,,,,,64619,,,,,,,
180991,52300,53600,51900,51300,51900,70000,1.2e+06,1.2e+06,1.2e+06,1.2e+06,1.596e+06,1.596e+06,,4886241.456,,,,,,,,,,0,12,4.0404,1.9802,100,100
181080,,,,,,,,,,,,,,,,,,,,,,,64834,,,,,,
181378,,,,,,,,,,,,,,,,,,,,,,64798,,,,,,,
181582,,,,,,,,,,,,,,,,,,,,,,,65014,,,,,,
181879,,,,,,,,,,,,,,,,,,,,,,64977,,,,,,,
181991,52300,53400,51900,51300,51900,70000,1.2e+06,1.2e+06,1.2e+06,1.2e+06,1.596e+06,1.596e+06,24.933,4886249.381,,,,,,,,,,1,5.10204,5,0,100,100
182084,,,,,,,,,,,,,,,,,,,,,,,65194,,,,,,
182379,,,,,,,,,,,,,,,,,,,,,,65156,,,,,,,
182587,,,,,,,,,,,,,,,,,,,,,,,65374,,,,,,
182880,,,,,,,,,,,,,,,,,,,,,,65335,,,,,,,
182991,52300,53800,52100,51500,51900,70000,1.2e+06,1.2e+06,1.2e+06,1.2e+06,1.596e+06,1.596e+06,,4886257.371,,,,,,,,,,2,1.0101,10.101,0,100,100
183086,,,,,,,,,,,,,,,,,,,,,,,65553,,,,,,
183381,,,,,,,,,,,,,,,,,,,,,,65514,,,,,,,
183588,,,,,,,,,,,,,,,,,,,,,,,65733,,,,,,
183881,,,,,,,,,,,,,,,,,,,,,,65693,,,,,,,
183991,52300,53400,51900,51300,51700,70000,1.2e+06,1.2e+06,1.2e+06,1.2e+06,1.596e+06,1.596e+06,,4886265.344,,,,,,,,,,7.07071,0,6,0,100,100
184090,,,,,,,,,,,,,,,,,,,,,,,65913,,,,,,
184382,,,,,,,,,,,,,,,,,,,,,,65872,,,,,,,
184592,,,,,,,,,,,,,,,,,,,,,,,66093,,,,,,
184882,,,,,,,,,,,,,,,,,,,,,,66051,,,,,,,
184991,52300,53600,51900,51500,51700,70000,1.2e+06,1.2e+06,1.2e+06,1.2e+06,1.596e+06,1.596e+06,,4886273.329,,,,,,,,,,2.9703,0,6.93069,6.93069,100,100
185095,,,,,,,,,,,,,,,,,,,,,,,66273,,,,,,
185383,,,,,,,,,,,,,,,,,,,,,,66230,,,,,,,
185594,,,,,,,,,,,,,,,,,,,,,,,66452,,,,,,
185884,,,,,,,,,,,,,,,,,,,,,,66409,,,,,,,
185991,52300,53600,52100,51500,51900,70000,1.2e+06,1.2e+06,1.2e+06,1.2e+06,1.596e+06,1.596e+06,,4886281.250,,,,,,,,,,4,1,4.12371,6.93069,100,100
186096,,,,,,,,,,,,,,,,,,,,,,,66632,,,,,,
186384,,,,,,,,,,,,,,,,,,,,,,66588,,,,,,,
186598,,,,,,,,,,,,,,,,,,,,,,,66812,,,,,,
186885,,,,,,,,,,,,,,,,,,,,,,66767,,,,,,,
186991,52600,53600,52300,51700,51900,70000,1.2e+06,1.2e+06,1.2e+06,1.2e+06,1.596e+06,1.596e+06,,4886289.200,,,,,,,,,,8.91089,6,1,0,100,100
187100,,,,,,,,,,,,,,,,,,,,,,,66992,,,,,,
187386,,,,,,,,,,,,,,,,,,,,,,66946,,,,,,,
187603,,,,,,,,,,,,,,,,,,,,,,,67172,,,,,,
187886,,,,,,,,,,,,,,,,,,,,,,67125,,,,,,,
187991,52500,53400,51900,51500,52300,70000,1.2e+06,1.2e+06,1.2e+06,1.2e+06,1.596e+06,1.596e+06,,4886297.128,,,,,,,,,,3.0303,6,1.9802,6.93069,100,100
188102,,,,,,,,,,,,,,,,,,,,,,,67351,,,,,,
188387,,,,,,,,,,,,,,,,,,,,,,67304,,,,,,,
188604,,,,,,,,,,,,,,,,,,,,,,,67531,,,,,,
188887,,,,,,,,,,,,,,,,,,,,,,67483,,,,,,,
188991,52500,53600,51900,51300,51700,70000,1.2e+06,1.2e+06,1.2e+06,1.2e+06,1.596e+06,1.596e+06,,4886305.072,,,,,,,,,,1,7.92079,6.06061,1.0101,100,100
189106,,,,,,,,,,,,,,,,,,,,,,,67711,,,,,,
189388,,,,,,,,,,,,,,,,,,,,,,67662,,,,,,,
189608,,,,,,,,,,,,,,,,,,,,,,,67891,,,,,,
189889,,,,,,,,,,,,,,,,,,,,,,67841,,,,,,,
189990,52300,53600,51700,51500,51700,70000,1.2e+06,1.2e+06,1.2e+06,1.2e+06,1.596e+06,1.596e+06,,4886313.079,,,,,,,,,,0,11,0,2,100,100
190110,,,,,,,,,,,,,,,,,,,,,,,68071,,,,,,
190389,,,,,,,,,,,,,,,,,,,,,,68020,,,,,,,
190610,,,,,,,,,,,,,,,,,,,,,,,68250,,,,,,
190890,,,,,,,,,,,,,,,,,,,,,,68199,,,,,,,
190991,52300,53400,52100,51500,51900,70000,1.2e+06,1.2e+06,1.2e+06,1.2e+06,1.596e+06,1.596e+06,,4886320.969,,,,,,,,,,1,5,6,0,100,100
191112,,,,,,,,,,,,,,,,,,,,,,,68430,,,,,,
191390,,,,,,,,,,,,,,,,,,,,,,68378,,,,,,,
191614,,,,,,,,,,,,,,,,,,,,,,,68610,,,,,,
191891,,,,,,,,,,,,,,,,,,,,,,68557,,,,,,,
191991,52500,53600,51900,51500,52100,70000,1.2e+06,1.2e+06,1.2e+06,1.2e+06,1.596e+06,1.596e+06,24.954,4886326.955,,,,,,,,,,4.9505,6.06061,0,6.06061,100,100
192117,,,,,,,,,,,,,,,,,,,,,,,68790,,,,,,
192392,,,,,,,,,,,,,,,,,,,,,,68736,,,,,,,
192616,,,,,,,,,,,,,,,,,,,,,,,68969,,,,,,
192892,,,,,,,,,,,,,,,,,,,,,,68915,,,,,,,
192991,52500,53600,52100,51300,51900,70000,1.2e+06,1.2e+06,1.2e+06,1.2e+06,1.596e+06,1.596e+06,,4886335.012,,,,,,,,,,4.0404,0,3.0303,5.94059,100,100
193118,,,,,,,,,,,,,,,,,,,,,,,69149,,,,,,
193393,,,,,,,,,,,,,,,,,,,,,,69094,,,,,,,
193621,,,,,,,,,,,,,,,,,,,,,,,69329,,,,,,
193894,,,,,,,,,,,,,,,,,,,,,,69273,,,,,,,
193990,52600,53800,52100,51700,52100,70000,1.2e+06,1.2e+06,1.2e+06,1.2e+06,1.596e+06,1.596e+06,,4886343.002,,,,,,,,,,10.101,1,6.93069,1.0101,100,100
194120,,,,,,,,,,,,,,,,,,,,,,,69508,,,,,,
194394,,,,,,,,,,,,,,,,,,,,,,69452,,,,,,,
194622,,,,,,,,,,,,,,,,,,,,,,,69688,,,,,,
194895,,,,,,,,,,,,,,,,,,,,,,69631,,,,,,,
194990,52500,53600,52100,51700,52100,70000,1.2e+06,1.2e+06,1.2e+06,1.2e+06,1.596e+06,1.596e+06,,4886350.967,,,,,,,,,,7,0,1,6.06061,100,100
195122,,,,,,,,,,,,,,,,,,,,,,,69867,,,,,,
195395,,,,,,,,,,,,,,,,,,,,,,69810,,,,,,,
195624,,,,,,,,,,,,,,,,,,,,,,,70047,,,,,,
195896,,,,,,,,,,,,,,,,,,,,,,69989,,,,,,,
195991,52300,53600,51900,51700,51900,70000,1.2e+06,1.2e+06,1.2e+06,1.2e+06,1.596e+06,1.596e+06,,4886358.853,,,,,,,,,,8.16327,0,4,0,100,100
196127,,,,,,,,,,,,,,,,,,,,,,,70227,,,,,,
196397,,,,,,,,,,,,,,,,,,,,,,70168,,,,,,,
196626,,,,,,,,,,,,,,,,,,,,,,,70406,,,,,,
196897,,,,,,,,,,,,,,,,,,,,,,70347,,,,,,,
196991,52300,53600,51700,51500,52100,70000,1.2e+06,1.2e+06,1.2e+06,1.2e+06,1.596e+06,1.596e+06,,4886366.856,,,,,,,,,,12.8713,1.9802,0,1,100,100
197128,,,,,,,,,,,,,,,,,,,,,,,70586,,,,,,
197398,,,,,,,,,,,,,,,,,,,,,,70526,,,,,,,
197631,,,,,,,,,,,,,,,,,,,,,,,70766,,,,,,
197898,,,,,,,,,,,,,,,,,,,,,,70705,,,,,,,
197990,52600,53800,51900,51500,52300,70000,1.2e+06,1.2e+06,1.2e+06,1.2e+06,1.596e+06,1.596e+06,,4886374.746,,,,,,,,,,3,10,0,2.0202,100,100
198130,,,,,,,,,,,,,,,,,,,,,,,70945,,,,,,
198399,,,,,,,,,,,,,,,,,,,,,,70884,,,,,,,
198632,,,,,,,,,,,,,,,,,,,,,,,71125,,,,,,
198900,,,,,,,,,,,,,,,,,,,,,,71063,,,,,,,
198990,52500,53800,52100,51500,52300,70000,1.2e+06,1.2e+06,1.2e+06,1.2e+06,1.596e+06,1.596e+06,,4886382.710,,,,,,,,,,2.0202,9,0,3.06122,100,100
199135,,,,,,,,,,,,,,,,,,,,,,,71305,,,,,,
199400,,,,,,,,,,,,,,,,,,,,,,71242,,,,,,,
199637,,,,,,,,,,,,,,,,,,,,,,,71485,,,,,,
199901,,,,,,,,,,,,,,,,,,,,,,71421,,,,,,,
199990,52500,53600,52100,51500,52100,70000,1.2e+06,1.2e+06,1.2e+06,1.2e+06,1.596e+06,1.596e+06,,4886390.702,,,,,,,,,,1.0101,3.0303,5.05051,6.93069,100,100
200136,,,,,,,,,,,,,,,,,,,,,,,71664,,,,,,
200402,,,,,,,,,,,,,,,,,,,,,,71600,,,,,,,
200638,,,,,,,,,,,,,,,,,,,,,,,71844,,,,,,
200902,,,,,,,,,,,,,,,,,,,,,,71779,,,,,,,
200990,52500,53600,52100,51500,52300,70000,1.2e+06,1.2e+06,1.2e+06,1.2e+06,1.596e+06,1.596e+06,,4886398.475,,,,,,,,,,7.92079,2,6,0,100,100
201141,,,,,,,,,,,,,,,,,,,,,,,72024,,,,,,
201403,,,,,,,,,,,,,,,,,,,,,,71958,,,,,,,
201640,,,,,,,,,,,,,,,,,,,,,,,72203,,,,,,
201903,,,,,,,,,,,,,,,,,,,,,,72137,,,,,,,
201991,52500,53800,52300,51700,52100,70000,1.2e+06,1.2e+06,1.2e+06,1.2e+06,1.596e+06,1.596e+06,24.943,4886406.529,,,,,,,,,,6.06061,0,0,6,100,100
202142,,,,,,,,,,,,,,,,,,,,,,,72383,,,,,,
202404,,,,,,,,,,,,,,,,,,,,,,72316,,,,,,,
202644,,,,,,,,,,,,,,,,,,,,,,,72563,,,,,,
202905,,,,,,,,,,,,,,,,,,,,,,72495,,,,,,,
202990,52600,54000,52300,51700,52300,70000,1.2e+06,1.2e+06,1.2e+06,1.2e+06,1.596e+06,1.596e+06,,4886414.392,,,,,,,,,,2,1,8,6,100,100
203146,,,,,,,,,,,,,,,,,,,,,,,72743,,,,,,
203405,,,,,,,,,,,,,,,,,,,,,,72674,,,,,,,
203649,,,,,,,,,,,,,,,,,,,,,,,72923,,,,,,
203906,,,,,,,,,,,,,,,,,,,,,,72853,,,,,,,
203991,52300,53600,52100,51500,52300,70000,1.2e+06,1.2e+06,1.2e+06,1.2e+06,1.596e+06,1.596e+06,,4886422.301,,,,,,,,,,1,1.0101,9.09091,6,100,100
204148,,,,,,,,,,,,,,,,,,,,,,,73102,,,,,,
204407,,,,,,,,,,,,,,,,,,,,,,73032,,,,,,,
204650,,,,,,,,,,,,,,,,,,,,,,,73282,,,,,,
204907,,,,,,,,,,,,,,,,,,,,,,73211,,,,,,,
204991,52600,53800,52100,51500,51900,70000,1.2e+06,1.2e+06,1.2e+06,1.2e+06,1.596e+06,1.596e+06,,4886430.317,,,,,,,,,,3.0303,1,10,0,100,100
205150,,,,,,,,,,,,,,,,,,,,,,,73461,,,,,,
205408,,,,,,,,,,,,,,,,,,,,,,73390,,,,,,,
205652,,,,,,,,,,,,,,,,,,,,,,,73641,,,,,,
205908,,,,,,,,,,,,,,,,,,,,,,73569,,,,,,,
205990,52600,53800,52300,51500,51900,70000,1.2e+06,1.2e+06,1.2e+06,1.2e+06,1.596e+06,1.596e+06,,4886438.315,,,,,,,,,,1,12,1,0,100,100
206155,,,,,,,,,,,,,,,,,,,,,,,73821,,,,,,
206409,,,,,,,,,,,,,,,,,,,,,,73748,,,,,,,
206654,,,,,,,,,,,,,,,,,,,,,,,74000,,,,,,
206910,,,,,,,,,,,,,,,,,,,,,,73927,,,,,,,
206990,52600,54000,52100,51500,52300,70000,1.2e+06,1.2e+06,1.2e+06,1.2e+06,1.596e+06,1.596e+06,,4886446.254,,,,,,,,,,3.9604,1.0101,9.09091,0,100,100
207157,,,,,,,,,,,,,,,,,,,,,,,74180,,,,,,
207410,,,,,,,,,,,,,,,,,,,,,,74106,,,,,,,
207656,,,,,,,,,,,,,,,,,,,,,,,74359,,,,,,
207911,,,,,,,,,,,,,,,,,,,,,,74285,,,,,,,
207991,52500,54000,52100,51500,51900,70000,1.2e+06,1.2e+06,1.2e+06,1.2e+06,1.596e+06,1.596e+06,,4886454.135,,,,,,,,,,1.0101,14,1.96078,0,100,100
208158,,,,,,,,,,,,,,,,,,,,,,,74539,,,,,,
208412,,,,,,,,,,,,,,,,,,,,,,74464,,,,,,,
208660,,,,,,,,,,,,,,,,,,,,,,,74719,,,,,,
208912,,,,,,,,,,,,,,,,,,,,,,74643,,,,,,,
208990,52600,54000,52100,51900,52300,70000,1.2e+06,1.2e+06,1.2e+06,1.2e+06,1.596e+06,1.596e+06,,4886462.153,,,,,,,,,,1,12,2.0202,1,100,100
209163,,,,,,,,,,,,,,,,,,,,,,,74899,,,,,,
209413,,,,,,,,,,,,,,,,,,,,,,74822,,,,,,,
209665,,,,,,,,,,,,,,,,,,,,,,,75079,,,,,,
209914,,,,,,,,,,,,,,,,,,,,,,75001,,,,,,,
209991,52600,53600,52100,51700,51900,70000,1.2e+06,1.2e+06,1.2e+06,1.2e+06,1.596e+06,1.596e+06,,4886470.028,,,,,,,,,,1.9802,6.93069,8,0,100,100
210164,,,,,,,,,,,,,,,,,,,,,,,75258,,,,,,
210414,,,,,,,,,,,,,,,,,,,,,,75180,,,,,,,
210666,,,,,,,,,,,,,,,,,,,,,,,75438,,,,,,
210915,,,,,,,,,,,,,,,,,,,,,,75359,,,,,,,
210990,52500,53600,52300,51500,52100,70000,1.2e+06,1.2e+06,1.2e+06,1.2e+06,1.596e+06,1.596e+06,,4886477.964,,,,,,,,,,0,11.1111,0.990099,2,100,100
211169,,,,,,,,,,,,,,,,,,,,,,,75618,,,,,,
211416,,,,,,,,,,,,,,,,,,,,,,75538,,,,,,,
211671,,,,,,,,,,,,,,,,,,,,,,,75798,,,,,,
211916,,,,,,,,,,,,,,,,,,,,,,75717,,,,,,,
211991,52500,54000,52100,51500,52100,70000,1.2e+06,1.2e+06,1.2e+06,1.2e+06,1.596e+06,1.596e+06,24.965,4886485.840,,,,,,,,,,1,2.9703,10.101,1,100,100
212170,,,,,,,,,,,,,,,,,,,,,,,75977,,,,,,
212417,,,,,,,,,,,,,,,,,,,,,,75896,,,,,,,
212673,,,,,,,,,,,,,,,,,,,,,,,76157,,,,,,
212917,,,,,,,,,,,,,,,,,,,,,,76075,,,,,,,
212991,52600,54000,52300,51500,52300,70000,1.2e+06,1.2e+06,1.2e+06,1.2e+06,1.596e+06,1.596e+06,,4886493.834,,,,,,,,,,2,9.09091,1.0101,2,100,100
213172,,,,,,,,,,,,,,,,,,,,,,,76336,,,,,,
213418,,,,,,,,,,,,,,,,,,,,,,76254,,,,,,,
213674,,,,,,,,,,,,,,,,,,,,,,,76516,,,,,,
213919,,,,,,,,,,,,,,,,,,,,,,76433,,,,,,,
213990,52500,53800,52100,51500,52100,70000,1.2e+06,1.2e+06,1.2e+06,1.2e+06,1.596e+06,1.596e+06,,4886501.703,,,,,,,,,,3.9604,3,10.8911,0,100,100
214176,,,,,,,,,,,,,,,,,,,,,,,76696,,,,,,
214420,,,,,,,,,,,,,,,,,,,,,,76612,,,,,,,
214678,,,,,,,,,,,,,,,,,,,,,,,76876,,,,,,
214920,,,,,,,,,,,,,,,,,,,,,,76791,,,,,,,
214991,52300,54000,52300,51900,52300,70000,1.2e+06,1.2e+06,1.2e+06,1.2e+06,1.596e+06,1.596e+06,,4886509.689,,,,,,,,,,4.0404,0,8.91089,1,100,100
215181,,,,,,,,,,,,,,,,,,,,,,,77056,,,,,,
215421,,,,,,,,,,,,,,,,,,,,,,76970,,,,,,,
215680,,,,,,,,,,,,,,,,,,,,,,,77235,,,,,,
215921,,,,,,,,,,,,,,,,,,,,,,77149,,,,,,,
215991,52600,53600,52100,51500,52300,70000,1.2e+06,1.2e+06,1.2e+06,1.2e+06,1.596e+06,1.596e+06,,4886517.679,,,,,,,,,,1,0,15.1515,1,100,100
216182,,,,,,,,,,,,,,,,,,,,,,,77415,,,,,,
216422,,,,,,,,,,,,,,,,,,,,,,77328,,,,,,,
216684,,,,,,,,,,,,,,,,,,,,,,,77595,,,,,,
216922,,,,,,,,,,,,,,,,,,,,,,77507,,,,,,,
216990,52300,53400,52100,51500,52100,70000,1.2e+06,1.2e+06,1.2e+06,1.2e+06,1.596e+06,1.596e+06,,4886525.574,,,,,,,,,,1.0101,0,12,1,100,100
217187,,,,,,,,,,,,,,,,,,,,,,,77775,,,,,,
217423,,,,,,,,,,,,,,,,,,,,,,77686,,,,,,,
217689,,,,,,,,,,,,,,,,,,,,,,,77955,,,,,,
217924,,,,,,,,,,,,,,,,,,,,,,77865,,,,,,,
217991,52600,53800,52100,51700,51900,70000,1.2e+06,1.2e+06,1.2e+06,1.2e+06,1.596e+06,1.596e+06,,4886533.542,,,,,,,,,,1,0.990099,6.06061,5.05051,100,100
218188,,,,,,,,,,,,,,,,,,,,,,,78134,,,,,,
218424,,,,,,,,,,,,,,,,,,,,,,78044,,,,,,,
218690,,,,,,,,,,,,,,,,,,,,,,,78314,,,,,,
218925,,,,,,,,,,,,,,,,,,,,,,78223,,,,,,,
218991,52300,53800,51900,51500,52100,70000,1.2e+06,1.2e+06,1.2e+06,1.2e+06,1.596e+06,1.596e+06,,4886541.417,,,,,,,,,,1,1,11.1111,1.0101,100,100
219193,,,,,,,,,,,,,,,,,,,,,,,78494,,,,,,
219426,,,,,,,,,,,,,,,,,,,,,,78402,,,,,,,
219695,,,,,,,,,,,,,,,,,,,,,,,78674,,,,,,
219926,,,,,,,,,,,,,,,,,,,,,,78581,,,,,,,
219990,52600,54000,52300,51500,52300,70000,1.2e+06,1.2e+06,1.2e+06,1.2e+06,1.596e+06,1.596e+06,,4886549.362,,,,,,,,,,0,0,13.1313,1,100,100
220194,,,,,,,,,,,,,,,,,,,,,,,78853,,,,,,
220427,,,,,,,,,,,,,,,,,,,,,,78760,,,,,,,
220696,,,,,,,,,,,,,,,,,,,,,,,79033,,,,,,
220928,,,,,,,,,,,,,,,,,,,,,,78939,,,,,,,
220991,52600,53800,52100,51700,51900,70000,1.2e+06,1.2e+06,1.2e+06,1.2e+06,1.596e+06,1.596e+06,,4886557.243,,,,,,,,,,1,0,14,0,100,100
221199,,,,,,,,,,,,,,,,,,,,,,,79213,,,,,,
221428,,,,,,,,,,,,,,,,,,,,,,79118,,,,,,,
221698,,,,,,,,,,,,,,,,,,,,,,,79392,,,,,,
221929,,,,,,,,,,,,,,,,,,,,,,79297,,,,,,,
221991,52500,54000,52100,51700,52100,70000,1.2e+06,1.2e+06,1.2e+06,1.2e+06,1.596e+06,1.596e+06,24.965,4886565.121,,,,,,,,,,2.94118,0,13.1313,1.9802,100,99.0196
222200,,,,,,,,,,,,,,,,,,,,,,,79572,,,,,,
222430,,,,,,,,,,,,,,,,,,,,,,79476,,,,,,,
222703,,,,,,,,,,,,,,,,,,,,,,,79752,,,,,,
222930,,,,,,,,,,,,,,,,,,,,,,79655,,,,,,,
222991,52300,53800,52300,51500,51900,70000,1.2e+06,1.2e+06,1.2e+06,1.2e+06,1.596e+06,1.596e+06,,4886573.089,,,,,,,,,,1,1,12.8713,0,100,100
223202,,,,,,,,,,,,,,,,,,,,,,,79931,,,,,,
223431,,,,,,,,,,,,,,,,,,,,,,79834,,,,,,,
223704,,,,,,,,,,,,,,,,,,,,,,,80111,,,,,,
223931,,,,,,,,,,,,,,,,,,,,,,80013,,,,,,,
223990,52100,53800,52300,51500,51900,70000,1.2e+06,1.2e+06,1.2e+06,1.2e+06,1.596e+06,1.596e+06,,4886581.101,,,,,,,,,,1,1.0101,12,0.990099,100,100
224206,,,,,,,,,,,,,,,,,,,,,,,80291,,,,,,
224432,,,,,,,,,,,,,,,,,,,,,,80192,,,,,,,
224709,,,,,,,,,,,,,,,,,,,,,,,80471,,,,,,
224933,,,,,,,,,,,,,,,,,,,,,,80371,,,,,,,
224991,52500,54000,52100,51500,52100,70000,1.2e+06,1.2e+06,1.2e+06,1.2e+06,1.596e+06,1.596e+06,,4886589.095,,,,,,,,,,0,1.0101,13.2653,0.990099,100,100
225208,,,,,,,,,,,,,,,,,,,,,,,80650,,,,,,
225433,,,,,,,,,,,,,,,,,,,,,,80550,,,,,,,
225710,,,,,,,,,,,,,,,,,,,,,,,80830,,,,,,
225934,,,,,,,,,,,,,,,,,,,,,,80729,,,,,,,
225991,52500,53600,52300,51500,52100,70000,1.2e+06,1.2e+06,1.2e+06,1.2e+06,1.596e+06,1.596e+06,,4886597.151,,,,,,,,,,1,3.0303,0,11,100,100
226213,,,,,,,,,,,,,,,,,,,,,,,81010,,,,,,
226435,,,,,,,,,,,,,,,,,,,,,,80908,,,,,,,
226712,,,,,,,,,,,,,,,,,,,,,,,81189,,,,,,
226935,,,,,,,,,,,,,,,,,,,,,,81087,,,,,,,
226991,52600,54000,52300,51500,52300,70000,1.2e+06,1.2e+06,1.2e+06,1.2e+06,1.596e+06,1.596e+06,,4886605.056,,,,,,,,,,1.0101,8.91089,6.06061,0,100,100
227214,,,,,,,,,,,,,,,,,,,,,,,81369,,,,,,
227436,,,,,,,,,,,,,,,,,,,,,,81266,,,,,,,
227717,,,,,,,,,,,,,,,,,,,,,,,81549,,,,,,
227936,,,,,,,,,,,,,,,,,,,,,,81445,,,,,,,
227991,52600,53600,51900,51700,52100,70000,1.2e+06,1.2e+06,1.2e+06,1.2e+06,1.596e+06,1.596e+06,,4886613.027,,,,,,,,,,1,7,6,1,100,100
228216,,,,,,,,,,,,,,,,,,,,,,,81728,,,,,,
228437,,,,,,,,,,,,,,,,,,,,,,81624,,,,,,,
228718,,,,,,,,,,,,,,,,,,,,,,,81908,,,,,,
228937,,,,,,,,,,,,,,,,,,,,,,81803,,,,,,,
228990,52300,53800,52300,51700,51900,70000,1.2e+06,1.2e+06,1.2e+06,1.2e+06,1.596e+06,1.596e+06,,4886620.979,,,,,,,,,,0,6,6.06061,0,100,100
229221,,,,,,,,,,,,,,,,,,,,,,,82088,,,,,,
229438,,,,,,,,,,,,,,,,,,,,,,81982,,,,,,,
229720,,,,,,,,,,,,,,,,,,,,,,,82267,,,,,,
229939,,,,,,,,,,,,,,,,,,,,,,82161,,,,,,,
229991,52500,53800,52300,51700,52100,70000,1.2e+06,1.2e+06,1.2e+06,1.2e+06,1.596e+06,1.596e+06,,4886626.957,,,,,,,,,,9.90099,5,1.02041,1,100,100
230222,,,,,,,,,,,,,,,,,,,,,,,82447,,,,,,
230440,,,,,,,,,,,,,,,,,,,,,,82340,,,,,,,
230724,,,,,,,,,,,,,,,,,,,,,,,82627,,,,,,
230940,,,,,,,,,,,,,,,,,,,,,,82519,,,,,,,
230991,52500,53600,51900,51700,52100,70000,1.2e+06,1.2e+06,1.2e+06,1.2e+06,1.596e+06,1.596e+06,,4886634.930,,,,,,,,,,1,5.05051,8.91089,1,100,100
231224,,,,,,,,,,,,,,,,,,,,,,,82806,,,,,,
231441,,,,,,,,,,,,,,,,,,,,,,82698,,,,,,,
231726,,,,,,,,,,,,,,,,,,,,,,,82986,,,,,,
231941,,,,,,,,,,,,,,,,,,,,,,82877,,,,,,,
231991,52600,53800,52100,51700,52300,70000,1.2e+06,1.2e+06,1.2e+06,1.2e+06,1.596e+06,1.596e+06,24.965,4886642.893,,,,,,,,,,1,9,5.10204,0,100,100
232226,,,,,,,,,,,,,,,,,,,,,,,83165,,,,,,
232442,,,,,,,,,,,,,,,,,,,,,,83056,,,,,,,
232728,,,,,,,,,,,,,,,,,,,,,,,83345,,,,,,
232943,,,,,,,,,,,,,,,,,,,,,,83235,,,,,,,
232990,52300,53800,51900,51300,52300,70000,1.2e+06,1.2e+06,1.2e+06,1.2e+06,1.596e+06,1.596e+06,,4886650.844,,,,,,,,,,1,1,0.990099,14.5631,100,100
233230,,,,,,,,,,,,,,,,,,,,,,,83525,,,,,,
233443,,,,,,,,,,,,,,,,,,,,,,83414,,,,,,,
233733,,,,,,,,,,,,,,,,,,,,,,,83705,,,,,,
233944,,,,,,,,,,,,,,,,,,,,,,83593,,,,,,,
233991,52600,53800,52300,51500,52100,70000,1.2e+06,1.2e+06,1.2e+06,1.2e+06,1.596e+06,1.596e+06,,4886658.812,,,,,,,,,,7,0,0,7.07071,100,100
234232,,,,,,,,,,,,,,,,,,,,,,,83884,,,,,,
234445,,,,,,,,,,,,,,,,,,,,,,83772,,,,,,,
234734,,,,,,,,,,,,,,,,,,,,,,,84064,,,,,,
234945,,,,,,,,,,,,,,,,,,,,,,83951,,,,,,,
234991,52600,53600,52500,51500,52100,70000,1.2e+06,1.2e+06,1.2e+06,1.2e+06,1.596e+06,1.596e+06,,4886666.699,,,,,,,,,,0,0,1,13,100,100
235237,,,,,,,,,,,,,,,,,,,,,,,84244,,,,,,
235446,,,,,,,,,,,,,,,,,,,,,,84130,,,,,,,
235736,,,,,,,,,,,,,,,,,,,,,,,84423,,,,,,
235947,,,,,,,,,,,,,,,,,,,,,,84309,,,,,,,
235991,52600,53600,52300,51500,52300,70000,1.2e+06,1.2e+06,1.2e+06,1.2e+06,1.596e+06,1.596e+06,,4886674.692,,,,,,,,,,1.9802,0,0,15,100,100
236239,,,,,,,,,,,,,,,,,,,,,,,84603,,,,,,
236447,,,,,,,,,,,,,,,,,,,,,,84488,,,,,,,
236741,,,,,,,,,,,,,,,,,,,,,,,84783,,,,,,
236948,,,,,,,,,,,,,,,,,,,,,,84667,,,,,,,
236990,52800,54000,52300,51700,52500,70000,1.2e+06,1.2e+06,1.2e+06,1.2e+06,1.596e+06,1.596e+06,,4886682.612,,,,,,,,,,1.9802,1,5.05051,7,100,100
237240,,,,,,,,,,,,,,,,,,,,,,,84962,,,,,,
237448,,,,,,,,,,,,,,,,,,,,,,84846,,,,,,,
237742,,,,,,,,,,,,,,,,,,,,,,,85142,,,,,,
237949,,,,,,,,,,,,,,,,,,,,,,85025,,,,,,,
237991,52600,53800,52300,51300,52300,70000,1.2e+06,1.2e+06,1.2e+06,1.2e+06,1.596e+06,1.596e+06,,4886690.583,,,,,,,,,,1.0101,1.9802,6,7,100,100
238244,,,,,,,,,,,,,,,,,,,,,,,85322,,,,,,
238450,,,,,,,,,,,,,,,,,,,,,,85204,,,,,,,
238747,,,,,,,,,,,,,,,,,,,,,,,85502,,,,,,
238950,,,,,,,,,,,,,,,,,,,,,,85383,,,,,,,
238991,52600,54000,52300,51900,52300,70000,1.2e+06,1.2e+06,1.2e+06,1.2e+06,1.596e+06,1.596e+06,,4886698.489,,,,,,,,,,0,0,12,1.96078,100,100
239246,,,,,,,,,,,,,,,,,,,,,,,85681,,,,,,
239451,,,,,,,,,,,,,,,,,,,,,,85562,,,,,,,
239748,,,,,,,,,,,,,,,,,,,,,,,85861,,,,,,
239951,,,,,,,,,,,,,,,,,,,,,,85741,,,,,,,
239991,52800,53800,52300,51900,52300,70000,1.2e+06,1.2e+06,1.2e+06,1.2e+06,1.596e+06,1.596e+06,,4886706.483,,,,,,,,,,1,1,12,0,100,100
240251,,,,,,,,,,,,,,,,,,,,,,,86041,,,,,,
240452,,,,,,,,,,,,,,,,,,,,,,85920,,,,,,,
240750,,,,,,,,,,,,,,,,,,,,,,,86220,,,,,,
240953,,,,,,,,,,,,,,,,,,,,,,86099,,,,,,,
240991,52600,54000,52300,51700,52300,70000,1.2e+06,1.2e+06,1.2e+06,1.2e+06,1.596e+06,1.596e+06,,4886714.458,,,,,,,,,,2,1.0101,12.1212,2,100,100
241252,,,,,,,,,,,,,,,,,,,,,,,86400,,,,,,
241453,,,,,,,,,,,,,,,,,,,,,,86278,,,,,,,
241755,,,,,,,,,,,,,,,,,,,,,,,86580,,,,,,
241954,,,,,,,,,,,,,,,,,,,,,,86457,,,,,,,
241990,52600,53800,52300,51900,52100,70000,1.2e+06,1.2e+06,1.2e+06,1.2e+06,1.596e+06,1.596e+06,24.933,4886722.358,,,,,,,,,,2,3.0303,3.0303,6.06061,100,100
242254,,,,,,,,,,,,,,,,,,,,,,,86759,,,,,,
242454,,,,,,,,,,,,,,,,,,,,,,86636,,,,,,,
242756,,,,,,,,,,,,,,,,,,,,,,,86939,,,,,,
242955,,,,,,,,,,,,,,,,,,,,,,86815,,,,,,,
242991,52600,54000,52300,51700,52300,70000,1.2e+06,1.2e+06,1.2e+06,1.2e+06,1.596e+06,1.596e+06,,4886730.449,,,,,,,,,,1,7,3,6,100,100
243259,,,,,,,,,,,,,,,,,,,,,,,87119,,,,,,
243456,,,,,,,,,,,,,,,,,,,,,,86994,,,,,,,
243758,,,,,,,,,,,,,,,,,,,,,,,87298,,,,,,
243956,,,,,,,,,,,,,,,,,,,,,,87173,,,,,,,
243991,52600,53800,52300,51700,52100,70000,1.2e+06,1.2e+06,1.2e+06,1.2e+06,1.596e+06,1.596e+06,,4886738.385,,,,,,,,,,6,0.990099,0,6.06061,100,100
244260,,,,,,,,,,,,,,,,,,,,,,,87478,,,,,,
244457,,,,,,,,,,,,,,,,,,,,,,87352,,,,,,,
244763,,,,,,,,,,,,,,,,,,,,,,,87658,,,,,,
244957,,,,,,,,,,,,,,,,,,,,,,87531,,,,,,,
244991,52600,53800,52500,51700,52500,70000,1.2e+06,1.2e+06,1.2e+06,1.2e+06,1.596e+06,1.596e+06,,4886746.367,,,,,,,,,,8.08081,0,5.94059,1,100,100
245262,,,,,,,,,,,,,,,,,,,,,,,87837,,,,,,
245458,,,,,,,,,,,,,,,,,,,,,,87710,,,,,,,
245764,,,,,,,,,,,,,,,,,,,,,,,88017,,,,,,
245959,,,,,,,,,,,,,,,,,,,,,,87889,,,,,,,
245991,52600,54200,52300,51900,52500,70000,1.2e+06,1.2e+06,1.2e+06,1.2e+06,1.596e+06,1.596e+06,,4886754.274,,,,,,,,,,12,2,0,1,100,100
246266,,,,,,,,,,,,,,,,,,,,,,,88197,,,,,,
246459,,,,,,,,,,,,,,,,,,,,,,88068,,,,,,,
246769,,,,,,,,,,,,,,,,,,,,,,,88377,,,,,,
246960,,,,,,,,,,,,,,,,,,,,,,88247,,,,,,,
246990,52600,53800,52300,51700,52500,70000,1.2e+06,1.2e+06,1.2e+06,1.2e+06,1.596e+06,1.596e+06,,4886762.279,,,,,,,,,,1.0101,1,7,7,100,100
247268,,,,,,,,,,,,,,,,,,,,,,,88556,,,,,,
247460,,,,,,,,,,,,,,,,,,,,,,88426,,,,,,,
247770,,,,,,,,,,,,,,,,,,,,,,,88736,,,,,,
247961,,,,,,,,,,,,,,,,,,,,,,88605,,,,,,,
247991,53000,54000,52500,51900,52500,70000,1.2e+06,1.2e+06,1.2e+06,1.2e+06,1.596e+06,1.596e+06,,4886770.235,,,,,,,,,,2,1,5.05051,5.05051,100,100
248273,,,,,,,,,,,,,,,,,,,,,,,88916,,,,,,
248461,,,,,,,,,,,,,,,,,,,,,,88784,,,,,,,
248772,,,,,,,,,,,,,,,,,,,,,,,89095,,,,,,
248962,,,,,,,,,,,,,,,,,,,,,,88963,,,,,,,
248991,52600,54000,52300,51900,52300,70000,1.2e+06,1.2e+06,1.2e+06,1.2e+06,1.596e+06,1.596e+06,,4886778.243,,,,,,,,,,1.9802,0,15.534,0,100,100
249274,,,,,,,,,,,,,,,,,,,,,,,89275,,,,,,
249463,,,,,,,,,,,,,,,,,,,,,,89142,,,,,,,
249777,,,,,,,,,,,,,,,,,,,,,,,89455,,,,,,
249963,,,,,,,,,,,,,,,,,,,,,,89321,,,,,,,
249990,52800,54000,52500,51700,52300,70000,1.2e+06,1.2e+06,1.2e+06,1.2e+06,1.596e+06,1.596e+06,,4886786.169,,,,,,,,,,0,1,13.1313,1,100,100
250276,,,,,,,,,,,,,,,,,,,,,,,89634,,,,,,
250464,,,,,,,,,,,,,,,,,,,,,,89500,,,,,,,
250778,,,,,,,,,,,,,,,,,,,,,,,89814,,,,,,
250964,,,,,,,,,,,,,,,,,,,,,,89679,,,,,,,
250990,52800,54000,52300,51900,52600,70000,1.2e+06,1.2e+06,1.2e+06,1.2e+06,1.596e+06,1.596e+06,,4886794.172,,,,,,,,,,1.9802,1,5.10204,6,100,100
251281,,,,,,,,,,,,,,,,,,,,,,,89994,,,,,,
251465,,,,,,,,,,,,,,,,,,,,,,89858,,,,,,,
251780,,,,,,,,,,,,,,,,,,,,,,,90173,,,,,,
251966,,,,,,,,,,,,,,,,,,,,,,90037,,,,,,,
251991,53000,54200,52500,51900,52300,70000,1.2e+06,1.2e+06,1.2e+06,1.2e+06,1.596e+06,1.596e+06,24.943,4886802.065,,,,,,,,,,1,0,6.93069,5.10204,100,100
252282,,,,,,,,,,,,,,,,,,,,,,,90353,,,,,,
252466,,,,,,,,,,,,,,,,,,,,,,90216,,,,,,,
252785,,,,,,,,,,,,,,,,,,,,,,,90533,,,,,,
252967,,,,,,,,,,,,,,,,,,,,,,90395,,,,,,,
252991,52600,54000,52300,51900,52500,70000,1.2e+06,1.2e+06,1.2e+06,1.2e+06,1.596e+06,1.596e+06,,4886810.022,,,,,,,,,,2,7.07071,0,6,100,100
253284,,,,,,,,,,,,,,,,,,,,,,,90712,,,,,,
253468,,,,,,,,,,,,,,,,,,,,,,90574,,,,,,,
253786,,,,,,,,,,,,,,,,,,,,,,,90892,,,,,,
253968,,,,,,,,,,,,,,,,,,,,,,90753,,,,,,,
253990,52600,54200,52500,51500,52500,70000,1.2e+06,1.2e+06,1.2e+06,1.2e+06,1.596e+06,1.596e+06,,4886817.939,,,,,,,,,,0,6.93069,5.05051,5,100,100
254289,,,,,,,,,,,,,,,,,,,,,,,91072,,,,,,
254469,,,,,,,,,,,,,,,,,,,,,,90932,,,,,,,
254788,,,,,,,,,,,,,,,,,,,,,,,91251,,,,,,
254969,,,,,,,,,,,,,,,,,,,,,,91111,,,,,,,
254990,52600,54000,52300,51900,52500,70000,1.2e+06,1.2e+06,1.2e+06,1.2e+06,1.596e+06,1.596e+06,,4886825.909,,,,,,,,,,1,0,8,7,100,100
255290,,,,,,,,,,,,,,,,,,,,,,,91431,,,,,,
255470,,,,,,,,,,,,,,,,,,,,,,91290,,,,,,,
255792,,,,,,,,,,,,,,,,,,,,,,,91611,,,,,,
255970,,,,,,,,,,,,,,,,,,,,,,91469,,,,,,,
255990,52600,53800,52300,51900,52300,70000,1.2e+06,1.2e+06,1.2e+06,1.2e+06,1.596e+06,1.596e+06,,4886833.793,,,,,,,,,,1.0101,5.05051,0,5,100,100
256292,,,,,,,,,,,,,,,,,,,,,,,91790,,,,,,
256471,,,,,,,,,,,,,,,,,,,,,,91648,,,,,,,
256794,,,,,,,,,,,,,,,,,,,,,,,91970,,,,,,
256971,,,,,,,,,,,,,,,,,,,,,,91827,,,,,,,
256991,52600,54200,52300,51900,52500,70000,1.2e+06,1.2e+06,1.2e+06,1.2e+06,1.596e+06,1.596e+06,,4886841.765,,,,,,,,,,1.0101,0,1,11.1111,100,100
257294,,,,,,,,,,,,,,,,,,,,,,,92149,,,,,,
257472,,,,,,,,,,,,,,,,,,,,,,92006,,,,,,,
257796,,,,,,,,,,,,,,,,,,,,,,,92329,,,,,,
257973,,,,,,,,,,,,,,,,,,,,,,92185,,,,,,,
257991,52600,54000,52500,51700,52300,70000,1.2e+06,1.2e+06,1.2e+06,1.2e+06,1.596e+06,1.596e+06,,4886849.769,,,,,,,,,,2,0,0,10,100,100
258299,,,,,,,,,,,,,,,,,,,,,,,92509,,,,,,
258473,,,,,,,,,,,,,,,,,,,,,,92364,,,,,,,
258798,,,,,,,,,,,,,,,,,,,,,,,92688,,,,,,
258974,,,,,,,,,,,,,,,,,,,,,,92543,,,,,,,
258991,52800,54000,52300,51500,52300,70000,1.2e+06,1.2e+06,1.2e+06,1.2e+06,1.596e+06,1.596e+06,,4886857.773,,,,,,,,,,1.0101,0,0,12,100,100
259300,,,,,,,,,,,,,,,,,,,,,,,92868,,,,,,
259474,,,,,,,,,,,,,,,,,,,,,,92722,,,,,,,
259803,,,,,,,,,,,,,,,,,,,,,,,93048,,,,,,
259975,,,,,,,,,,,,,,,,,,,,,,92901,,,,,,,
259991,52600,54000,52300,51900,52500,70000,1.2e+06,1.2e+06,1.2e+06,1.2e+06,1.596e+06,1.596e+06,,4886865.772,,,,,,,,,,2.9703,0,0,10.101,100,100
260302,,,,,,,,,,,,,,,,,,,,,,,93227,,,,,,
260476,,,,,,,,,,,,,,,,,,,,,,93080,,,,,,,
260804,,,,,,,,,,,,,,,,,,,,,,,93407,,,,,,
260976,,,,,,,,,,,,,,,,,,,,,,93259,,,,,,,
260990,52600,54000,52300,51900,52100,70000,1.2e+06,1.2e+06,1.2e+06,1.2e+06,1.596e+06,1.596e+06,,4886873.760,,,,,,,,,,1.0101,0,0,11,100,100
261304,,,,,,,,,,,,,,,,,,,,,,,93586,,,,,,
261477,,,,,,,,,,,,,,,,,,,,,,93438,,,,,,,
261806,,,,,,,,,,,,,,,,,,,,,,,93766,,,,,,
261977,,,,,,,,,,,,,,,,,,,,,,93617,,,,,,,
261991,52600,53800,52300,51700,52300,70000,1.2e+06,1.2e+06,1.2e+06,1.2e+06,1.596e+06,1.596e+06,24.933,4886881.679,,,,,,,,,,0,0,1.9802,12.2449,100,100
262308,,,,,,,,,,,,,,,,,,,,,,,93946,,,,,,
262478,,,,,,,,,,,,,,,,,,,,,,93796,,,,,,,
262811,,,,,,,,,,,,,,,,,,,,,,,94126,,,,,,
262978,,,,,,,,,,,,,,,,,,,,,,93975,,,,,,,
262991,52600,53800,52100,51700,52300,70000,1.2e+06,1.2e+06,1.2e+06,1.2e+06,1.596e+06,1.596e+06,,4886889.673,,,,,,,,,,1.9802,0,2.0202,11.1111,100,100
263310,,,,,,,,,,,,,,,,,,,,,,,94305,,,,,,
263479,,,,,,,,,,,,,,,,,,,,,,94154,,,,,,,
263813,,,,,,,,,,,,,,,,,,,,,,,94485,,,,,,
263980,,,,,,,,,,,,,,,,,,,,,,94333,,,,,,,
263991,52600,53800,52300,51700,52100,70000,1.2e+06,1.2e+06,1.2e+06,1.2e+06,1.596e+06,1.596e+06,,4886897.673,,,,,,,,,,4.0404,1,1.02041,7,100,100
264312,,,,,,,,,,,,,,,,,,,,,,,94664,,,,,,
264480,,,,,,,,,,,,,,,,,,,,,,94512,,,,,,,
264814,,,,,,,,,,,,,,,,,,,,,,,94844,,,,,,
264981,,,,,,,,,,,,,,,,,,,,,,94691,,,,,,,
264991,52600,54000,52300,51700,52100,70000,1.2e+06,1.2e+06,1.2e+06,1.2e+06,1.596e+06,1.596e+06,,4886905.612,,,,,,,,,,4,1.96078,1,7.07071,100,100
265317,,,,,,,,,,,,,,,,,,,,,,,95024,,,,,,
265482,,,,,,,,,,,,,,,,,,,,,,94870,,,,,,,
265816,,,,,,,,,,,,,,,,,,,,,,,95203,,,,,,
265982,,,,,,,,,,,,,,,,,,,,,,95049,,,,,,,
265991,53000,54000,52300,51900,52500,70000,1.2e+06,1.2e+06,1.2e+06,1.2e+06,1.596e+06,1.596e+06,,4886913.677,,,,,,,,,,2.0202,0,0,10,100,100
266318,,,,,,,,,,,,,,,,,,,,,,,95383,,,,,,
266483,,,,,,,,,,,,,,,,,,,,,,95228,,,,,,,
266820,,,,,,,,,,,,,,,,,,,,,,,95563,,,,,,
266983,,,,,,,,,,,,,,,,,,,,,,95407,,,,,,,
266990,52500,54000,52300,51900,52300,70000,1.2e+06,1.2e+06,1.2e+06,1.2e+06,1.596e+06,1.596e+06,,4886919.603,,,,,,,,,,7.92079,0,2.94118,5.10204,100,100
267323,,,,,,,,,,,,,,,,,,,,,,,95743,,,,,,
267484,,,,,,,,,,,,,,,,,,,,,,95586,,,,,,,
267822,,,,,,,,,,,,,,,,,,,,,,,95922,,,,,,
267984,,,,,,,,,,,,,,,,,,,,,,95765,,,,,,,
267991,52600,54000,52500,52100,52300,70000,1.2e+06,1.2e+06,1.2e+06,1.2e+06,1.596e+06,1.596e+06,,4886927.611,,,,,,,,,,5,1,0,5.10204,100,100
268324,,,,,,,,,,,,,,,,,,,,,,,96102,,,,,,
268485,,,,,,,,,,,,,,,,,,,,,,95944,,,,,,,
268826,,,,,,,,,,,,,,,,,,,,,,,96282,,,,,,
268986,,,,,,,,,,,,,,,,,,,,,,96123,,,,,,,
268991,52600,54000,52500,51900,52500,70000,1.2e+06,1.2e+06,1.2e+06,1.2e+06,1.596e+06,1.596e+06,,4886935.589,,,,,,,,,,1,0,0,13.1313,100,100
269329,,,,,,,,,,,,,,,,,,,,,,,96462,,,,,,
269486,,,,,,,,,,,,,,,,,,,,,,96302,,,,,,,
269828,,,,,,,,,,,,,,,,,,,,,,,96641,,,,,,
269987,,,,,,,,,,,,,,,,,,,,,,96481,,,,,,,
269991,53000,54400,52600,51900,52600,70000,1.2e+06,1.2e+06,1.2e+06,1.2e+06,1.596e+06,1.596e+06,,4886943.594,,,,,,,,,,0,0,0,12,100,100
270330,,,,,,,,,,,,,,,,,,,,,,,96821,,,,,,
270487,,,,,,,,,,,,,,,,,,,,,,96660,,,,,,,
270833,,,,,,,,,,,,,,,,,,,,,,,97001,,,,,,
270987,,,,,,,,,,,,,,,,,,,,,,96839,,,,,,,
270991,52800,54200,52300,51900,52300,70000,1.2e+06,1.2e+06,1.2e+06,1.2e+06,1.596e+06,1.596e+06,,4886951.603,,,,,,,,,,1,0,0,13.8614,100,100
271332,,,,,,,,,,,,,,,,,,,,,,,97180,,,,,,
271488,,,,,,,,,,,,,,,,,,,,,,97018,,,,,,,
271834,,,,,,,,,,,,,,,,,,,,,,,97360,,,,,,
271989,,,,,,,,,,,,,,,,,,,,,,97197,,,,,,,
271991,53000,54200,52500,52100,52600,70000,1.2e+06,1.2e+06,1.2e+06,1.2e+06,1.596e+06,1.596e+06,24.933,4886959.573,,,,,,,,,,1.0101,2.9703,0,13,100,100
272334,,,,,,,,,,,,,,,,,,,,,,,97539,,,,,,
272490,,,,,,,,,,,,,,,,,,,,,,97376,,,,,,,
272836,,,,,,,,,,,,,,,,,,,,,,,97719,,,,,,
272990,,,,,,,,,,,,,,,,,,,,,,97555,,,,,,,
272991,52600,54200,52300,52100,52300,70000,1.2e+06,1.2e+06,1.2e+06,1.2e+06,1.596e+06,1.596e+06,,4886967.542,,,,,,,,,,1,0,0.990099,12.1212,100,100
273338,,,,,,,,,,,,,,,,,,,,,,,97899,,,,,,
273491,,,,,,,,,,,,,,,,,,,,,,97734,,,,,,,
273840,,,,,,,,,,,,,,,,,,,,,,,98079,,,,,,
273991,52600,54000,52600,52300,52500,70000,1.2e+06,1.2e+06,1.2e+06,1.2e+06,1.596e+06,1.596e+06,,4886975.515,,,,,,,,,,7.92079,0,0,5.05051,100,100
273992,,,,,,,,,,,,,,,,,,,,,,97913,,,,,,,
274343,,,,,,,,,,,,,,,,,,,,,,,98259,,,,,,
274492,,,,,,,,,,,,,,,,,,,,,,98092,,,,,,,
274842,,,,,,,,,,,,,,,,,,,,,,,98438,,,,,,
274990,52600,54000,52300,51900,52500,70000,1.2e+06,1.2e+06,1.2e+06,1.2e+06,1.596e+06,1.596e+06,,4886983.390,,,,,,,,,,6.06061,0,0,7.92079,100,100
274992,,,,,,,,,,,,,,,,,,,,,,98271,,,,,,,
275344,,,,,,,,,,,,,,,,,,,,,,,98618,,,,,,
275493,,,,,,,,,,,,,,,,,,,,,,98450,,,,,,,
275847,,,,,,,,,,,,,,,,,,,,,,,98798,,,,,,
275991,53000,54000,52500,52100,52300,70000,1.2e+06,1.2e+06,1.2e+06,1.2e+06,1.596e+06,1.596e+06,,4886991.352,,,,,,,,,,1.0101,0,0,14.8515,100,100
275994,,,,,,,,,,,,,,,,,,,,,,98629,,,,,,,
276346,,,,,,,,,,,,,,,,,,,,,,,98977,,,,,,
276494,,,,,,,,,,,,,,,,,,,,,,98808,,,,,,,
276848,,,,,,,,,,,,,,,,,,,,,,,99157,,,,,,
276991,52600,54000,52500,51500,52500,70000,1.2e+06,1.2e+06,1.2e+06,1.2e+06,1.596e+06,1.596e+06,,4886999.269,,,,,,,,,,1,0,1,13.1313,100,100
276995,,,,,,,,,,,,,,,,,,,,,,98987,,,,,,,
277348,,,,,,,,,,,,,,,,,,,,,,,99336,,,,,,
277495,,,,,,,,,,,,,,,,,,,,,,99166,,,,,,,
277850,,,,,,,,,,,,,,,,,,,,,,,99516,,,,,,
277991,52600,54000,52300,51700,52300,70000,1.2e+06,1.2e+06,1.2e+06,1.2e+06,1.596e+06,1.596e+06,,4887007.274,,,,,,,,,,6.93069,0,6.06061,4.90196,100,100
277996,,,,,,,,,,,,,,,,,,,,,,99345,,,,,,,
278352,,,,,,,,,,,,,,,,,,,,,,,99696,,,,,,
278496,,,,,,,,,,,,,,,,,,,,,,99524,,,,,,,
278855,,,,,,,,,,,,,,,,,,,,,,,99876,,,,,,
278991,53000,54000,52500,51900,52300,70000,1.2e+06,1.2e+06,1.2e+06,1.2e+06,1.596e+06,1.596e+06,,4887015.202,,,,,,,,,,7.07071,0,5.05051,2.94118,100,100
278997,,,,,,,,,,,,,,,,,,,,,,99703,,,,,,,
279354,,,,,,,,,,,,,,,,,,,,,,,100055,,,,,,
279498,,,,,,,,,,,,,,,,,,,,,,99882,,,,,,,
279856,,,,,,,,,,,,,,,,,,,,,,,100235,,,,,,
279991,52600,54000,52500,51700,52500,70000,1.2e+06,1.2e+06,1.2e+06,1.2e+06,1.596e+06,1.596e+06,,4887023.147,,,,,,,,,,7,0,0,8,100,100
279998,,,,,,,,,,,,,,,,,,,,,,100061,,,,,,,
280356,,,,,,,,,,,,,,,,,,,,,,,100414,,,,,,
280499,,,,,,,,,,,,,,,,,,,,,,100240,,,,,,,
280858,,,,,,,,,,,,,,,,,,,,,,,100594,,,,,,
280991,52600,54000,52300,51700,52300,70000,1.2e+06,1.2e+06,1.2e+06,1.2e+06,1.596e+06,1.596e+06,,4887031.147,,,,,,,,,,1.0101,1,6,7.07071,100,100
280999,,,,,,,,,,,,,,,,,,,,,,100419,,,,,,,
281361,,,,,,,,,,,,,,,,,,,,,,,100774,,,,,,
281500,,,,,,,,,,,,,,,,,,,,,,100598,,,,,,,
281860,,,,,,,,,,,,,,,,,,,,,,,100953,,,,,,
281991,52500,53800,52300,51900,52300,70000,1.2e+06,1.2e+06,1.2e+06,1.2e+06,1.596e+06,1.596e+06,24.933,4887039.056,,,,,,,,,,1.0101,0,6,8,100,100
282000,,,,,,,,,,,,,,,,,,,,,,100777,,,,,,,
282362,,,,,,,,,,,,,,,,,,,,,,,101133,,,,,,
282501,,,,,,,,,,,,,,,,,,,,,,100956,,,,,,,
282865,,,,,,,,,,,,,,,,,,,,,,,101313,,,,,,
282991,52600,54000,52300,51900,52300,70000,1.2e+06,1.2e+06,1.2e+06,1.2e+06,1.596e+06,1.596e+06,,4887047.072,,,,,,,,,,1,7,6.93069,0,100,100
283001,,,,,,,,,,,,,,,,,,,,,,101135,,,,,,,
283364,,,,,,,,,,,,,,,,,,,,,,,101492,,,,,,
283502,,,,,,,,,,,,,,,,,,,,,,101314,,,,,,,
283866,,,,,,,,,,,,,,,,,,,,,,,101672,,,,,,
283991,52600,54200,52300,51900,52500,70000,1.2e+06,1.2e+06,1.2e+06,1.2e+06,1.596e+06,1.596e+06,,4887054.943,,,,,,,,,,1,2.9703,2,12.8713,100,100
284002,,,,,,,,,,,,,,,,,,,,,,101493,,,,,,,
284368,,,,,,,,,,,,,,,,,,,,,,,101852,,,,,,
284503,,,,,,,,,,,,,,,,,,,,,,101672,,,,,,,
284871,,,,,,,,,,,,,,,,,,,,,,,102032,,,,,,
284990,52600,54000,52600,51700,52500,70000,1.2e+06,1.2e+06,1.2e+06,1.2e+06,1.596e+06,1.596e+06,,4887062.906,,,,,,,,,,2,1,0,11.1111,100,100
285004,,,,,,,,,,,,,,,,,,,,,,101851,,,,,,,
285370,,,,,,,,,,,,,,,,,,,,,,,102211,,,,,,
285504,,,,,,,,,,,,,,,,,,,,,,102030,,,,,,,
285873,,,,,,,,,,,,,,,,,,,,,,,102391,,,,,,
285991,52800,54200,52300,52100,52500,70000,1.2e+06,1.2e+06,1.2e+06,1.2e+06,1.596e+06,1.596e+06,,4887070.908,,,,,,,,,,7.07071,0.990099,5,5,100,100
286005,,,,,,,,,,,,,,,,,,,,,,102209,,,,,,,
286372,,,,,,,,,,,,,,,,,,,,,,,102570,,,,,,
286506,,,,,,,,,,,,,,,,,,,,,,102388,,,,,,,
286874,,,,,,,,,,,,,,,,,,,,,,,102750,,,,,,
286991,52600,54200,52600,52100,52300,70000,1.2e+06,1.2e+06,1.2e+06,1.2e+06,1.596e+06,1.596e+06,,4887078.813,,,,,,,,,,1,0,3,10,100,100
287006,,,,,,,,,,,,,,,,,,,,,,102567,,,,,,,
287376,,,,,,,,,,,,,,,,,,,,,,,102930,,,,,,
287507,,,,,,,,,,,,,,,,,,,,,,102746,,,,,,,
287878,,,,,,,,,,,,,,,,,,,,,,,103110,,,,,,
287991,52600,53800,52300,51700,52100,70000,1.2e+06,1.2e+06,1.2e+06,1.2e+06,1.596e+06,1.596e+06,,4887086.837,,,,,,,,,,2,4.0404,1,8,100,100
288007,,,,,,,,,,,,,,,,,,,,,,102925,,,,,,,
288381,,,,,,,,,,,,,,,,,,,,,,,103290,,,,,,
288508,,,,,,,,,,,,,,,,,,,,,,103104,,,,,,,
288880,,,,,,,,,,,,,,,,,,,,,,,103469,,,,,,
288991,52600,54000,52300,51900,52300,70000,1.2e+06,1.2e+06,1.2e+06,1.2e+06,1.596e+06,1.596e+06,,4887094.792,,,,,,,,,,6,1.9802,7,1,100,100
289008,,,,,,,,,,,,,,,,,,,,,,103283,,,,,,,
289382,,,,,,,,,,,,,,,,,,,,,,,103649,,,,,,
289509,,,,,,,,,,,,,,,,,,,,,,103462,,,,,,,
289885,,,,,,,,,,,,,,,,,,,,,,,103829,,,,,,
289990,52600,54200,52300,51900,52500,70000,1.2e+06,1.2e+06,1.2e+06,1.2e+06,1.596e+06,1.596e+06,,4887102.805,,,,,,,,,,6.93069,3.0303,2.0202,3.06122,100,100
290010,,,,,,,,,,,,,,,,,,,,,,103641,,,,,,,
290384,,,,,,,,,,,,,,,,,,,,,,,104008,,,,,,
290510,,,,,,,,,,,,,,,,,,,,,,103820,,,,,,,
290886,,,,,,,,,,,,,,,,,,,,,,,104188,,,,,,
290991,52600,54000,52500,51900,52300,70000,1.2e+06,1.2e+06,1.2e+06,1.2e+06,1.596e+06,1.596e+06,,4887110.708,,,,,,,,,,5,0,1.0101,9.80392,100,100
291011,,,,,,,,,,,,,,,,,,,,,,103999,,,,,,,
291389,,,,,,,,,,,,,,,,,,,,,,,104368,,,,,,
291511,,,,,,,,,,,,,,,,,,,,,,104178,,,,,,,
291888,,,,,,,,,,,,,,,,,,,,,,,104547,,,,,,
291991,52800,54000,52300,51900,52500,70000,1.2e+06,1.2e+06,1.2e+06,1.2e+06,1.596e+06,1.596e+06,24.922,4887118.645,,,,,,,,,,1.0101,1,0,14,100,100
292012,,,,,,,,,,,,,,,,,,,,,,104357,,,,,,,
292390,,,,,,,,,,,,,,,,,,,,,,,104727,,,,,,
292513,,,,,,,,,,,,,,,,,,,,,,104536,,,,,,,
292893,,,,,,,,,,,,,,,,,,,,,,,104907,,,,,,
292991,52600,54000,52300,51900,52500,70000,1.2e+06,1.2e+06,1.2e+06,1.2e+06,1.596e+06,1.596e+06,,4887126.549,,,,,,,,,,1,5.94059,0,8,100,100
293013,,,,,,,,,,,,,,,,,,,,,,104715,,,,,,,
293395,,,,,,,,,,,,,,,,,,,,,,,105087,,,,,,
293513,,,,,,,,,,,,,,,,,,,,,,104894,,,,,,,
293894,,,,,,,,,,,,,,,,,,,,,,,105266,,,,,,
293990,52600,53800,52300,51900,52300,70000,1.2e+06,1.2e+06,1.2e+06,1.2e+06,1.596e+06,1.596e+06,,4887134.534,,,,,,,,,,1,0,2.94118,12,100,100
294014,,,,,,,,,,,,,,,,,,,,,,105073,,,,,,,
294396,,,,,,,,,,,,,,,,,,,,,,,105446,,,,,,
294514,,,,,,,,,,,,,,,,,,,,,,105252,,,,,,,
294898,,,,,,,,,,,,,,,,,,,,,,,105626,,,,,,
294991,52600,53800,52500,51900,52300,70000,1.2e+06,1.2e+06,1.2e+06,1.2e+06,1.596e+06,1.596e+06,,4887142.503,,,,,,,,,,1.9802,0,1.0101,11.1111,100,100
295015,,,,,,,,,,,,,,,,,,,,,,105431,,,,,,,
295400,,,,,,,,,,,,,,,,,,,,,,,105806,,,,,,
295516,,,,,,,,,,,,,,,,,,,,,,105610,,,,,,,
295903,,,,,,,,,,,,,,,,,,,,,,,105986,,,,,,
295991,52600,54200,52300,51500,52300,70000,1.2e+06,1.2e+06,1.2e+06,1.2e+06,1.596e+06,1.596e+06,,4887150.413,,,,,,,,,,0,1.0101,1.0101,12.1212,100,100
296016,,,,,,,,,,,,,,,,,,,,,,105789,,,,,,,
296402,,,,,,,,,,,,,,,,,,,,,,,106165,,,,,,
296517,,,,,,,,,,,,,,,,,,,,,,105968,,,,,,,
296904,,,,,,,,,,,,,,,,,,,,,,,106345,,,,,,
296991,52600,54200,52600,51900,52300,70000,1.2e+06,1.2e+06,1.2e+06,1.2e+06,1.596e+06,1.596e+06,,4887158.416,,,,,,,,,,1,0,1.9802,14.8515,100,100
297017,,,,,,,,,,,,,,,,,,,,,,106147,,,,,,,
297407,,,,,,,,,,,,,,,,,,,,,,,106525,,,,,,
297518,,,,,,,,,,,,,,,,,,,,,,106326,,,,,,,
297906,,,,,,,,,,,,,,,,,,,,,,,106704,,,,,,
297990,52800,54200,52600,51900,52300,70000,1.2e+06,1.2e+06,1.2e+06,1.2e+06,1.596e+06,1.596e+06,,4887166.300,,,,,,,,,,1,0,0,12,100,100
298019,,,,,,,,,,,,,,,,,,,,,,106505,,,,,,,
298408,,,,,,,,,,,,,,,,,,,,,,,106884,,,,,,
298519,,,,,,,,,,,,,,,,,,,,,,106684,,,,,,,
298910,,,,,,,,,,,,,,,,,,,,,,,107064,,,,,,
298991,52600,54000,52100,51700,52100,70000,1.2e+06,1.2e+06,1.2e+06,1.2e+06,1.596e+06,1.596e+06,,4887174.312,,,,,,,,,,7,0,6,2.0202,99,100
299020,,,,,,,,,,,,,,,,,,,,,,106863,,,,,,,
299410,,,,,,,,,,,,,,,,,,,,,,,107243,,,,,,
299521,,,,,,,,,,,,,,,,,,,,,,107042,,,,,,,
299912,,,,,,,,,,,,,,,,,,,,,,,107423,,,,,,
299991,52600,54000,52300,51900,52300,70000,1.2e+06,1.2e+06,1.2e+06,1.2e+06,1.596e+06,1.596e+06,,4887182.232,,,,,,,,,,8.91089,0,0.990099,6.93069,100,100
