# Started at: 2022-04-24 16:27:16 +0000, Version: v0.1-177-gf3f14d1, Generated by: thermobench --verbose --time=300 --wait=50 --wait-timeout=60 --sensors_file=/root/thermobench/src/sensors.imx8 --cpu-usage --column=CPU0_work_done --column=CPU1_work_done --column=CPU2_work_done --column=CPU3_work_done --column=CPU4_work_done --column=CPU5_work_done --output=/root/JSA/coefficients_experiment/measurements/imx8b//tblook-4K_A72_all.json.yaml.csv -- demos-sched -p high -c /root/JSA/coefficients_experiment/demos_configurations/imx8//tblook-4K_A72_all.json.yaml
time/ms,CPU_0_temp/m°C,CPU_1_temp/m°C,GPU_0_temp/m°C,GPU_1_temp/m°C,DRC_temp/m°C,PMIC_temp/m°C,Cortex_A53_0_freq/Hz,Cortex_A53_1_freq/Hz,Cortex_A53_2_freq/Hz,Cortex_A53_3_freq/Hz,Cortex_A72_0_freq/Hz,Cortex_A72_1_freq/Hz,ambient,energy,cam_cpu,cam_mem,heat_sources,CPU0_work_done,CPU1_work_done,CPU2_work_done,CPU3_work_done,CPU4_work_done,CPU5_work_done,CPU0_load/%,CPU1_load/%,CPU2_load/%,CPU3_load/%,CPU4_load/%,CPU5_load/%
1.16473,44000,44400,44000,43000,43600,70000,896000,896000,896000,896000,600000,600000,,,,,,,,,,,,0,0,50,0,33.3333,0
148.019,,,,,,,,,,,,,,,,,,,,,,0,0,,,,,,
647.392,,,,,,,,,,,,,,,,,,,,,,,298,,,,,,
648.424,,,,,,,,,,,,,,,,,,,,,,297,,,,,,,
990.819,45000,46600,44800,44000,45200,70000,1.2e+06,1.2e+06,1.2e+06,1.2e+06,1.596e+06,1.596e+06,25.104,4921691.960,,,,,,,,,,5.10204,6,7.07071,0,87.6289,87.8788
1147.4,,,,,,,,,,,,,,,,,,,,,,,597,,,,,,
1148.46,,,,,,,,,,,,,,,,,,,,,,595,,,,,,,
1647.92,,,,,,,,,,,,,,,,,,,,,,,897,,,,,,
1648.87,,,,,,,,,,,,,,,,,,,,,,894,,,,,,,
1991.31,45600,47400,45400,44800,46000,70000,1.2e+06,1.2e+06,1.2e+06,1.2e+06,1.596e+06,1.596e+06,,4921700.462,,,,,,,,,,1,5.10204,1.0101,6,100,100
2148.44,,,,,,,,,,,,,,,,,,,,,,,1197,,,,,,
2149.44,,,,,,,,,,,,,,,,,,,,,,1193,,,,,,,
2648.96,,,,,,,,,,,,,,,,,,,,,,,1497,,,,,,
2649.91,,,,,,,,,,,,,,,,,,,,,,1492,,,,,,,
2991.17,46400,47500,46000,45000,46200,70000,1.2e+06,1.2e+06,1.2e+06,1.2e+06,1.596e+06,1.596e+06,,4921708.942,,,,,,,,,,1.0101,12.8713,0,0,100,100
3149.56,,,,,,,,,,,,,,,,,,,,,,,1797,,,,,,
3150.49,,,,,,,,,,,,,,,,,,,,,,1791,,,,,,,
3649.99,,,,,,,,,,,,,,,,,,,,,,,2097,,,,,,
3650.9,,,,,,,,,,,,,,,,,,,,,,2090,,,,,,,
3991.38,46400,48100,46000,45400,46800,70000,1.2e+06,1.2e+06,1.2e+06,1.2e+06,1.596e+06,1.596e+06,,4921717.363,,,,,,,,,,2.9703,13.7255,1.9802,0,100,100
4150.49,,,,,,,,,,,,,,,,,,,,,,,2397,,,,,,
4151.45,,,,,,,,,,,,,,,,,,,,,,2389,,,,,,,
4650.93,,,,,,,,,,,,,,,,,,,,,,,2697,,,,,,
4651.8,,,,,,,,,,,,,,,,,,,,,,2688,,,,,,,
4990.65,47000,48500,46600,45800,46800,70000,1.2e+06,1.2e+06,1.2e+06,1.2e+06,1.596e+06,1.596e+06,,4921723.763,,,,,,,,,,2,4.0404,10,0,100,100
5151.43,,,,,,,,,,,,,,,,,,,,,,,2997,,,,,,
5152.33,,,,,,,,,,,,,,,,,,,,,,2987,,,,,,,
5651.89,,,,,,,,,,,,,,,,,,,,,,,3297,,,,,,
5652.71,,,,,,,,,,,,,,,,,,,,,,3286,,,,,,,
5991.68,47200,48500,46600,46000,47200,70000,1.2e+06,1.2e+06,1.2e+06,1.2e+06,1.596e+06,1.596e+06,,4921732.276,,,,,,,,,,1,9.09091,5.05051,1,100,100
6152.4,,,,,,,,,,,,,,,,,,,,,,,3597,,,,,,
6153.29,,,,,,,,,,,,,,,,,,,,,,3585,,,,,,,
6652.83,,,,,,,,,,,,,,,,,,,,,,,3897,,,,,,
6653.66,,,,,,,,,,,,,,,,,,,,,,3884,,,,,,,
6991.51,47200,48900,47000,46200,47500,70000,1.2e+06,1.2e+06,1.2e+06,1.2e+06,1.596e+06,1.596e+06,,4921740.716,,,,,,,,,,1.0101,0,13.7255,0,100,100
7153.39,,,,,,,,,,,,,,,,,,,,,,,4197,,,,,,
7154.24,,,,,,,,,,,,,,,,,,,,,,4183,,,,,,,
7653.97,,,,,,,,,,,,,,,,,,,,,,,4497,,,,,,
7654.72,,,,,,,,,,,,,,,,,,,,,,4482,,,,,,,
7991.43,47700,49300,47400,46800,47900,70000,1.2e+06,1.2e+06,1.2e+06,1.2e+06,1.596e+06,1.596e+06,,4921749.249,,,,,,,,,,0,4.9505,5.10204,3.0303,100,100
8154.47,,,,,,,,,,,,,,,,,,,,,,,4797,,,,,,
8155.22,,,,,,,,,,,,,,,,,,,,,,4781,,,,,,,
8654.91,,,,,,,,,,,,,,,,,,,,,,,5097,,,,,,
8655.63,,,,,,,,,,,,,,,,,,,,,,5080,,,,,,,
8991.44,47900,49500,47500,46800,48100,70000,1.2e+06,1.2e+06,1.2e+06,1.2e+06,1.596e+06,1.596e+06,,4921757.655,,,,,,,,,,1.0101,4.0404,6,4.9505,100,100
9155.65,,,,,,,,,,,,,,,,,,,,,,,5397,,,,,,
9156.49,,,,,,,,,,,,,,,,,,,,,,5379,,,,,,,
9656.13,,,,,,,,,,,,,,,,,,,,,,,5697,,,,,,
9656.91,,,,,,,,,,,,,,,,,,,,,,5678,,,,,,,
9990.84,48300,49900,47700,47200,48300,70000,1.2e+06,1.2e+06,1.2e+06,1.2e+06,1.596e+06,1.596e+06,,4921766.065,,,,,,,,,,1.9802,11.8812,1,7.84314,100,100
10156.7,,,,,,,,,,,,,,,,,,,,,,,5997,,,,,,
10157.5,,,,,,,,,,,,,,,,,,,,,,5977,,,,,,,
10657.2,,,,,,,,,,,,,,,,,,,,,,,6297,,,,,,
10658,,,,,,,,,,,,,,,,,,,,,,6276,,,,,,,
10991,48500,49900,47900,47400,48300,70000,1.2e+06,1.2e+06,1.2e+06,1.2e+06,1.596e+06,1.596e+06,25.083,4921774.584,,,,,,,,,,6.06061,8,0,0,100,100
11157.3,,,,,,,,,,,,,,,,,,,,,,6574,,,,,,,
11157.7,,,,,,,,,,,,,,,,,,,,,,,6597,,,,,,
11658,,,,,,,,,,,,,,,,,,,,,,6873,,,,,,,
11658.4,,,,,,,,,,,,,,,,,,,,,,,6897,,,,,,
11990.8,48700,50100,48100,47500,48700,70000,1.2e+06,1.2e+06,1.2e+06,1.2e+06,1.596e+06,1.596e+06,,4921783.139,,,,,,,,,,8.82353,0.990099,5,3,100,100
12158.7,,,,,,,,,,,,,,,,,,,,,,7172,,,,,,,
12158.9,,,,,,,,,,,,,,,,,,,,,,,7197,,,,,,
12659.2,,,,,,,,,,,,,,,,,,,,,,7471,,,,,,,
12659.4,,,,,,,,,,,,,,,,,,,,,,,7497,,,,,,
12991,48700,50300,48300,47500,48300,70000,1.2e+06,1.2e+06,1.2e+06,1.2e+06,1.596e+06,1.596e+06,,4921791.570,,,,,,,,,,2,5.05051,6,0,100,100
13159.8,,,,,,,,,,,,,,,,,,,,,,7770,,,,,,,
13159.9,,,,,,,,,,,,,,,,,,,,,,,7797,,,,,,
13660.3,,,,,,,,,,,,,,,,,,,,,,8069,,,,,,,
13660.4,,,,,,,,,,,,,,,,,,,,,,,8097,,,,,,
13991.2,49100,50700,48700,47900,49100,70000,1.2e+06,1.2e+06,1.2e+06,1.2e+06,1.596e+06,1.596e+06,,4921800.007,,,,,,,,,,6.06061,2,0,8,100,100
14160.9,,,,,,,,,,,,,,,,,,,,,,,8397,,,,,,
14160.9,,,,,,,,,,,,,,,,,,,,,,8368,,,,,,,
14661.4,,,,,,,,,,,,,,,,,,,,,,,8697,,,,,,
14661.4,,,,,,,,,,,,,,,,,,,,,,8667,,,,,,,
14991.3,49100,50500,48500,47900,49100,70000,1.2e+06,1.2e+06,1.2e+06,1.2e+06,1.596e+06,1.596e+06,,4921808.544,,,,,,,,,,5.05051,2,1.9802,8.16327,100,100
15161.9,,,,,,,,,,,,,,,,,,,,,,,8997,,,,,,
15161.9,,,,,,,,,,,,,,,,,,,,,,8966,,,,,,,
15662.3,,,,,,,,,,,,,,,,,,,,,,,9297,,,,,,
15662.4,,,,,,,,,,,,,,,,,,,,,,9265,,,,,,,
15991.4,49500,50700,48900,48300,49100,70000,1.2e+06,1.2e+06,1.2e+06,1.2e+06,1.596e+06,1.596e+06,,4921817.100,,,,,,,,,,3,1,0,12,100,100
16162.9,,,,,,,,,,,,,,,,,,,,,,,9597,,,,,,
16163.1,,,,,,,,,,,,,,,,,,,,,,9564,,,,,,,
16663.5,,,,,,,,,,,,,,,,,,,,,,,9897,,,,,,
16663.6,,,,,,,,,,,,,,,,,,,,,,9863,,,,,,,
16991.5,49500,51100,48900,48300,49500,70000,1.2e+06,1.2e+06,1.2e+06,1.2e+06,1.596e+06,1.596e+06,,4921825.513,,,,,,,,,,1,1.0101,0,13.7255,100,100
17164.2,,,,,,,,,,,,,,,,,,,,,,,10197,,,,,,
17164.3,,,,,,,,,,,,,,,,,,,,,,10162,,,,,,,
17664.7,,,,,,,,,,,,,,,,,,,,,,,10497,,,,,,
17664.9,,,,,,,,,,,,,,,,,,,,,,10461,,,,,,,
17990.8,49500,51100,49100,48500,49500,70000,1.2e+06,1.2e+06,1.2e+06,1.2e+06,1.596e+06,1.596e+06,,4921834.018,,,,,,,,,,1.0101,0,0,12,100,100
18165.3,,,,,,,,,,,,,,,,,,,,,,,10797,,,,,,
18165.6,,,,,,,,,,,,,,,,,,,,,,10760,,,,,,,
18665.7,,,,,,,,,,,,,,,,,,,,,,,11097,,,,,,
18666.1,,,,,,,,,,,,,,,,,,,,,,11059,,,,,,,
18990.9,49900,51500,49500,48900,49700,70000,1.2e+06,1.2e+06,1.2e+06,1.2e+06,1.596e+06,1.596e+06,,4921842.481,,,,,,,,,,10.7843,5.05051,1,0,100,100
19166.1,,,,,,,,,,,,,,,,,,,,,,,11397,,,,,,
19166.6,,,,,,,,,,,,,,,,,,,,,,11358,,,,,,,
19666.5,,,,,,,,,,,,,,,,,,,,,,,11697,,,,,,
19667,,,,,,,,,,,,,,,,,,,,,,11657,,,,,,,
19991,49900,51700,49300,48900,49900,70000,1.2e+06,1.2e+06,1.2e+06,1.2e+06,1.596e+06,1.596e+06,,4921851.011,,,,,,,,,,4.0404,0.990099,5.10204,5.05051,100,100
20167,,,,,,,,,,,,,,,,,,,,,,,11997,,,,,,
20167.6,,,,,,,,,,,,,,,,,,,,,,11956,,,,,,,
20667.5,,,,,,,,,,,,,,,,,,,,,,,12297,,,,,,
20668.1,,,,,,,,,,,,,,,,,,,,,,12255,,,,,,,
20991,49900,51700,49700,49100,49900,70000,1.2e+06,1.2e+06,1.2e+06,1.2e+06,1.596e+06,1.596e+06,25.104,4921859.472,,,,,,,,,,1.9802,1,7.92079,7,100,100
21167.2,,,,,,,,,,,,,,,,,,,,,,12553,,,,,,,
21168.1,,,,,,,,,,,,,,,,,,,,,,,12597,,,,,,
21667.4,,,,,,,,,,,,,,,,,,,,,,12852,,,,,,,
21668.4,,,,,,,,,,,,,,,,,,,,,,,12897,,,,,,
21991.4,49900,51700,49500,49100,50300,70000,1.2e+06,1.2e+06,1.2e+06,1.2e+06,1.596e+06,1.596e+06,,4921867.980,,,,,,,,,,1.0101,1.0101,10.101,0,100,100
22168,,,,,,,,,,,,,,,,,,,,,,13151,,,,,,,
22168.8,,,,,,,,,,,,,,,,,,,,,,,13197,,,,,,
22668.6,,,,,,,,,,,,,,,,,,,,,,13450,,,,,,,
22669.3,,,,,,,,,,,,,,,,,,,,,,,13497,,,,,,
22991.5,50300,51900,49900,49300,50300,70000,1.2e+06,1.2e+06,1.2e+06,1.2e+06,1.596e+06,1.596e+06,,4921876.473,,,,,,,,,,1,0,12.8713,0,100,100
23169.3,,,,,,,,,,,,,,,,,,,,,,13749,,,,,,,
23169.8,,,,,,,,,,,,,,,,,,,,,,,13797,,,,,,
23669.9,,,,,,,,,,,,,,,,,,,,,,14048,,,,,,,
23670.4,,,,,,,,,,,,,,,,,,,,,,,14097,,,,,,
23990.7,50300,52100,49900,49500,50300,70000,1.2e+06,1.2e+06,1.2e+06,1.2e+06,1.596e+06,1.596e+06,,4921885.029,,,,,,,,,,1,0,12.8713,1.9802,100,100
24170.6,,,,,,,,,,,,,,,,,,,,,,14347,,,,,,,
24171.1,,,,,,,,,,,,,,,,,,,,,,,14397,,,,,,
24671.1,,,,,,,,,,,,,,,,,,,,,,14646,,,,,,,
24671.6,,,,,,,,,,,,,,,,,,,,,,,14697,,,,,,
24991.1,50500,52300,50300,49700,50700,70000,1.2e+06,1.2e+06,1.2e+06,1.2e+06,1.596e+06,1.596e+06,,4921893.494,,,,,,,,,,1.0101,0,14.8515,1.0101,100,100
25171.8,,,,,,,,,,,,,,,,,,,,,,14945,,,,,,,
25172.2,,,,,,,,,,,,,,,,,,,,,,,14997,,,,,,
25672.3,,,,,,,,,,,,,,,,,,,,,,15244,,,,,,,
25672.7,,,,,,,,,,,,,,,,,,,,,,,15297,,,,,,
25991.2,50700,52100,49900,49500,50700,70000,1.2e+06,1.2e+06,1.2e+06,1.2e+06,1.596e+06,1.596e+06,,4921902.053,,,,,,,,,,1,0.990099,14,2.94118,100,100
26172.8,,,,,,,,,,,,,,,,,,,,,,15543,,,,,,,
26173.3,,,,,,,,,,,,,,,,,,,,,,,15597,,,,,,
26673.4,,,,,,,,,,,,,,,,,,,,,,15842,,,,,,,
26673.7,,,,,,,,,,,,,,,,,,,,,,,15897,,,,,,
26991.3,51100,52300,50300,49500,50500,70000,1.2e+06,1.2e+06,1.2e+06,1.2e+06,1.596e+06,1.596e+06,,4921910.510,,,,,,,,,,1.9802,0,13.1313,1.0101,100,100
27174,,,,,,,,,,,,,,,,,,,,,,16141,,,,,,,
27174.2,,,,,,,,,,,,,,,,,,,,,,,16197,,,,,,
27674.5,,,,,,,,,,,,,,,,,,,,,,16440,,,,,,,
27674.8,,,,,,,,,,,,,,,,,,,,,,,16497,,,,,,
27991.3,50700,52500,50300,49900,50700,70000,1.2e+06,1.2e+06,1.2e+06,1.2e+06,1.596e+06,1.596e+06,,4921919.073,,,,,,,,,,2.9703,6.93069,1,5.10204,100,100
28175.1,,,,,,,,,,,,,,,,,,,,,,16739,,,,,,,
28175.3,,,,,,,,,,,,,,,,,,,,,,,16797,,,,,,
28675.6,,,,,,,,,,,,,,,,,,,,,,17038,,,,,,,
28675.8,,,,,,,,,,,,,,,,,,,,,,,17097,,,,,,
28991.3,51100,52600,50500,49900,50700,70000,1.2e+06,1.2e+06,1.2e+06,1.2e+06,1.596e+06,1.596e+06,,4921927.624,,,,,,,,,,2.0202,0,0,10.2041,100,100
29176.2,,,,,,,,,,,,,,,,,,,,,,17337,,,,,,,
29176.3,,,,,,,,,,,,,,,,,,,,,,,17397,,,,,,
29676.7,,,,,,,,,,,,,,,,,,,,,,17636,,,,,,,
29676.9,,,,,,,,,,,,,,,,,,,,,,,17697,,,,,,
29991.5,51100,52600,50700,50100,51100,70000,1.2e+06,1.2e+06,1.2e+06,1.2e+06,1.596e+06,1.596e+06,,4921936.085,,,,,,,,,,3,0,6,8.91089,100,100
30177.4,,,,,,,,,,,,,,,,,,,,,,17935,,,,,,,
30177.5,,,,,,,,,,,,,,,,,,,,,,,17997,,,,,,
30678,,,,,,,,,,,,,,,,,,,,,,18234,,,,,,,
30678,,,,,,,,,,,,,,,,,,,,,,,18297,,,,,,
30990.9,51300,52600,50700,50100,51100,70000,1.2e+06,1.2e+06,1.2e+06,1.2e+06,1.596e+06,1.596e+06,25.104,4921944.672,,,,,,,,,,8.91089,0,0,8.08081,100,100
31178.6,,,,,,,,,,,,,,,,,,,,,,,18597,,,,,,
31178.6,,,,,,,,,,,,,,,,,,,,,,18533,,,,,,,
31679.1,,,,,,,,,,,,,,,,,,,,,,,18897,,,,,,
31679.2,,,,,,,,,,,,,,,,,,,,,,18832,,,,,,,
31991.3,51100,52600,50500,50100,51100,70000,1.2e+06,1.2e+06,1.2e+06,1.2e+06,1.596e+06,1.596e+06,,4921953.211,,,,,,,,,,1.0101,0.990099,0,14,100,100
32179.8,,,,,,,,,,,,,,,,,,,,,,,19197,,,,,,
32179.8,,,,,,,,,,,,,,,,,,,,,,19131,,,,,,,
32680.4,,,,,,,,,,,,,,,,,,,,,,,19497,,,,,,
32680.5,,,,,,,,,,,,,,,,,,,,,,19430,,,,,,,
32991.5,51500,52600,51100,50500,51100,70000,1.2e+06,1.2e+06,1.2e+06,1.2e+06,1.596e+06,1.596e+06,,4921961.675,,,,,,,,,,2,0,4.0404,8,100,100
33180.9,,,,,,,,,,,,,,,,,,,,,,,19797,,,,,,
33181.1,,,,,,,,,,,,,,,,,,,,,,19729,,,,,,,
33681.4,,,,,,,,,,,,,,,,,,,,,,,20097,,,,,,
33681.6,,,,,,,,,,,,,,,,,,,,,,20028,,,,,,,
33991.6,51300,53000,51100,50300,51300,70000,1.2e+06,1.2e+06,1.2e+06,1.2e+06,1.596e+06,1.596e+06,,4921970.251,,,,,,,,,,4,0,5,5.05051,100,100
34182,,,,,,,,,,,,,,,,,,,,,,,20397,,,,,,
34182.2,,,,,,,,,,,,,,,,,,,,,,20327,,,,,,,
34682.4,,,,,,,,,,,,,,,,,,,,,,,20697,,,,,,
34682.6,,,,,,,,,,,,,,,,,,,,,,20626,,,,,,,
34990.8,51700,53400,51100,50700,51500,70000,1.2e+06,1.2e+06,1.2e+06,1.2e+06,1.596e+06,1.596e+06,,4921978.767,,,,,,,,,,2.0202,0,7,8.91089,100,100
35182.9,,,,,,,,,,,,,,,,,,,,,,,20997,,,,,,
35183.2,,,,,,,,,,,,,,,,,,,,,,20925,,,,,,,
35683.4,,,,,,,,,,,,,,,,,,,,,,,21297,,,,,,
35683.7,,,,,,,,,,,,,,,,,,,,,,21224,,,,,,,
35990.8,51500,53000,50900,50500,51100,70000,1.2e+06,1.2e+06,1.2e+06,1.2e+06,1.596e+06,1.596e+06,,4921987.238,,,,,,,,,,8,0,0,8.91089,100,100
36183.7,,,,,,,,,,,,,,,,,,,,,,,21597,,,,,,
36184.2,,,,,,,,,,,,,,,,,,,,,,21523,,,,,,,
36684.1,,,,,,,,,,,,,,,,,,,,,,,21897,,,,,,
36684.6,,,,,,,,,,,,,,,,,,,,,,21822,,,,,,,
36990.8,51500,53400,51300,50700,51300,70000,1.2e+06,1.2e+06,1.2e+06,1.2e+06,1.596e+06,1.596e+06,,4921995.777,,,,,,,,,,3,1,0,12.2449,100,100
37184.7,,,,,,,,,,,,,,,,,,,,,,,22197,,,,,,
37185.3,,,,,,,,,,,,,,,,,,,,,,22121,,,,,,,
37685.3,,,,,,,,,,,,,,,,,,,,,,,22497,,,,,,
37685.8,,,,,,,,,,,,,,,,,,,,,,22420,,,,,,,
37991,51900,53400,51300,51100,51700,70000,1.2e+06,1.2e+06,1.2e+06,1.2e+06,1.596e+06,1.596e+06,,4922004.417,,,,,,,,,,0,0,0,12,100,100
38186,,,,,,,,,,,,,,,,,,,,,,,22797,,,,,,
38186.7,,,,,,,,,,,,,,,,,,,,,,22719,,,,,,,
38686.5,,,,,,,,,,,,,,,,,,,,,,,23097,,,,,,
38687.2,,,,,,,,,,,,,,,,,,,,,,23018,,,,,,,
38991.4,51900,53600,51300,50900,51700,70000,1.2e+06,1.2e+06,1.2e+06,1.2e+06,1.596e+06,1.596e+06,,4922012.863,,,,,,,,,,1,1,1,12.1212,100,100
39187.1,,,,,,,,,,,,,,,,,,,,,,,23397,,,,,,
39187.8,,,,,,,,,,,,,,,,,,,,,,23317,,,,,,,
39687.6,,,,,,,,,,,,,,,,,,,,,,,23697,,,,,,
39688.4,,,,,,,,,,,,,,,,,,,,,,23616,,,,,,,
39991.6,52100,53400,51300,51100,51900,70000,1.2e+06,1.2e+06,1.2e+06,1.2e+06,1.596e+06,1.596e+06,,4922021.423,,,,,,,,,,2.9703,1.0101,2,12.8713,100,100
40188.1,,,,,,,,,,,,,,,,,,,,,,,23997,,,,,,
40189,,,,,,,,,,,,,,,,,,,,,,23915,,,,,,,
40688.4,,,,,,,,,,,,,,,,,,,,,,,24297,,,,,,
40689.5,,,,,,,,,,,,,,,,,,,,,,24214,,,,,,,
40991.6,52100,53600,51700,51300,51700,70000,1.2e+06,1.2e+06,1.2e+06,1.2e+06,1.596e+06,1.596e+06,25.083,4922029.994,,,,,,,,,,1,1,1,15.8416,100,100
41189,,,,,,,,,,,,,,,,,,,,,,,24597,,,,,,
41190.1,,,,,,,,,,,,,,,,,,,,,,24513,,,,,,,
41689.5,,,,,,,,,,,,,,,,,,,,,,,24897,,,,,,
41690.7,,,,,,,,,,,,,,,,,,,,,,24812,,,,,,,
41991.7,52100,53800,51700,51300,51900,70000,1.2e+06,1.2e+06,1.2e+06,1.2e+06,1.596e+06,1.596e+06,,4922038.455,,,,,,,,,,1,1.0101,5.05051,7,100,100
42190,,,,,,,,,,,,,,,,,,,,,,,25197,,,,,,
42191.2,,,,,,,,,,,,,,,,,,,,,,25111,,,,,,,
42690.4,,,,,,,,,,,,,,,,,,,,,,,25497,,,,,,
42691.8,,,,,,,,,,,,,,,,,,,,,,25410,,,,,,,
42990.9,52500,53600,51900,51500,52100,70000,1.2e+06,1.2e+06,1.2e+06,1.2e+06,1.596e+06,1.596e+06,,4922047.030,,,,,,,,,,1.0101,2.94118,7.07071,6.93069,100,100
43190.9,,,,,,,,,,,,,,,,,,,,,,,25797,,,,,,
43192.3,,,,,,,,,,,,,,,,,,,,,,25709,,,,,,,
43691.3,,,,,,,,,,,,,,,,,,,,,,,26097,,,,,,
43692.7,,,,,,,,,,,,,,,,,,,,,,26008,,,,,,,
43991.1,52300,53800,51700,51300,52100,70000,1.2e+06,1.2e+06,1.2e+06,1.2e+06,1.596e+06,1.596e+06,,4922055.597,,,,,,,,,,1,1.0101,7.07071,6.06061,100,100
44191.9,,,,,,,,,,,,,,,,,,,,,,,26397,,,,,,
44193.4,,,,,,,,,,,,,,,,,,,,,,26307,,,,,,,
44692.4,,,,,,,,,,,,,,,,,,,,,,,26697,,,,,,
44693.9,,,,,,,,,,,,,,,,,,,,,,26606,,,,,,,
44991,52100,53800,51900,51300,52300,70000,1.2e+06,1.2e+06,1.2e+06,1.2e+06,1.596e+06,1.596e+06,,4922061.987,,,,,,,,,,7,1,3,5.05051,100,100
45193.1,,,,,,,,,,,,,,,,,,,,,,,26997,,,,,,
45194.6,,,,,,,,,,,,,,,,,,,,,,26905,,,,,,,
45693.5,,,,,,,,,,,,,,,,,,,,,,,27297,,,,,,
45695.1,,,,,,,,,,,,,,,,,,,,,,27204,,,,,,,
45991.3,52600,54200,52100,51700,52100,70000,1.2e+06,1.2e+06,1.2e+06,1.2e+06,1.596e+06,1.596e+06,,4922070.516,,,,,,,,,,1.0101,0,1.0101,13.1313,100,100
46194,,,,,,,,,,,,,,,,,,,,,,,27597,,,,,,
46195.8,,,,,,,,,,,,,,,,,,,,,,27503,,,,,,,
46694.5,,,,,,,,,,,,,,,,,,,,,,,27897,,,,,,
46696.3,,,,,,,,,,,,,,,,,,,,,,27802,,,,,,,
46991.5,52500,54200,52100,51700,52100,70000,1.2e+06,1.2e+06,1.2e+06,1.2e+06,1.596e+06,1.596e+06,,4922079.055,,,,,,,,,,14.433,0.990099,1.9802,0,100,100
47195,,,,,,,,,,,,,,,,,,,,,,,28197,,,,,,
47196.9,,,,,,,,,,,,,,,,,,,,,,28101,,,,,,,
47695.5,,,,,,,,,,,,,,,,,,,,,,,28497,,,,,,
47697.5,,,,,,,,,,,,,,,,,,,,,,28400,,,,,,,
47991.5,52600,54200,52100,51700,52300,70000,1.2e+06,1.2e+06,1.2e+06,1.2e+06,1.596e+06,1.596e+06,,4922087.511,,,,,,,,,,7.92079,0,7,2,100,100
48196,,,,,,,,,,,,,,,,,,,,,,,28797,,,,,,
48198.1,,,,,,,,,,,,,,,,,,,,,,28699,,,,,,,
48696.5,,,,,,,,,,,,,,,,,,,,,,,29097,,,,,,
48698.5,,,,,,,,,,,,,,,,,,,,,,28998,,,,,,,
48991.6,52600,54000,52300,51700,52500,70000,1.2e+06,1.2e+06,1.2e+06,1.2e+06,1.596e+06,1.596e+06,,4922096.092,,,,,,,,,,8.82353,6.06061,0,0,100,100
49196.9,,,,,,,,,,,,,,,,,,,,,,,29397,,,,,,
49199.1,,,,,,,,,,,,,,,,,,,,,,29297,,,,,,,
49697.3,,,,,,,,,,,,,,,,,,,,,,,29697,,,,,,
49699.5,,,,,,,,,,,,,,,,,,,,,,29596,,,,,,,
49991.7,52600,54200,52100,51900,52500,70000,1.2e+06,1.2e+06,1.2e+06,1.2e+06,1.596e+06,1.596e+06,,4922104.647,,,,,,,,,,1.02041,1,6.93069,9,100,100
50197.8,,,,,,,,,,,,,,,,,,,,,,,29997,,,,,,
50200.1,,,,,,,,,,,,,,,,,,,,,,29895,,,,,,,
50698.3,,,,,,,,,,,,,,,,,,,,,,,30297,,,,,,
50700.6,,,,,,,,,,,,,,,,,,,,,,30194,,,,,,,
50990.7,52600,54200,52100,51700,52500,70000,1.2e+06,1.2e+06,1.2e+06,1.2e+06,1.596e+06,1.596e+06,25.072,4922113.203,,,,,,,,,,2.94118,1.0101,5.10204,9.80392,100,100
51198.9,,,,,,,,,,,,,,,,,,,,,,,30597,,,,,,
51201.3,,,,,,,,,,,,,,,,,,,,,,30493,,,,,,,
51698.2,,,,,,,,,,,,,,,,,,,,,,,30896,,,,,,
51702.3,,,,,,,,,,,,,,,,,,,,,,30792,,,,,,,
51991.7,52600,54200,52100,51700,52600,70000,1.2e+06,1.2e+06,1.2e+06,1.2e+06,1.596e+06,1.596e+06,,4922121.672,,,,,,,,,,1.0101,6,7.84314,0,100,100
52198.9,,,,,,,,,,,,,,,,,,,,,,,31196,,,,,,
52203.4,,,,,,,,,,,,,,,,,,,,,,31091,,,,,,,
52699.3,,,,,,,,,,,,,,,,,,,,,,,31496,,,,,,
52703.9,,,,,,,,,,,,,,,,,,,,,,31390,,,,,,,
52991.5,52800,54400,52500,52100,52600,70000,1.2e+06,1.2e+06,1.2e+06,1.2e+06,1.596e+06,1.596e+06,,4922130.294,,,,,,,,,,12.1212,1,3.06122,0,100,100
53199.8,,,,,,,,,,,,,,,,,,,,,,,31796,,,,,,
53204.5,,,,,,,,,,,,,,,,,,,,,,31689,,,,,,,
53700.6,,,,,,,,,,,,,,,,,,,,,,,32096,,,,,,
53705.1,,,,,,,,,,,,,,,,,,,,,,31988,,,,,,,
53990.8,52800,54600,52500,52100,52600,70000,1.2e+06,1.2e+06,1.2e+06,1.2e+06,1.596e+06,1.596e+06,,4922139.045,,,,,,,,,,7.92079,7.92079,2.0202,0,100,100
54201.2,,,,,,,,,,,,,,,,,,,,,,,32396,,,,,,
54204.2,,,,,,,,,,,,,,,,,,,,,,32286,,,,,,,
54701.7,,,,,,,,,,,,,,,,,,,,,,,32696,,,,,,
54704.8,,,,,,,,,,,,,,,,,,,,,,32585,,,,,,,
54991.7,53000,54600,52300,52100,52800,70000,1.2e+06,1.2e+06,1.2e+06,1.2e+06,1.596e+06,1.596e+06,,4922147.525,,,,,,,,,,7,5.05051,2,0,100,100
55202.2,,,,,,,,,,,,,,,,,,,,,,,32996,,,,,,
55205.4,,,,,,,,,,,,,,,,,,,,,,32884,,,,,,,
55702.6,,,,,,,,,,,,,,,,,,,,,,,33296,,,,,,
55705.8,,,,,,,,,,,,,,,,,,,,,,33183,,,,,,,
55990.7,53000,54600,52600,52100,52600,70000,1.2e+06,1.2e+06,1.2e+06,1.2e+06,1.596e+06,1.596e+06,,4922156.045,,,,,,,,,,10.101,4,1,0,100,100
56203.1,,,,,,,,,,,,,,,,,,,,,,,33596,,,,,,
56206.3,,,,,,,,,,,,,,,,,,,,,,33482,,,,,,,
56703.5,,,,,,,,,,,,,,,,,,,,,,,33896,,,,,,
56706.7,,,,,,,,,,,,,,,,,,,,,,33781,,,,,,,
56991.6,53000,54600,52600,52100,52800,70000,1.2e+06,1.2e+06,1.2e+06,1.2e+06,1.596e+06,1.596e+06,,4922164.608,,,,,,,,,,10,2,3,0.990099,100,100
57203.9,,,,,,,,,,,,,,,,,,,,,,,34196,,,,,,
57207.2,,,,,,,,,,,,,,,,,,,,,,34080,,,,,,,
57704.5,,,,,,,,,,,,,,,,,,,,,,,34496,,,,,,
57707.5,,,,,,,,,,,,,,,,,,,,,,34379,,,,,,,
57991.4,53000,54600,52600,52300,52800,70000,1.2e+06,1.2e+06,1.2e+06,1.2e+06,1.596e+06,1.596e+06,,4922173.213,,,,,,,,,,1,12,4,2,100,100
58205,,,,,,,,,,,,,,,,,,,,,,,34796,,,,,,
58208.2,,,,,,,,,,,,,,,,,,,,,,34678,,,,,,,
58705.6,,,,,,,,,,,,,,,,,,,,,,,35096,,,,,,
58708.7,,,,,,,,,,,,,,,,,,,,,,34977,,,,,,,
58990.7,53200,55000,52800,52300,52800,70000,1.2e+06,1.2e+06,1.2e+06,1.2e+06,1.596e+06,1.596e+06,,4922181.780,,,,,,,,,,2.0202,6.06061,1,7.92079,100,100
59206.2,,,,,,,,,,,,,,,,,,,,,,,35396,,,,,,
59209.5,,,,,,,,,,,,,,,,,,,,,,35276,,,,,,,
59706.6,,,,,,,,,,,,,,,,,,,,,,,35696,,,,,,
59710,,,,,,,,,,,,,,,,,,,,,,35575,,,,,,,
59990.9,53000,55000,52800,52300,52800,70000,1.2e+06,1.2e+06,1.2e+06,1.2e+06,1.596e+06,1.596e+06,,4922190.366,,,,,,,,,,2,6,0,5.94059,100,100
60207.2,,,,,,,,,,,,,,,,,,,,,,,35996,,,,,,
60210.7,,,,,,,,,,,,,,,,,,,,,,35874,,,,,,,
60707.8,,,,,,,,,,,,,,,,,,,,,,,36296,,,,,,
60711.2,,,,,,,,,,,,,,,,,,,,,,36173,,,,,,,
60990.7,53000,55000,53000,52500,53200,70000,1.2e+06,1.2e+06,1.2e+06,1.2e+06,1.596e+06,1.596e+06,25.061,4922198.815,,,,,,,,,,2.0202,6.06061,5.10204,0,100,100
61208.4,,,,,,,,,,,,,,,,,,,,,,,36596,,,,,,
61211.8,,,,,,,,,,,,,,,,,,,,,,36472,,,,,,,
61708.9,,,,,,,,,,,,,,,,,,,,,,,36896,,,,,,
61712.1,,,,,,,,,,,,,,,,,,,,,,36771,,,,,,,
61991.2,53200,54800,52800,52500,53000,70000,1.2e+06,1.2e+06,1.2e+06,1.2e+06,1.596e+06,1.596e+06,,4922207.354,,,,,,,,,,2.0202,10.8911,6,0,100,100
62209.4,,,,,,,,,,,,,,,,,,,,,,,37196,,,,,,
62212.7,,,,,,,,,,,,,,,,,,,,,,37070,,,,,,,
62709.8,,,,,,,,,,,,,,,,,,,,,,,37496,,,,,,
62713.1,,,,,,,,,,,,,,,,,,,,,,37369,,,,,,,
62991.1,53400,55000,52800,52500,53000,70000,1.2e+06,1.2e+06,1.2e+06,1.2e+06,1.596e+06,1.596e+06,,4922215.900,,,,,,,,,,1,14.8515,1,0,100,100
63210.3,,,,,,,,,,,,,,,,,,,,,,,37796,,,,,,
63213.7,,,,,,,,,,,,,,,,,,,,,,37668,,,,,,,
63710.7,,,,,,,,,,,,,,,,,,,,,,,38096,,,,,,
63714.1,,,,,,,,,,,,,,,,,,,,,,37967,,,,,,,
63991.1,53400,54800,52800,52600,53200,70000,1.2e+06,1.2e+06,1.2e+06,1.2e+06,1.596e+06,1.596e+06,,4922224.445,,,,,,,,,,1.0101,6.93069,6.06061,0,100,100
64211.2,,,,,,,,,,,,,,,,,,,,,,,38396,,,,,,
64214.7,,,,,,,,,,,,,,,,,,,,,,38266,,,,,,,
64711.7,,,,,,,,,,,,,,,,,,,,,,,38696,,,,,,
64715.2,,,,,,,,,,,,,,,,,,,,,,38565,,,,,,,
64991.2,53400,55000,52800,52500,53000,70000,1.2e+06,1.2e+06,1.2e+06,1.2e+06,1.596e+06,1.596e+06,,4922233.008,,,,,,,,,,1,12,0.990099,0,100,100
65212.3,,,,,,,,,,,,,,,,,,,,,,,38996,,,,,,
65215.9,,,,,,,,,,,,,,,,,,,,,,38864,,,,,,,
65712.7,,,,,,,,,,,,,,,,,,,,,,,39296,,,,,,
65716.4,,,,,,,,,,,,,,,,,,,,,,39163,,,,,,,
65991.4,53800,55200,53000,52500,53200,70000,1.2e+06,1.2e+06,1.2e+06,1.2e+06,1.596e+06,1.596e+06,,4922241.480,,,,,,,,,,1.0101,6.06061,6,1,100,100
66213.4,,,,,,,,,,,,,,,,,,,,,,,39596,,,,,,
66217.1,,,,,,,,,,,,,,,,,,,,,,39462,,,,,,,
66713.9,,,,,,,,,,,,,,,,,,,,,,,39896,,,,,,
66717.7,,,,,,,,,,,,,,,,,,,,,,39761,,,,,,,
66991.7,53400,55200,53200,52800,53400,70000,1.2e+06,1.2e+06,1.2e+06,1.2e+06,1.596e+06,1.596e+06,,4922250.055,,,,,,,,,,1,10.2041,3.9604,2.9703,100,100
67214.4,,,,,,,,,,,,,,,,,,,,,,,40196,,,,,,
67218.3,,,,,,,,,,,,,,,,,,,,,,40060,,,,,,,
67714.8,,,,,,,,,,,,,,,,,,,,,,,40496,,,,,,
67718.8,,,,,,,,,,,,,,,,,,,,,,40359,,,,,,,
67990.9,53600,55000,52800,52500,53200,70000,1.2e+06,1.2e+06,1.2e+06,1.2e+06,1.596e+06,1.596e+06,,4922258.562,,,,,,,,,,1.0101,7.92079,7.92079,1,100,100
68215.2,,,,,,,,,,,,,,,,,,,,,,,40796,,,,,,
68219.4,,,,,,,,,,,,,,,,,,,,,,40658,,,,,,,
68715.7,,,,,,,,,,,,,,,,,,,,,,,41096,,,,,,
68719.9,,,,,,,,,,,,,,,,,,,,,,40957,,,,,,,
68990.9,53600,55400,53000,52600,53400,70000,1.2e+06,1.2e+06,1.2e+06,1.2e+06,1.596e+06,1.596e+06,,4922267.032,,,,,,,,,,1,10.2041,3.9604,1.0101,100,100
69216.1,,,,,,,,,,,,,,,,,,,,,,,41396,,,,,,
69220.4,,,,,,,,,,,,,,,,,,,,,,41256,,,,,,,
69716.8,,,,,,,,,,,,,,,,,,,,,,,41696,,,,,,
69721.1,,,,,,,,,,,,,,,,,,,,,,41555,,,,,,,
69991,53600,55400,52600,52500,53400,70000,1.2e+06,1.2e+06,1.2e+06,1.2e+06,1.596e+06,1.596e+06,,4922275.677,,,,,,,,,,2,1,9.27835,1.9802,100,100
70217.3,,,,,,,,,,,,,,,,,,,,,,,41996,,,,,,
70221.8,,,,,,,,,,,,,,,,,,,,,,41854,,,,,,,
70717.8,,,,,,,,,,,,,,,,,,,,,,,42296,,,,,,
70722.3,,,,,,,,,,,,,,,,,,,,,,42153,,,,,,,
70991.2,53600,55200,53200,52500,53400,70000,1.2e+06,1.2e+06,1.2e+06,1.2e+06,1.596e+06,1.596e+06,25.04,4922284.257,,,,,,,,,,1,8,5.88235,1.0101,100,100
71218.3,,,,,,,,,,,,,,,,,,,,,,,42596,,,,,,
71222.9,,,,,,,,,,,,,,,,,,,,,,42452,,,,,,,
71718.8,,,,,,,,,,,,,,,,,,,,,,,42896,,,,,,
71723.4,,,,,,,,,,,,,,,,,,,,,,42751,,,,,,,
71991.4,54000,55600,53200,52800,53600,70000,1.2e+06,1.2e+06,1.2e+06,1.2e+06,1.596e+06,1.596e+06,,4922292.779,,,,,,,,,,1.0101,7.92079,7.07071,1.9802,100,100
72219.2,,,,,,,,,,,,,,,,,,,,,,,43196,,,,,,
72223.9,,,,,,,,,,,,,,,,,,,,,,43050,,,,,,,
72719.7,,,,,,,,,,,,,,,,,,,,,,,43496,,,,,,
72724.5,,,,,,,,,,,,,,,,,,,,,,43349,,,,,,,
72991.6,53600,55400,53400,52800,53600,70000,1.2e+06,1.2e+06,1.2e+06,1.2e+06,1.596e+06,1.596e+06,,4922301.338,,,,,,,,,,1.9802,10,3.0303,1.0101,100,100
73220.1,,,,,,,,,,,,,,,,,,,,,,,43796,,,,,,
73225.1,,,,,,,,,,,,,,,,,,,,,,43648,,,,,,,
73720.6,,,,,,,,,,,,,,,,,,,,,,,44096,,,,,,
73725.7,,,,,,,,,,,,,,,,,,,,,,43947,,,,,,,
73991.7,53800,55400,53200,52800,53600,70000,1.2e+06,1.2e+06,1.2e+06,1.2e+06,1.596e+06,1.596e+06,,4922309.832,,,,,,,,,,0,14,0,1.9802,100,100
74221.2,,,,,,,,,,,,,,,,,,,,,,,44396,,,,,,
74226.4,,,,,,,,,,,,,,,,,,,,,,44246,,,,,,,
74721.6,,,,,,,,,,,,,,,,,,,,,,,44696,,,,,,
74726.9,,,,,,,,,,,,,,,,,,,,,,44545,,,,,,,
74990.8,53600,55400,53400,52800,53400,70000,1.2e+06,1.2e+06,1.2e+06,1.2e+06,1.596e+06,1.596e+06,,4922318.472,,,,,,,,,,2,6.06061,7.84314,1.0101,100,100
75222.1,,,,,,,,,,,,,,,,,,,,,,,44996,,,,,,
75227.6,,,,,,,,,,,,,,,,,,,,,,44844,,,,,,,
75722.5,,,,,,,,,,,,,,,,,,,,,,,45296,,,,,,
75727.9,,,,,,,,,,,,,,,,,,,,,,45143,,,,,,,
75990.8,53800,55600,53200,52800,53800,70000,1.2e+06,1.2e+06,1.2e+06,1.2e+06,1.596e+06,1.596e+06,,4922326.921,,,,,,,,,,1,6.93069,6.06061,1.9802,100,100
76222.9,,,,,,,,,,,,,,,,,,,,,,,45596,,,,,,
76228.7,,,,,,,,,,,,,,,,,,,,,,45442,,,,,,,
76723.4,,,,,,,,,,,,,,,,,,,,,,,45896,,,,,,
76729.1,,,,,,,,,,,,,,,,,,,,,,45741,,,,,,,
76991.6,53800,55400,53400,52800,53600,70000,1.2e+06,1.2e+06,1.2e+06,1.2e+06,1.596e+06,1.596e+06,,4922335.437,,,,,,,,,,1.02041,2.0202,0,11.1111,100,100
77223.8,,,,,,,,,,,,,,,,,,,,,,,46196,,,,,,
77229.9,,,,,,,,,,,,,,,,,,,,,,46040,,,,,,,
77724.3,,,,,,,,,,,,,,,,,,,,,,,46496,,,,,,
77730.2,,,,,,,,,,,,,,,,,,,,,,46339,,,,,,,
77991.4,53800,55800,53400,52800,53400,70000,1.2e+06,1.2e+06,1.2e+06,1.2e+06,1.596e+06,1.596e+06,,4922344.021,,,,,,,,,,2,15.8416,1,0,100,100
78224.7,,,,,,,,,,,,,,,,,,,,,,,46796,,,,,,
78230.7,,,,,,,,,,,,,,,,,,,,,,46638,,,,,,,
78725.3,,,,,,,,,,,,,,,,,,,,,,,47096,,,,,,
78731.3,,,,,,,,,,,,,,,,,,,,,,46937,,,,,,,
78991.8,53800,55400,53200,52800,53400,70000,1.2e+06,1.2e+06,1.2e+06,1.2e+06,1.596e+06,1.596e+06,,4922352.580,,,,,,,,,,6,5,4,0,100,100
79225.9,,,,,,,,,,,,,,,,,,,,,,,47396,,,,,,
79231.9,,,,,,,,,,,,,,,,,,,,,,47236,,,,,,,
79726.3,,,,,,,,,,,,,,,,,,,,,,,47696,,,,,,
79732.5,,,,,,,,,,,,,,,,,,,,,,47535,,,,,,,
79991.4,53800,55400,53400,52800,53800,70000,1.2e+06,1.2e+06,1.2e+06,1.2e+06,1.596e+06,1.596e+06,,4922358.992,,,,,,,,,,7.07071,2.9703,3,4,100,100
80227,,,,,,,,,,,,,,,,,,,,,,,47996,,,,,,
80233.1,,,,,,,,,,,,,,,,,,,,,,47834,,,,,,,
80727.5,,,,,,,,,,,,,,,,,,,,,,,48296,,,,,,
80733.6,,,,,,,,,,,,,,,,,,,,,,48133,,,,,,,
80991.6,53800,55400,53400,53200,53800,70000,1.2e+06,1.2e+06,1.2e+06,1.2e+06,1.596e+06,1.596e+06,25.029,4922367.648,,,,,,,,,,2.9703,0,6,6,100,100
81228,,,,,,,,,,,,,,,,,,,,,,,48596,,,,,,
81234.2,,,,,,,,,,,,,,,,,,,,,,48432,,,,,,,
81728.4,,,,,,,,,,,,,,,,,,,,,,,48896,,,,,,
81734.6,,,,,,,,,,,,,,,,,,,,,,48731,,,,,,,
81991.6,54000,55400,53200,53000,53600,70000,1.2e+06,1.2e+06,1.2e+06,1.2e+06,1.596e+06,1.596e+06,,4922376.225,,,,,,,,,,5,10.8911,0.990099,0,100,100
82228.9,,,,,,,,,,,,,,,,,,,,,,,49196,,,,,,
82235.2,,,,,,,,,,,,,,,,,,,,,,49030,,,,,,,
82729.4,,,,,,,,,,,,,,,,,,,,,,,49496,,,,,,
82735.6,,,,,,,,,,,,,,,,,,,,,,49329,,,,,,,
82990.9,54200,55600,53600,52800,53800,70000,1.2e+06,1.2e+06,1.2e+06,1.2e+06,1.596e+06,1.596e+06,,4922384.692,,,,,,,,,,8.91089,6.93069,0,1.0101,100,100
83229.9,,,,,,,,,,,,,,,,,,,,,,,49796,,,,,,
83236.2,,,,,,,,,,,,,,,,,,,,,,49628,,,,,,,
83730.2,,,,,,,,,,,,,,,,,,,,,,,50096,,,,,,
83736.6,,,,,,,,,,,,,,,,,,,,,,49927,,,,,,,
83991,53600,55600,53400,53000,53600,70000,1.2e+06,1.2e+06,1.2e+06,1.2e+06,1.596e+06,1.596e+06,,4922393.269,,,,,,,,,,9.09091,7.84314,0,1.0101,100,100
84230.7,,,,,,,,,,,,,,,,,,,,,,,50396,,,,,,
84237.2,,,,,,,,,,,,,,,,,,,,,,50226,,,,,,,
84731.1,,,,,,,,,,,,,,,,,,,,,,,50696,,,,,,
84737.7,,,,,,,,,,,,,,,,,,,,,,50525,,,,,,,
84991,54000,55800,53600,53000,53800,70000,1.2e+06,1.2e+06,1.2e+06,1.2e+06,1.596e+06,1.596e+06,,4922401.751,,,,,,,,,,1.0101,5.10204,0,7,100,100
85231.6,,,,,,,,,,,,,,,,,,,,,,,50996,,,,,,
85238.3,,,,,,,,,,,,,,,,,,,,,,50824,,,,,,,
85732.4,,,,,,,,,,,,,,,,,,,,,,,51296,,,,,,
85738.8,,,,,,,,,,,,,,,,,,,,,,51123,,,,,,,
85991,54200,55800,53600,53200,53800,70000,1.2e+06,1.2e+06,1.2e+06,1.2e+06,1.596e+06,1.596e+06,,4922410.327,,,,,,,,,,1,9,0,4,100,100
86232.9,,,,,,,,,,,,,,,,,,,,,,,51596,,,,,,
86239.4,,,,,,,,,,,,,,,,,,,,,,51422,,,,,,,
86733.3,,,,,,,,,,,,,,,,,,,,,,,51896,,,,,,
86739.8,,,,,,,,,,,,,,,,,,,,,,51721,,,,,,,
86991,54200,55800,53600,53000,54000,70000,1.2e+06,1.2e+06,1.2e+06,1.2e+06,1.596e+06,1.596e+06,,4922418.883,,,,,,,,,,2,11.1111,2,0,100,100
87233.9,,,,,,,,,,,,,,,,,,,,,,,52196,,,,,,
87240.5,,,,,,,,,,,,,,,,,,,,,,52020,,,,,,,
87734.4,,,,,,,,,,,,,,,,,,,,,,,52496,,,,,,
87741,,,,,,,,,,,,,,,,,,,,,,52319,,,,,,,
87991.2,53800,55600,53600,53200,54000,70000,1.2e+06,1.2e+06,1.2e+06,1.2e+06,1.596e+06,1.596e+06,,4922427.451,,,,,,,,,,1,13.8614,1.9802,0,100,100
88234.8,,,,,,,,,,,,,,,,,,,,,,,52796,,,,,,
88241.5,,,,,,,,,,,,,,,,,,,,,,52618,,,,,,,
88735.2,,,,,,,,,,,,,,,,,,,,,,,53096,,,,,,
88742,,,,,,,,,,,,,,,,,,,,,,52917,,,,,,,
88991.3,54000,55800,53600,53200,53800,70000,1.2e+06,1.2e+06,1.2e+06,1.2e+06,1.596e+06,1.596e+06,,4922436.022,,,,,,,,,,1.0101,13,1.0101,0,100,100
89235.8,,,,,,,,,,,,,,,,,,,,,,,53396,,,,,,
89242.6,,,,,,,,,,,,,,,,,,,,,,53216,,,,,,,
89736.2,,,,,,,,,,,,,,,,,,,,,,,53696,,,,,,
89743,,,,,,,,,,,,,,,,,,,,,,53515,,,,,,,
89991.3,54200,55800,53600,53200,53800,70000,1.2e+06,1.2e+06,1.2e+06,1.2e+06,1.596e+06,1.596e+06,,4922444.627,,,,,,,,,,2,14.1414,0,0,100,100
90236.7,,,,,,,,,,,,,,,,,,,,,,,53996,,,,,,
90243.6,,,,,,,,,,,,,,,,,,,,,,53814,,,,,,,
90737.1,,,,,,,,,,,,,,,,,,,,,,,54296,,,,,,
90744.1,,,,,,,,,,,,,,,,,,,,,,54113,,,,,,,
90991.3,54200,55600,53400,53000,54000,70000,1.2e+06,1.2e+06,1.2e+06,1.2e+06,1.596e+06,1.596e+06,,4922453.178,,,,,,,,,,1.9802,6.06061,5.10204,1.9802,100,100
91237.7,,,,,,,,,,,,,,,,,,,,,,,54596,,,,,,
91244.8,,,,,,,,,,,,,,,,,,,,,,54412,,,,,,,
91738.1,,,,,,,,,,,,,,,,,,,,,,,54896,,,,,,
91745.2,,,,,,,,,,,,,,,,,,,,,,54711,,,,,,,
91991.3,54200,55800,53600,53200,53800,70000,1.2e+06,1.2e+06,1.2e+06,1.2e+06,1.596e+06,1.596e+06,24.997,4922461.814,,,,,,,,,,0,6.06061,6,1.0101,100,100
92238.6,,,,,,,,,,,,,,,,,,,,,,,55196,,,,,,
92245.7,,,,,,,,,,,,,,,,,,,,,,55010,,,,,,,
92739,,,,,,,,,,,,,,,,,,,,,,,55496,,,,,,
92746.1,,,,,,,,,,,,,,,,,,,,,,55309,,,,,,,
92991.2,54200,55600,53600,53200,53800,70000,1.2e+06,1.2e+06,1.2e+06,1.2e+06,1.596e+06,1.596e+06,,4922470.402,,,,,,,,,,2,7.84314,6,0,100,100
93239.5,,,,,,,,,,,,,,,,,,,,,,,55796,,,,,,
93246.7,,,,,,,,,,,,,,,,,,,,,,55608,,,,,,,
93739.8,,,,,,,,,,,,,,,,,,,,,,,56096,,,,,,
93747,,,,,,,,,,,,,,,,,,,,,,55907,,,,,,,
93991.2,53800,55400,53600,53200,53600,70000,1.2e+06,1.2e+06,1.2e+06,1.2e+06,1.596e+06,1.596e+06,,4922478.914,,,,,,,,,,1.9802,8.08081,5,1.0101,100,100
94240.3,,,,,,,,,,,,,,,,,,,,,,,56396,,,,,,
94247.6,,,,,,,,,,,,,,,,,,,,,,56206,,,,,,,
94740.8,,,,,,,,,,,,,,,,,,,,,,,56696,,,,,,
94748.1,,,,,,,,,,,,,,,,,,,,,,56505,,,,,,,
94991.4,53800,55800,53600,53200,53800,70000,1.2e+06,1.2e+06,1.2e+06,1.2e+06,1.596e+06,1.596e+06,,4922487.514,,,,,,,,,,5.05051,0.990099,12,1,100,100
95241.2,,,,,,,,,,,,,,,,,,,,,,,56996,,,,,,
95248.7,,,,,,,,,,,,,,,,,,,,,,56804,,,,,,,
95741.8,,,,,,,,,,,,,,,,,,,,,,,57296,,,,,,
95749.3,,,,,,,,,,,,,,,,,,,,,,57103,,,,,,,
95991.5,54400,55800,53600,53000,54000,70000,1.2e+06,1.2e+06,1.2e+06,1.2e+06,1.596e+06,1.596e+06,,4922496.059,,,,,,,,,,7.92079,2.9703,0,8.82353,100,100
96242.4,,,,,,,,,,,,,,,,,,,,,,,57596,,,,,,
96250,,,,,,,,,,,,,,,,,,,,,,57402,,,,,,,
96742.9,,,,,,,,,,,,,,,,,,,,,,,57896,,,,,,
96750.5,,,,,,,,,,,,,,,,,,,,,,57701,,,,,,,
96991.6,54400,55800,53800,53400,53800,70000,1.2e+06,1.2e+06,1.2e+06,1.2e+06,1.596e+06,1.596e+06,,4922504.636,,,,,,,,,,2.0202,10.2041,0,0.990099,100,100
97243.4,,,,,,,,,,,,,,,,,,,,,,,58196,,,,,,
97251,,,,,,,,,,,,,,,,,,,,,,58000,,,,,,,
97743.8,,,,,,,,,,,,,,,,,,,,,,,58496,,,,,,
97751.4,,,,,,,,,,,,,,,,,,,,,,58299,,,,,,,
97991.6,54400,55800,53800,53200,54000,70000,1.2e+06,1.2e+06,1.2e+06,1.2e+06,1.596e+06,1.596e+06,,4922513.254,,,,,,,,,,3,3,10,0,100,100
98244.3,,,,,,,,,,,,,,,,,,,,,,,58796,,,,,,
98251.9,,,,,,,,,,,,,,,,,,,,,,58598,,,,,,,
98744.8,,,,,,,,,,,,,,,,,,,,,,,59096,,,,,,
98752.4,,,,,,,,,,,,,,,,,,,,,,58897,,,,,,,
98991.7,54400,56000,53800,53200,53800,70000,1.2e+06,1.2e+06,1.2e+06,1.2e+06,1.596e+06,1.596e+06,,4922521.779,,,,,,,,,,8,0,6.06061,1.0101,100,100
99245.3,,,,,,,,,,,,,,,,,,,,,,,59396,,,,,,
99252.9,,,,,,,,,,,,,,,,,,,,,,59196,,,,,,,
99745.7,,,,,,,,,,,,,,,,,,,,,,,59696,,,,,,
99753.3,,,,,,,,,,,,,,,,,,,,,,59495,,,,,,,
99991.6,54400,56200,53800,53600,54000,70000,1.2e+06,1.2e+06,1.2e+06,1.2e+06,1.596e+06,1.596e+06,,4922530.393,,,,,,,,,,2,1,12.6214,4.9505,100,100
100246,,,,,,,,,,,,,,,,,,,,,,,59996,,,,,,
100254,,,,,,,,,,,,,,,,,,,,,,59794,,,,,,,
100747,,,,,,,,,,,,,,,,,,,,,,,60296,,,,,,
100754,,,,,,,,,,,,,,,,,,,,,,60093,,,,,,,
100991,54600,56000,54200,53600,54000,70000,1.2e+06,1.2e+06,1.2e+06,1.2e+06,1.596e+06,1.596e+06,,4922538.911,,,,,,,,,,1,11.1111,2,2,100,100
101247,,,,,,,,,,,,,,,,,,,,,,,60596,,,,,,
101255,,,,,,,,,,,,,,,,,,,,,,60392,,,,,,,
101748,,,,,,,,,,,,,,,,,,,,,,,60896,,,,,,
101755,,,,,,,,,,,,,,,,,,,,,,60691,,,,,,,
101991,54600,56000,54000,53400,54200,70000,1.2e+06,1.2e+06,1.2e+06,1.2e+06,1.596e+06,1.596e+06,24.997,4922547.499,,,,,,,,,,1.0101,6,7,1.9802,100,100
102248,,,,,,,,,,,,,,,,,,,,,,,61196,,,,,,
102256,,,,,,,,,,,,,,,,,,,,,,60990,,,,,,,
102749,,,,,,,,,,,,,,,,,,,,,,,61496,,,,,,
102757,,,,,,,,,,,,,,,,,,,,,,61289,,,,,,,
102991,54400,56200,54200,53600,54200,70000,1.2e+06,1.2e+06,1.2e+06,1.2e+06,1.596e+06,1.596e+06,,4922555.996,,,,,,,,,,1,6.12245,6.93069,0,100,100
103249,,,,,,,,,,,,,,,,,,,,,,,61796,,,,,,
103257,,,,,,,,,,,,,,,,,,,,,,61588,,,,,,,
103750,,,,,,,,,,,,,,,,,,,,,,,62096,,,,,,
103758,,,,,,,,,,,,,,,,,,,,,,61887,,,,,,,
103991,54400,56000,54000,53600,54200,70000,1.2e+06,1.2e+06,1.2e+06,1.2e+06,1.596e+06,1.596e+06,,4922564.643,,,,,,,,,,2,4.0404,10.8911,2,100,100
104250,,,,,,,,,,,,,,,,,,,,,,,62396,,,,,,
104258,,,,,,,,,,,,,,,,,,,,,,62186,,,,,,,
104751,,,,,,,,,,,,,,,,,,,,,,,62696,,,,,,
104759,,,,,,,,,,,,,,,,,,,,,,62485,,,,,,,
104991,54400,56000,54200,53600,54200,70000,1.2e+06,1.2e+06,1.2e+06,1.2e+06,1.596e+06,1.596e+06,,4922573.195,,,,,,,,,,0,0,9.09091,4.0404,100,100
105251,,,,,,,,,,,,,,,,,,,,,,,62996,,,,,,
105259,,,,,,,,,,,,,,,,,,,,,,62784,,,,,,,
105752,,,,,,,,,,,,,,,,,,,,,,,63296,,,,,,
105760,,,,,,,,,,,,,,,,,,,,,,63083,,,,,,,
105991,54600,56000,54000,53600,54200,70000,1.2e+06,1.2e+06,1.2e+06,1.2e+06,1.596e+06,1.596e+06,,4922581.739,,,,,,,,,,1.9802,7,7,0,100,100
106252,,,,,,,,,,,,,,,,,,,,,,,63596,,,,,,
106260,,,,,,,,,,,,,,,,,,,,,,63382,,,,,,,
106752,,,,,,,,,,,,,,,,,,,,,,,63896,,,,,,
106761,,,,,,,,,,,,,,,,,,,,,,63681,,,,,,,
106991,54600,56200,54000,53600,54200,70000,1.2e+06,1.2e+06,1.2e+06,1.2e+06,1.596e+06,1.596e+06,,4922590.290,,,,,,,,,,7,0,6.93069,0,100,100
107253,,,,,,,,,,,,,,,,,,,,,,,64196,,,,,,
107261,,,,,,,,,,,,,,,,,,,,,,63980,,,,,,,
107753,,,,,,,,,,,,,,,,,,,,,,,64496,,,,,,
107762,,,,,,,,,,,,,,,,,,,,,,64279,,,,,,,
107991,54600,56200,54000,53600,54600,70000,1.2e+06,1.2e+06,1.2e+06,1.2e+06,1.596e+06,1.596e+06,,4922598.888,,,,,,,,,,8,7,0,2.9703,100,100
108254,,,,,,,,,,,,,,,,,,,,,,,64796,,,,,,
108262,,,,,,,,,,,,,,,,,,,,,,64578,,,,,,,
108754,,,,,,,,,,,,,,,,,,,,,,,65096,,,,,,
108763,,,,,,,,,,,,,,,,,,,,,,64877,,,,,,,
108991,54600,56200,54000,53600,54200,70000,1.2e+06,1.2e+06,1.2e+06,1.2e+06,1.596e+06,1.596e+06,,4922607.523,,,,,,,,,,1,9,0,4.0404,100,100
109255,,,,,,,,,,,,,,,,,,,,,,,65396,,,,,,
109263,,,,,,,,,,,,,,,,,,,,,,65176,,,,,,,
109755,,,,,,,,,,,,,,,,,,,,,,,65696,,,,,,
109764,,,,,,,,,,,,,,,,,,,,,,65475,,,,,,,
109991,54400,56200,54000,53600,54400,70000,1.2e+06,1.2e+06,1.2e+06,1.2e+06,1.596e+06,1.596e+06,,4922616.044,,,,,,,,,,0,17.6471,0,1,100,100
110256,,,,,,,,,,,,,,,,,,,,,,,65996,,,,,,
110265,,,,,,,,,,,,,,,,,,,,,,65774,,,,,,,
110756,,,,,,,,,,,,,,,,,,,,,,,66296,,,,,,
110765,,,,,,,,,,,,,,,,,,,,,,66073,,,,,,,
110991,54200,56000,53800,53600,54200,70000,1.2e+06,1.2e+06,1.2e+06,1.2e+06,1.596e+06,1.596e+06,,4922624.653,,,,,,,,,,7,0,0,6.06061,100,100
111257,,,,,,,,,,,,,,,,,,,,,,,66596,,,,,,
111266,,,,,,,,,,,,,,,,,,,,,,66372,,,,,,,
111757,,,,,,,,,,,,,,,,,,,,,,,66896,,,,,,
111766,,,,,,,,,,,,,,,,,,,,,,66671,,,,,,,
111991,54600,56200,54000,53400,54400,70000,1.2e+06,1.2e+06,1.2e+06,1.2e+06,1.596e+06,1.596e+06,24.965,4922633.153,,,,,,,,,,7.92079,0,4.12371,1,100,100
112258,,,,,,,,,,,,,,,,,,,,,,,67196,,,,,,
112267,,,,,,,,,,,,,,,,,,,,,,66970,,,,,,,
112758,,,,,,,,,,,,,,,,,,,,,,,67496,,,,,,
112767,,,,,,,,,,,,,,,,,,,,,,67269,,,,,,,
112992,54600,56200,54000,53600,54200,70000,1.2e+06,1.2e+06,1.2e+06,1.2e+06,1.596e+06,1.596e+06,,4922641.804,,,,,,,,,,3.0303,9.90099,2.0202,2.0202,100,100
113259,,,,,,,,,,,,,,,,,,,,,,,67796,,,,,,
113268,,,,,,,,,,,,,,,,,,,,,,67568,,,,,,,
113759,,,,,,,,,,,,,,,,,,,,,,,68096,,,,,,
113768,,,,,,,,,,,,,,,,,,,,,,67867,,,,,,,
113992,54600,56400,54200,53600,54400,70000,1.2e+06,1.2e+06,1.2e+06,1.2e+06,1.596e+06,1.596e+06,,4922650.325,,,,,,,,,,2,12.8713,5.94059,0,100,100
114260,,,,,,,,,,,,,,,,,,,,,,,68396,,,,,,
114269,,,,,,,,,,,,,,,,,,,,,,68166,,,,,,,
114760,,,,,,,,,,,,,,,,,,,,,,,68696,,,,,,
114769,,,,,,,,,,,,,,,,,,,,,,68465,,,,,,,
114992,54200,56000,54000,53600,54200,70000,1.2e+06,1.2e+06,1.2e+06,1.2e+06,1.596e+06,1.596e+06,,4922658.821,,,,,,,,,,1.9802,12,1.9802,1,100,100
115261,,,,,,,,,,,,,,,,,,,,,,,68996,,,,,,
115270,,,,,,,,,,,,,,,,,,,,,,68764,,,,,,,
115761,,,,,,,,,,,,,,,,,,,,,,,69296,,,,,,
115770,,,,,,,,,,,,,,,,,,,,,,69063,,,,,,,
115991,54600,56200,54200,53800,54600,70000,1.2e+06,1.2e+06,1.2e+06,1.2e+06,1.596e+06,1.596e+06,,4922667.510,,,,,,,,,,1.0101,2.04082,8,1,100,100
116262,,,,,,,,,,,,,,,,,,,,,,,69596,,,,,,
116271,,,,,,,,,,,,,,,,,,,,,,69362,,,,,,,
116762,,,,,,,,,,,,,,,,,,,,,,,69896,,,,,,
116771,,,,,,,,,,,,,,,,,,,,,,69661,,,,,,,
116992,54600,56200,54000,53600,54400,70000,1.2e+06,1.2e+06,1.2e+06,1.2e+06,1.596e+06,1.596e+06,,4922676.008,,,,,,,,,,1.0101,12,0,0,100,100
117263,,,,,,,,,,,,,,,,,,,,,,,70196,,,,,,
117272,,,,,,,,,,,,,,,,,,,,,,69960,,,,,,,
117763,,,,,,,,,,,,,,,,,,,,,,,70496,,,,,,
117772,,,,,,,,,,,,,,,,,,,,,,70259,,,,,,,
117991,54600,56200,54000,53600,54200,70000,1.2e+06,1.2e+06,1.2e+06,1.2e+06,1.596e+06,1.596e+06,,4922682.409,,,,,,,,,,2,1.0101,8.82353,7,100,100
118264,,,,,,,,,,,,,,,,,,,,,,,70796,,,,,,
118273,,,,,,,,,,,,,,,,,,,,,,70558,,,,,,,
118764,,,,,,,,,,,,,,,,,,,,,,,71096,,,,,,
118774,,,,,,,,,,,,,,,,,,,,,,70857,,,,,,,
118991,54600,56400,54000,53600,54200,70000,1.2e+06,1.2e+06,1.2e+06,1.2e+06,1.596e+06,1.596e+06,,4922690.991,,,,,,,,,,1.0101,1.9802,0,14,100,100
119264,,,,,,,,,,,,,,,,,,,,,,,71396,,,,,,
119274,,,,,,,,,,,,,,,,,,,,,,71156,,,,,,,
119765,,,,,,,,,,,,,,,,,,,,,,,71696,,,,,,
119775,,,,,,,,,,,,,,,,,,,,,,71455,,,,,,,
119991,54600,56200,54200,54000,54600,70000,1.2e+06,1.2e+06,1.2e+06,1.2e+06,1.596e+06,1.596e+06,,4922699.583,,,,,,,,,,1,5.10204,1,7.07071,100,100
120266,,,,,,,,,,,,,,,,,,,,,,,71996,,,,,,
120275,,,,,,,,,,,,,,,,,,,,,,71754,,,,,,,
120766,,,,,,,,,,,,,,,,,,,,,,,72296,,,,,,
120776,,,,,,,,,,,,,,,,,,,,,,72053,,,,,,,
120991,55000,56200,54400,53800,54600,70000,1.2e+06,1.2e+06,1.2e+06,1.2e+06,1.596e+06,1.596e+06,,4922708.102,,,,,,,,,,2.94118,7.84314,0,6,100,100
121266,,,,,,,,,,,,,,,,,,,,,,,72596,,,,,,
121276,,,,,,,,,,,,,,,,,,,,,,72352,,,,,,,
121767,,,,,,,,,,,,,,,,,,,,,,,72896,,,,,,
121777,,,,,,,,,,,,,,,,,,,,,,72651,,,,,,,
121991,55000,56200,54200,54000,54600,70000,1.2e+06,1.2e+06,1.2e+06,1.2e+06,1.596e+06,1.596e+06,24.933,4922716.732,,,,,,,,,,5.10204,0,2,7,100,100
122267,,,,,,,,,,,,,,,,,,,,,,,73196,,,,,,
122277,,,,,,,,,,,,,,,,,,,,,,72950,,,,,,,
122768,,,,,,,,,,,,,,,,,,,,,,,73496,,,,,,
122779,,,,,,,,,,,,,,,,,,,,,,73249,,,,,,,
122991,55000,56600,54600,54000,54600,70000,1.2e+06,1.2e+06,1.2e+06,1.2e+06,1.596e+06,1.596e+06,,4922725.299,,,,,,,,,,7,0,6.06061,0,100,100
123268,,,,,,,,,,,,,,,,,,,,,,,73795,,,,,,
123278,,,,,,,,,,,,,,,,,,,,,,73547,,,,,,,
123769,,,,,,,,,,,,,,,,,,,,,,,74095,,,,,,
123779,,,,,,,,,,,,,,,,,,,,,,73846,,,,,,,
123991,54800,56200,54200,54000,54600,70000,1.2e+06,1.2e+06,1.2e+06,1.2e+06,1.596e+06,1.596e+06,,4922733.863,,,,,,,,,,3,7,5,0,100,100
124269,,,,,,,,,,,,,,,,,,,,,,,74395,,,,,,
124279,,,,,,,,,,,,,,,,,,,,,,74145,,,,,,,
124770,,,,,,,,,,,,,,,,,,,,,,,74695,,,,,,
124780,,,,,,,,,,,,,,,,,,,,,,74444,,,,,,,
124991,54600,56200,54400,53800,54600,70000,1.2e+06,1.2e+06,1.2e+06,1.2e+06,1.596e+06,1.596e+06,,4922742.535,,,,,,,,,,8.08081,0,7,0,100,100
125270,,,,,,,,,,,,,,,,,,,,,,,74995,,,,,,
125280,,,,,,,,,,,,,,,,,,,,,,74743,,,,,,,
125771,,,,,,,,,,,,,,,,,,,,,,,75295,,,,,,
125781,,,,,,,,,,,,,,,,,,,,,,75042,,,,,,,
125991,54800,56200,54400,54000,54400,70000,1.2e+06,1.2e+06,1.2e+06,1.2e+06,1.596e+06,1.596e+06,,4922751.097,,,,,,,,,,2,4,0,10.2041,100,100
126271,,,,,,,,,,,,,,,,,,,,,,,75595,,,,,,
126282,,,,,,,,,,,,,,,,,,,,,,75341,,,,,,,
126772,,,,,,,,,,,,,,,,,,,,,,,75895,,,,,,
126782,,,,,,,,,,,,,,,,,,,,,,75640,,,,,,,
126991,55000,56800,54200,54000,54600,70000,1.2e+06,1.2e+06,1.2e+06,1.2e+06,1.596e+06,1.596e+06,,4922759.682,,,,,,,,,,2.0202,1,0,12.1212,100,100
127272,,,,,,,,,,,,,,,,,,,,,,,76195,,,,,,
127283,,,,,,,,,,,,,,,,,,,,,,75939,,,,,,,
127773,,,,,,,,,,,,,,,,,,,,,,,76495,,,,,,
127783,,,,,,,,,,,,,,,,,,,,,,76238,,,,,,,
127991,55000,56400,54400,54000,54600,70000,1.2e+06,1.2e+06,1.2e+06,1.2e+06,1.596e+06,1.596e+06,,4922768.295,,,,,,,,,,3.92157,0.990099,3.0303,7.07071,100,100
128273,,,,,,,,,,,,,,,,,,,,,,,76795,,,,,,
128284,,,,,,,,,,,,,,,,,,,,,,76537,,,,,,,
128774,,,,,,,,,,,,,,,,,,,,,,,77095,,,,,,
128784,,,,,,,,,,,,,,,,,,,,,,76836,,,,,,,
128991,54800,56600,54600,54000,54800,70000,1.2e+06,1.2e+06,1.2e+06,1.2e+06,1.596e+06,1.596e+06,,4922776.818,,,,,,,,,,6.12245,6.06061,0.990099,0,100,100
129274,,,,,,,,,,,,,,,,,,,,,,,77395,,,,,,
129285,,,,,,,,,,,,,,,,,,,,,,77135,,,,,,,
129775,,,,,,,,,,,,,,,,,,,,,,,77695,,,,,,
129785,,,,,,,,,,,,,,,,,,,,,,77434,,,,,,,
129992,55000,56600,54000,54000,54800,70000,1.2e+06,1.2e+06,1.2e+06,1.2e+06,1.596e+06,1.596e+06,,4922785.393,,,,,,,,,,2,0.990099,0,14.8515,100,100
130275,,,,,,,,,,,,,,,,,,,,,,,77995,,,,,,
130286,,,,,,,,,,,,,,,,,,,,,,77733,,,,,,,
130776,,,,,,,,,,,,,,,,,,,,,,,78295,,,,,,
130787,,,,,,,,,,,,,,,,,,,,,,78032,,,,,,,
130991,54800,56600,54400,54000,54400,70000,1.2e+06,1.2e+06,1.2e+06,1.2e+06,1.596e+06,1.596e+06,,4922793.993,,,,,,,,,,3,1.0101,4.08163,5.05051,100,100
131276,,,,,,,,,,,,,,,,,,,,,,,78595,,,,,,
131287,,,,,,,,,,,,,,,,,,,,,,78331,,,,,,,
131777,,,,,,,,,,,,,,,,,,,,,,,78895,,,,,,
131788,,,,,,,,,,,,,,,,,,,,,,78630,,,,,,,
131991,55200,56600,54600,54000,54800,70000,1.2e+06,1.2e+06,1.2e+06,1.2e+06,1.596e+06,1.596e+06,24.943,4922802.531,,,,,,,,,,6.93069,2,0,9.09091,100,100
132277,,,,,,,,,,,,,,,,,,,,,,,79195,,,,,,
132289,,,,,,,,,,,,,,,,,,,,,,78929,,,,,,,
132778,,,,,,,,,,,,,,,,,,,,,,,79495,,,,,,
132789,,,,,,,,,,,,,,,,,,,,,,79228,,,,,,,
132991,55000,56600,54400,54000,55000,70000,1.2e+06,1.2e+06,1.2e+06,1.2e+06,1.596e+06,1.596e+06,,4922811.125,,,,,,,,,,3,0,0,13.7255,100,100
133278,,,,,,,,,,,,,,,,,,,,,,,79795,,,,,,
133290,,,,,,,,,,,,,,,,,,,,,,79527,,,,,,,
133779,,,,,,,,,,,,,,,,,,,,,,,80095,,,,,,
133790,,,,,,,,,,,,,,,,,,,,,,79826,,,,,,,
133991,54800,56600,54400,53800,54600,70000,1.2e+06,1.2e+06,1.2e+06,1.2e+06,1.596e+06,1.596e+06,,4922819.770,,,,,,,,,,2.9703,5.05051,1,6.93069,100,100
134279,,,,,,,,,,,,,,,,,,,,,,,80395,,,,,,
134291,,,,,,,,,,,,,,,,,,,,,,80125,,,,,,,
134779,,,,,,,,,,,,,,,,,,,,,,,80695,,,,,,
134791,,,,,,,,,,,,,,,,,,,,,,80424,,,,,,,
134991,55000,56600,54400,53800,54600,70000,1.2e+06,1.2e+06,1.2e+06,1.2e+06,1.596e+06,1.596e+06,,4922828.369,,,,,,,,,,0,0,0,13.1313,100,100
135280,,,,,,,,,,,,,,,,,,,,,,,80995,,,,,,
135292,,,,,,,,,,,,,,,,,,,,,,80723,,,,,,,
135780,,,,,,,,,,,,,,,,,,,,,,,81295,,,,,,
135792,,,,,,,,,,,,,,,,,,,,,,81022,,,,,,,
135991,55000,56600,54600,54000,54800,70000,1.2e+06,1.2e+06,1.2e+06,1.2e+06,1.596e+06,1.596e+06,,4922836.957,,,,,,,,,,2.9703,1,0,14.7059,100,100
136281,,,,,,,,,,,,,,,,,,,,,,,81595,,,,,,
136293,,,,,,,,,,,,,,,,,,,,,,81321,,,,,,,
136781,,,,,,,,,,,,,,,,,,,,,,,81895,,,,,,
136793,,,,,,,,,,,,,,,,,,,,,,81620,,,,,,,
136991,55000,56600,54200,54200,54600,70000,1.2e+06,1.2e+06,1.2e+06,1.2e+06,1.596e+06,1.596e+06,,4922845.510,,,,,,,,,,7.14286,1,0,7.07071,100,100
137282,,,,,,,,,,,,,,,,,,,,,,,82195,,,,,,
137294,,,,,,,,,,,,,,,,,,,,,,81919,,,,,,,
137782,,,,,,,,,,,,,,,,,,,,,,,82495,,,,,,
137795,,,,,,,,,,,,,,,,,,,,,,82218,,,,,,,
137991,55000,56600,54600,54000,54800,70000,1.2e+06,1.2e+06,1.2e+06,1.2e+06,1.596e+06,1.596e+06,,4922854.094,,,,,,,,,,2,0,0.990099,13.1313,100,100
138283,,,,,,,,,,,,,,,,,,,,,,,82795,,,,,,
138295,,,,,,,,,,,,,,,,,,,,,,82517,,,,,,,
138783,,,,,,,,,,,,,,,,,,,,,,,83095,,,,,,
138796,,,,,,,,,,,,,,,,,,,,,,82816,,,,,,,
138991,55200,56600,54400,54000,54600,70000,1.2e+06,1.2e+06,1.2e+06,1.2e+06,1.596e+06,1.596e+06,,4922862.677,,,,,,,,,,2,0,1,11.1111,100,100
139284,,,,,,,,,,,,,,,,,,,,,,,83395,,,,,,
139296,,,,,,,,,,,,,,,,,,,,,,83115,,,,,,,
139784,,,,,,,,,,,,,,,,,,,,,,,83695,,,,,,
139797,,,,,,,,,,,,,,,,,,,,,,83414,,,,,,,
139991,55000,56600,54400,54000,54800,70000,1.2e+06,1.2e+06,1.2e+06,1.2e+06,1.596e+06,1.596e+06,,4922871.156,,,,,,,,,,2,0.990099,2.94118,11.1111,100,100
140285,,,,,,,,,,,,,,,,,,,,,,,83995,,,,,,
140298,,,,,,,,,,,,,,,,,,,,,,83713,,,,,,,
140785,,,,,,,,,,,,,,,,,,,,,,,84295,,,,,,
140798,,,,,,,,,,,,,,,,,,,,,,84012,,,,,,,
140991,55200,56800,54400,54400,54800,70000,1.2e+06,1.2e+06,1.2e+06,1.2e+06,1.596e+06,1.596e+06,,4922879.740,,,,,,,,,,1,0,0,11.1111,100,100
141286,,,,,,,,,,,,,,,,,,,,,,,84595,,,,,,
141299,,,,,,,,,,,,,,,,,,,,,,84311,,,,,,,
141786,,,,,,,,,,,,,,,,,,,,,,,84895,,,,,,
141799,,,,,,,,,,,,,,,,,,,,,,84610,,,,,,,
141991,55000,56600,54600,54200,54800,70000,1.2e+06,1.2e+06,1.2e+06,1.2e+06,1.596e+06,1.596e+06,24.922,4922888.362,,,,,,,,,,1,0,5.10204,7,100,100
142287,,,,,,,,,,,,,,,,,,,,,,,85195,,,,,,
142300,,,,,,,,,,,,,,,,,,,,,,84909,,,,,,,
142787,,,,,,,,,,,,,,,,,,,,,,,85495,,,,,,
142800,,,,,,,,,,,,,,,,,,,,,,85208,,,,,,,
142992,55000,56800,54800,54200,55000,70000,1.2e+06,1.2e+06,1.2e+06,1.2e+06,1.596e+06,1.596e+06,,4922896.939,,,,,,,,,,1.0101,1,6.93069,8,100,100
143286,,,,,,,,,,,,,,,,,,,,,,,85794,,,,,,
143301,,,,,,,,,,,,,,,,,,,,,,85507,,,,,,,
143787,,,,,,,,,,,,,,,,,,,,,,,86094,,,,,,
143802,,,,,,,,,,,,,,,,,,,,,,85806,,,,,,,
143991,55000,56800,54600,54200,55000,70000,1.2e+06,1.2e+06,1.2e+06,1.2e+06,1.596e+06,1.596e+06,,4922905.441,,,,,,,,,,3.9604,0,9.18367,4,100,100
144287,,,,,,,,,,,,,,,,,,,,,,,86394,,,,,,
144302,,,,,,,,,,,,,,,,,,,,,,86105,,,,,,,
144788,,,,,,,,,,,,,,,,,,,,,,,86694,,,,,,
144803,,,,,,,,,,,,,,,,,,,,,,86404,,,,,,,
144991,55000,56600,54600,54000,55000,70000,1.2e+06,1.2e+06,1.2e+06,1.2e+06,1.596e+06,1.596e+06,,4922914.015,,,,,,,,,,1.02041,0.990099,11.3402,0,100,100
145288,,,,,,,,,,,,,,,,,,,,,,,86994,,,,,,
145304,,,,,,,,,,,,,,,,,,,,,,86703,,,,,,,
145789,,,,,,,,,,,,,,,,,,,,,,,87294,,,,,,
145804,,,,,,,,,,,,,,,,,,,,,,87002,,,,,,,
145991,55000,56600,54800,54200,55000,70000,1.2e+06,1.2e+06,1.2e+06,1.2e+06,1.596e+06,1.596e+06,,4922922.522,,,,,,,,,,2.9703,0,1.0101,10,100,100
146289,,,,,,,,,,,,,,,,,,,,,,,87594,,,,,,
146305,,,,,,,,,,,,,,,,,,,,,,87301,,,,,,,
146789,,,,,,,,,,,,,,,,,,,,,,,87894,,,,,,
146805,,,,,,,,,,,,,,,,,,,,,,87600,,,,,,,
146991,55000,56600,54600,54200,54800,70000,1.2e+06,1.2e+06,1.2e+06,1.2e+06,1.596e+06,1.596e+06,,4922931.096,,,,,,,,,,1,5.05051,2.9703,7.07071,100,100
147290,,,,,,,,,,,,,,,,,,,,,,,88194,,,,,,
147306,,,,,,,,,,,,,,,,,,,,,,87899,,,,,,,
147790,,,,,,,,,,,,,,,,,,,,,,,88494,,,,,,
147806,,,,,,,,,,,,,,,,,,,,,,88198,,,,,,,
147992,55000,56800,54600,54000,54800,70000,1.2e+06,1.2e+06,1.2e+06,1.2e+06,1.596e+06,1.596e+06,,4922939.723,,,,,,,,,,2,1,1,12,100,100
148291,,,,,,,,,,,,,,,,,,,,,,,88794,,,,,,
148307,,,,,,,,,,,,,,,,,,,,,,88497,,,,,,,
148791,,,,,,,,,,,,,,,,,,,,,,,89094,,,,,,
148807,,,,,,,,,,,,,,,,,,,,,,88796,,,,,,,
148991,55000,56600,54800,54200,55000,70000,1.2e+06,1.2e+06,1.2e+06,1.2e+06,1.596e+06,1.596e+06,,4922948.259,,,,,,,,,,1,0,2,16,100,100
149292,,,,,,,,,,,,,,,,,,,,,,,89394,,,,,,
149308,,,,,,,,,,,,,,,,,,,,,,89095,,,,,,,
149792,,,,,,,,,,,,,,,,,,,,,,,89694,,,,,,
149809,,,,,,,,,,,,,,,,,,,,,,89394,,,,,,,
149991,55000,56800,54600,54000,55000,70000,1.2e+06,1.2e+06,1.2e+06,1.2e+06,1.596e+06,1.596e+06,,4922956.837,,,,,,,,,,1,0,0,10.2041,100,100
150293,,,,,,,,,,,,,,,,,,,,,,,89994,,,,,,
150309,,,,,,,,,,,,,,,,,,,,,,89693,,,,,,,
150793,,,,,,,,,,,,,,,,,,,,,,,90294,,,,,,
150810,,,,,,,,,,,,,,,,,,,,,,89992,,,,,,,
150991,55000,56800,54600,54400,55000,70000,1.2e+06,1.2e+06,1.2e+06,1.2e+06,1.596e+06,1.596e+06,,4922965.382,,,,,,,,,,1,0.990099,1.9802,12.8713,100,100
151294,,,,,,,,,,,,,,,,,,,,,,,90594,,,,,,
151311,,,,,,,,,,,,,,,,,,,,,,90291,,,,,,,
151794,,,,,,,,,,,,,,,,,,,,,,,90894,,,,,,
151811,,,,,,,,,,,,,,,,,,,,,,90590,,,,,,,
151991,54800,56600,54400,54000,55000,70000,1.2e+06,1.2e+06,1.2e+06,1.2e+06,1.596e+06,1.596e+06,24.922,4922973.962,,,,,,,,,,6.06061,1,6,0,100,100
152295,,,,,,,,,,,,,,,,,,,,,,,91194,,,,,,
152312,,,,,,,,,,,,,,,,,,,,,,90889,,,,,,,
152795,,,,,,,,,,,,,,,,,,,,,,,91494,,,,,,
152812,,,,,,,,,,,,,,,,,,,,,,91188,,,,,,,
152991,55200,56600,54600,54000,55000,70000,1.2e+06,1.2e+06,1.2e+06,1.2e+06,1.596e+06,1.596e+06,,4922982.517,,,,,,,,,,6.06061,0,10,1.0101,100,100
153296,,,,,,,,,,,,,,,,,,,,,,,91794,,,,,,
153313,,,,,,,,,,,,,,,,,,,,,,91487,,,,,,,
153797,,,,,,,,,,,,,,,,,,,,,,,92094,,,,,,
153814,,,,,,,,,,,,,,,,,,,,,,91786,,,,,,,
153991,55400,56800,54800,54400,55000,70000,1.2e+06,1.2e+06,1.2e+06,1.2e+06,1.596e+06,1.596e+06,,4922991.125,,,,,,,,,,9.09091,1.9802,1.0101,5.94059,100,100
154297,,,,,,,,,,,,,,,,,,,,,,,92394,,,,,,
154315,,,,,,,,,,,,,,,,,,,,,,92085,,,,,,,
154798,,,,,,,,,,,,,,,,,,,,,,,92694,,,,,,
154815,,,,,,,,,,,,,,,,,,,,,,92384,,,,,,,
154991,55000,56600,54600,54000,55000,70000,1.2e+06,1.2e+06,1.2e+06,1.2e+06,1.596e+06,1.596e+06,,4922999.710,,,,,,,,,,8.82353,0,2.9703,5.05051,100,100
155299,,,,,,,,,,,,,,,,,,,,,,,92994,,,,,,
155314,,,,,,,,,,,,,,,,,,,,,,92682,,,,,,,
155799,,,,,,,,,,,,,,,,,,,,,,,93294,,,,,,
155815,,,,,,,,,,,,,,,,,,,,,,92981,,,,,,,
155991,55200,56800,54800,54400,55000,70000,1.2e+06,1.2e+06,1.2e+06,1.2e+06,1.596e+06,1.596e+06,,4923008.238,,,,,,,,,,2,0,11.8812,1.0101,100,100
156300,,,,,,,,,,,,,,,,,,,,,,,93594,,,,,,
156316,,,,,,,,,,,,,,,,,,,,,,93280,,,,,,,
156800,,,,,,,,,,,,,,,,,,,,,,,93894,,,,,,
156817,,,,,,,,,,,,,,,,,,,,,,93579,,,,,,,
156991,55000,56800,54400,54400,54800,70000,1.2e+06,1.2e+06,1.2e+06,1.2e+06,1.596e+06,1.596e+06,,4923014.736,,,,,,,,,,1,0,6.06061,5.10204,100,100
157301,,,,,,,,,,,,,,,,,,,,,,,94194,,,,,,
157317,,,,,,,,,,,,,,,,,,,,,,93878,,,,,,,
157801,,,,,,,,,,,,,,,,,,,,,,,94494,,,,,,
157818,,,,,,,,,,,,,,,,,,,,,,94177,,,,,,,
157991,55400,57000,54800,54200,55000,70000,1.2e+06,1.2e+06,1.2e+06,1.2e+06,1.596e+06,1.596e+06,,4923023.298,,,,,,,,,,0,0,7.84314,6.93069,100,100
158302,,,,,,,,,,,,,,,,,,,,,,,94794,,,,,,
158318,,,,,,,,,,,,,,,,,,,,,,94476,,,,,,,
158802,,,,,,,,,,,,,,,,,,,,,,,95094,,,,,,
158819,,,,,,,,,,,,,,,,,,,,,,94775,,,,,,,
158991,55400,57000,55000,54400,55000,70000,1.2e+06,1.2e+06,1.2e+06,1.2e+06,1.596e+06,1.596e+06,,4923031.869,,,,,,,,,,3,6.93069,4.12371,1.0101,100,100
159303,,,,,,,,,,,,,,,,,,,,,,,95394,,,,,,
159320,,,,,,,,,,,,,,,,,,,,,,95074,,,,,,,
159803,,,,,,,,,,,,,,,,,,,,,,,95694,,,,,,
159820,,,,,,,,,,,,,,,,,,,,,,95373,,,,,,,
159991,55400,57000,54800,54000,55000,70000,1.2e+06,1.2e+06,1.2e+06,1.2e+06,1.596e+06,1.596e+06,,4923040.459,,,,,,,,,,3.9604,0,6,10,100,100
160304,,,,,,,,,,,,,,,,,,,,,,,95994,,,,,,
160321,,,,,,,,,,,,,,,,,,,,,,95672,,,,,,,
160804,,,,,,,,,,,,,,,,,,,,,,,96294,,,,,,
160822,,,,,,,,,,,,,,,,,,,,,,95971,,,,,,,
160991,55000,56800,54800,54200,55000,70000,1.2e+06,1.2e+06,1.2e+06,1.2e+06,1.596e+06,1.596e+06,,4923048.961,,,,,,,,,,8.82353,0,0,6.06061,100,100
161305,,,,,,,,,,,,,,,,,,,,,,,96594,,,,,,
161322,,,,,,,,,,,,,,,,,,,,,,96270,,,,,,,
161805,,,,,,,,,,,,,,,,,,,,,,,96894,,,,,,
161823,,,,,,,,,,,,,,,,,,,,,,96569,,,,,,,
161991,55400,57000,54800,54400,55000,70000,1.2e+06,1.2e+06,1.2e+06,1.2e+06,1.596e+06,1.596e+06,24.89,4923057.594,,,,,,,,,,7.07071,1.0101,0,6,100,100
162306,,,,,,,,,,,,,,,,,,,,,,,97194,,,,,,
162323,,,,,,,,,,,,,,,,,,,,,,96868,,,,,,,
162806,,,,,,,,,,,,,,,,,,,,,,,97494,,,,,,
162824,,,,,,,,,,,,,,,,,,,,,,97167,,,,,,,
162992,55400,57000,55000,54400,55200,70000,1.2e+06,1.2e+06,1.2e+06,1.2e+06,1.596e+06,1.596e+06,,4923066.123,,,,,,,,,,6.06061,1,0.990099,6,100,100
163306,,,,,,,,,,,,,,,,,,,,,,,97794,,,,,,
163324,,,,,,,,,,,,,,,,,,,,,,97466,,,,,,,
163807,,,,,,,,,,,,,,,,,,,,,,,98094,,,,,,
163825,,,,,,,,,,,,,,,,,,,,,,97765,,,,,,,
163992,55000,57000,54800,54000,54800,70000,1.2e+06,1.2e+06,1.2e+06,1.2e+06,1.596e+06,1.596e+06,,4923074.624,,,,,,,,,,1,0,2,14.1414,100,100
164307,,,,,,,,,,,,,,,,,,,,,,,98394,,,,,,
164325,,,,,,,,,,,,,,,,,,,,,,98064,,,,,,,
164808,,,,,,,,,,,,,,,,,,,,,,,98694,,,,,,
164826,,,,,,,,,,,,,,,,,,,,,,98363,,,,,,,
164991,55000,56600,54800,54400,55000,70000,1.2e+06,1.2e+06,1.2e+06,1.2e+06,1.596e+06,1.596e+06,,4923083.227,,,,,,,,,,0,0,5.10204,10,100,100
165308,,,,,,,,,,,,,,,,,,,,,,,98994,,,,,,
165327,,,,,,,,,,,,,,,,,,,,,,98662,,,,,,,
165809,,,,,,,,,,,,,,,,,,,,,,,99294,,,,,,
165827,,,,,,,,,,,,,,,,,,,,,,98961,,,,,,,
165991,55400,57000,55000,54400,55400,70000,1.2e+06,1.2e+06,1.2e+06,1.2e+06,1.596e+06,1.596e+06,,4923091.834,,,,,,,,,,1.0101,2.9703,6,4.0404,100,100
166309,,,,,,,,,,,,,,,,,,,,,,,99594,,,,,,
166328,,,,,,,,,,,,,,,,,,,,,,99260,,,,,,,
166810,,,,,,,,,,,,,,,,,,,,,,,99894,,,,,,
166829,,,,,,,,,,,,,,,,,,,,,,99559,,,,,,,
166991,55400,56800,54800,54400,55200,70000,1.2e+06,1.2e+06,1.2e+06,1.2e+06,1.596e+06,1.596e+06,,4923100.343,,,,,,,,,,8,4.08163,0,1,100,100
167311,,,,,,,,,,,,,,,,,,,,,,,100194,,,,,,
167329,,,,,,,,,,,,,,,,,,,,,,99858,,,,,,,
167811,,,,,,,,,,,,,,,,,,,,,,,100494,,,,,,
167830,,,,,,,,,,,,,,,,,,,,,,100157,,,,,,,
167991,55400,57000,55000,54400,55000,70000,1.2e+06,1.2e+06,1.2e+06,1.2e+06,1.596e+06,1.596e+06,,4923108.936,,,,,,,,,,2,13.7255,1,0,100,100
168312,,,,,,,,,,,,,,,,,,,,,,,100794,,,,,,
168330,,,,,,,,,,,,,,,,,,,,,,100456,,,,,,,
168812,,,,,,,,,,,,,,,,,,,,,,,101094,,,,,,
168831,,,,,,,,,,,,,,,,,,,,,,100755,,,,,,,
168991,55200,56800,54600,54200,55000,70000,1.2e+06,1.2e+06,1.2e+06,1.2e+06,1.596e+06,1.596e+06,,4923117.531,,,,,,,,,,7.07071,5.05051,2,1,100,100
169312,,,,,,,,,,,,,,,,,,,,,,,101394,,,,,,
169331,,,,,,,,,,,,,,,,,,,,,,101054,,,,,,,
169813,,,,,,,,,,,,,,,,,,,,,,,101694,,,,,,
169832,,,,,,,,,,,,,,,,,,,,,,101353,,,,,,,
169991,55600,57000,55000,54400,55200,70000,1.2e+06,1.2e+06,1.2e+06,1.2e+06,1.596e+06,1.596e+06,,4923126.045,,,,,,,,,,13.8614,0,0,0.990099,100,100
170313,,,,,,,,,,,,,,,,,,,,,,,101994,,,,,,
170332,,,,,,,,,,,,,,,,,,,,,,101652,,,,,,,
170814,,,,,,,,,,,,,,,,,,,,,,,102294,,,,,,
170833,,,,,,,,,,,,,,,,,,,,,,101951,,,,,,,
170991,55000,57000,54600,54400,55000,70000,1.2e+06,1.2e+06,1.2e+06,1.2e+06,1.596e+06,1.596e+06,,4923134.632,,,,,,,,,,7.92079,0,5.10204,0,100,100
171314,,,,,,,,,,,,,,,,,,,,,,,102594,,,,,,
171334,,,,,,,,,,,,,,,,,,,,,,102250,,,,,,,
171815,,,,,,,,,,,,,,,,,,,,,,,102894,,,,,,
171834,,,,,,,,,,,,,,,,,,,,,,102549,,,,,,,
171991,55200,57000,55000,54400,55000,70000,1.2e+06,1.2e+06,1.2e+06,1.2e+06,1.596e+06,1.596e+06,24.9,4923143.255,,,,,,,,,,7,4,2,2.9703,100,100
172315,,,,,,,,,,,,,,,,,,,,,,,103194,,,,,,
172335,,,,,,,,,,,,,,,,,,,,,,102848,,,,,,,
172816,,,,,,,,,,,,,,,,,,,,,,,103494,,,,,,
172835,,,,,,,,,,,,,,,,,,,,,,103147,,,,,,,
172992,55400,57000,54800,54200,55000,70000,1.2e+06,1.2e+06,1.2e+06,1.2e+06,1.596e+06,1.596e+06,,4923151.801,,,,,,,,,,7,0,0,7,100,100
173316,,,,,,,,,,,,,,,,,,,,,,,103794,,,,,,
173336,,,,,,,,,,,,,,,,,,,,,,103446,,,,,,,
173817,,,,,,,,,,,,,,,,,,,,,,,104094,,,,,,
173836,,,,,,,,,,,,,,,,,,,,,,103745,,,,,,,
173991,55200,57000,54800,54400,55200,70000,1.2e+06,1.2e+06,1.2e+06,1.2e+06,1.596e+06,1.596e+06,,4923160.407,,,,,,,,,,7.76699,8.91089,3.92157,0,100,100
174317,,,,,,,,,,,,,,,,,,,,,,,104394,,,,,,
174337,,,,,,,,,,,,,,,,,,,,,,104044,,,,,,,
174818,,,,,,,,,,,,,,,,,,,,,,,104694,,,,,,
174838,,,,,,,,,,,,,,,,,,,,,,104343,,,,,,,
174991,55200,57000,54800,54400,55200,70000,1.2e+06,1.2e+06,1.2e+06,1.2e+06,1.596e+06,1.596e+06,,4923168.948,,,,,,,,,,0,6,0,4.08163,100,100
175318,,,,,,,,,,,,,,,,,,,,,,,104994,,,,,,
175338,,,,,,,,,,,,,,,,,,,,,,104642,,,,,,,
175819,,,,,,,,,,,,,,,,,,,,,,,105294,,,,,,
175839,,,,,,,,,,,,,,,,,,,,,,104941,,,,,,,
175991,55200,56600,54800,54200,55200,70000,1.2e+06,1.2e+06,1.2e+06,1.2e+06,1.596e+06,1.596e+06,,4923177.526,,,,,,,,,,4.08163,6.06061,2,2,100,100
176319,,,,,,,,,,,,,,,,,,,,,,,105594,,,,,,
176339,,,,,,,,,,,,,,,,,,,,,,105240,,,,,,,
176820,,,,,,,,,,,,,,,,,,,,,,,105894,,,,,,
176840,,,,,,,,,,,,,,,,,,,,,,105539,,,,,,,
176992,55400,57000,54800,54400,55200,70000,1.2e+06,1.2e+06,1.2e+06,1.2e+06,1.596e+06,1.596e+06,,4923186.141,,,,,,,,,,8.91089,6,0,0,100,100
177320,,,,,,,,,,,,,,,,,,,,,,,106194,,,,,,
177341,,,,,,,,,,,,,,,,,,,,,,105838,,,,,,,
177821,,,,,,,,,,,,,,,,,,,,,,,106494,,,,,,
177841,,,,,,,,,,,,,,,,,,,,,,106137,,,,,,,
177992,55200,57000,54600,54200,55000,70000,1.2e+06,1.2e+06,1.2e+06,1.2e+06,1.596e+06,1.596e+06,,4923194.659,,,,,,,,,,4.9505,4.0404,6.06061,1,100,100
178321,,,,,,,,,,,,,,,,,,,,,,,106794,,,,,,
178342,,,,,,,,,,,,,,,,,,,,,,106436,,,,,,,
178822,,,,,,,,,,,,,,,,,,,,,,,107094,,,,,,
178842,,,,,,,,,,,,,,,,,,,,,,106735,,,,,,,
178992,55400,56800,54600,54400,55000,70000,1.2e+06,1.2e+06,1.2e+06,1.2e+06,1.596e+06,1.596e+06,,4923203.292,,,,,,,,,,6.86275,7.84314,0,5,100,100
179322,,,,,,,,,,,,,,,,,,,,,,,107394,,,,,,
179343,,,,,,,,,,,,,,,,,,,,,,107034,,,,,,,
179823,,,,,,,,,,,,,,,,,,,,,,,107694,,,,,,
179844,,,,,,,,,,,,,,,,,,,,,,107333,,,,,,,
179991,55400,57000,55000,54400,55000,70000,1.2e+06,1.2e+06,1.2e+06,1.2e+06,1.596e+06,1.596e+06,,4923211.868,,,,,,,,,,2,4.9505,6.06061,2,100,100
180323,,,,,,,,,,,,,,,,,,,,,,,107994,,,,,,
180345,,,,,,,,,,,,,,,,,,,,,,107632,,,,,,,
180824,,,,,,,,,,,,,,,,,,,,,,,108294,,,,,,
180845,,,,,,,,,,,,,,,,,,,,,,107931,,,,,,,
180991,55400,57000,54600,54400,55000,70000,1.2e+06,1.2e+06,1.2e+06,1.2e+06,1.596e+06,1.596e+06,,4923220.450,,,,,,,,,,1,2.9703,11.8812,0,100,100
181325,,,,,,,,,,,,,,,,,,,,,,,108594,,,,,,
181344,,,,,,,,,,,,,,,,,,,,,,108229,,,,,,,
181825,,,,,,,,,,,,,,,,,,,,,,,108894,,,,,,
181845,,,,,,,,,,,,,,,,,,,,,,108528,,,,,,,
181991,55400,57000,55000,54600,55200,70000,1.2e+06,1.2e+06,1.2e+06,1.2e+06,1.596e+06,1.596e+06,24.911,4923229.077,,,,,,,,,,4,1,8.24742,0,100,100
182325,,,,,,,,,,,,,,,,,,,,,,,109194,,,,,,
182345,,,,,,,,,,,,,,,,,,,,,,108827,,,,,,,
182826,,,,,,,,,,,,,,,,,,,,,,,109494,,,,,,
182846,,,,,,,,,,,,,,,,,,,,,,109126,,,,,,,
182992,55200,56800,54800,54200,55000,70000,1.2e+06,1.2e+06,1.2e+06,1.2e+06,1.596e+06,1.596e+06,,4923237.720,,,,,,,,,,3,1.0101,13.7255,0,100,100
183326,,,,,,,,,,,,,,,,,,,,,,,109794,,,,,,
183347,,,,,,,,,,,,,,,,,,,,,,109425,,,,,,,
183826,,,,,,,,,,,,,,,,,,,,,,,110094,,,,,,
183847,,,,,,,,,,,,,,,,,,,,,,109724,,,,,,,
183991,55400,57000,54800,54200,55000,70000,1.2e+06,1.2e+06,1.2e+06,1.2e+06,1.596e+06,1.596e+06,,4923246.231,,,,,,,,,,6,1.0101,3,6,100,100
184327,,,,,,,,,,,,,,,,,,,,,,,110394,,,,,,
184348,,,,,,,,,,,,,,,,,,,,,,110023,,,,,,,
184827,,,,,,,,,,,,,,,,,,,,,,,110694,,,,,,
184848,,,,,,,,,,,,,,,,,,,,,,110322,,,,,,,
184991,55200,57000,54800,54800,55000,70000,1.2e+06,1.2e+06,1.2e+06,1.2e+06,1.596e+06,1.596e+06,,4923254.771,,,,,,,,,,2.9703,0,10.2041,1.0101,100,100
185327,,,,,,,,,,,,,,,,,,,,,,,110994,,,,,,
185349,,,,,,,,,,,,,,,,,,,,,,110621,,,,,,,
185828,,,,,,,,,,,,,,,,,,,,,,,111294,,,,,,
185849,,,,,,,,,,,,,,,,,,,,,,110920,,,,,,,
185992,55400,57000,55000,54400,55400,70000,1.2e+06,1.2e+06,1.2e+06,1.2e+06,1.596e+06,1.596e+06,,4923263.337,,,,,,,,,,1,0,13.7255,0,100,100
186328,,,,,,,,,,,,,,,,,,,,,,,111594,,,,,,
186350,,,,,,,,,,,,,,,,,,,,,,111219,,,,,,,
186828,,,,,,,,,,,,,,,,,,,,,,,111894,,,,,,
186850,,,,,,,,,,,,,,,,,,,,,,111518,,,,,,,
186992,55400,57000,55000,54400,55000,70000,1.2e+06,1.2e+06,1.2e+06,1.2e+06,1.596e+06,1.596e+06,,4923271.852,,,,,,,,,,0,2,1.0101,13.7255,100,100
187329,,,,,,,,,,,,,,,,,,,,,,,112194,,,,,,
187351,,,,,,,,,,,,,,,,,,,,,,111817,,,,,,,
187829,,,,,,,,,,,,,,,,,,,,,,,112494,,,,,,
187852,,,,,,,,,,,,,,,,,,,,,,112116,,,,,,,
187991,55800,57200,55200,54600,55200,70000,1.2e+06,1.2e+06,1.2e+06,1.2e+06,1.596e+06,1.596e+06,,4923280.522,,,,,,,,,,2,9,1,5,100,100
188330,,,,,,,,,,,,,,,,,,,,,,,112794,,,,,,
188352,,,,,,,,,,,,,,,,,,,,,,112415,,,,,,,
188830,,,,,,,,,,,,,,,,,,,,,,,113094,,,,,,
188853,,,,,,,,,,,,,,,,,,,,,,112714,,,,,,,
188991,55400,57000,55000,54400,54800,70000,1.2e+06,1.2e+06,1.2e+06,1.2e+06,1.596e+06,1.596e+06,,4923289.109,,,,,,,,,,7,4,4,0,100,100
189330,,,,,,,,,,,,,,,,,,,,,,,113394,,,,,,
189353,,,,,,,,,,,,,,,,,,,,,,113013,,,,,,,
189831,,,,,,,,,,,,,,,,,,,,,,,113694,,,,,,
189854,,,,,,,,,,,,,,,,,,,,,,113312,,,,,,,
189991,55600,57000,55000,54600,55200,70000,1.2e+06,1.2e+06,1.2e+06,1.2e+06,1.596e+06,1.596e+06,,4923297.632,,,,,,,,,,1.0101,2.0202,8,5,100,100
190331,,,,,,,,,,,,,,,,,,,,,,,113994,,,,,,
190355,,,,,,,,,,,,,,,,,,,,,,113611,,,,,,,
190832,,,,,,,,,,,,,,,,,,,,,,,114294,,,,,,
190855,,,,,,,,,,,,,,,,,,,,,,113910,,,,,,,
190992,55200,57000,54800,54400,55000,70000,1.2e+06,1.2e+06,1.2e+06,1.2e+06,1.596e+06,1.596e+06,,4923306.246,,,,,,,,,,1,0,2.04082,11,100,100
191332,,,,,,,,,,,,,,,,,,,,,,,114594,,,,,,
191356,,,,,,,,,,,,,,,,,,,,,,114209,,,,,,,
191832,,,,,,,,,,,,,,,,,,,,,,,114894,,,,,,
191856,,,,,,,,,,,,,,,,,,,,,,114508,,,,,,,
191991,55400,57000,55000,54600,55400,70000,1.2e+06,1.2e+06,1.2e+06,1.2e+06,1.596e+06,1.596e+06,24.922,4923314.752,,,,,,,,,,0,0.990099,7.92079,7.92079,100,100
192333,,,,,,,,,,,,,,,,,,,,,,,115194,,,,,,
192357,,,,,,,,,,,,,,,,,,,,,,114807,,,,,,,
192833,,,,,,,,,,,,,,,,,,,,,,,115494,,,,,,
192857,,,,,,,,,,,,,,,,,,,,,,115106,,,,,,,
192991,55400,57000,55000,54400,55200,70000,1.2e+06,1.2e+06,1.2e+06,1.2e+06,1.596e+06,1.596e+06,,4923323.324,,,,,,,,,,1,0,7,6.06061,100,100
193334,,,,,,,,,,,,,,,,,,,,,,,115794,,,,,,
193358,,,,,,,,,,,,,,,,,,,,,,115405,,,,,,,
193834,,,,,,,,,,,,,,,,,,,,,,,116094,,,,,,
193859,,,,,,,,,,,,,,,,,,,,,,115704,,,,,,,
193991,55600,57200,54800,54400,55400,70000,1.2e+06,1.2e+06,1.2e+06,1.2e+06,1.596e+06,1.596e+06,,4923331.970,,,,,,,,,,1.0101,7,6.93069,1.9802,100,100
194335,,,,,,,,,,,,,,,,,,,,,,,116394,,,,,,
194359,,,,,,,,,,,,,,,,,,,,,,116003,,,,,,,
194835,,,,,,,,,,,,,,,,,,,,,,,116694,,,,,,
194860,,,,,,,,,,,,,,,,,,,,,,116302,,,,,,,
194992,55400,57000,55200,54600,55000,70000,1.2e+06,1.2e+06,1.2e+06,1.2e+06,1.596e+06,1.596e+06,,4923340.451,,,,,,,,,,3.9604,11,0,1.0101,100,100
195335,,,,,,,,,,,,,,,,,,,,,,,116994,,,,,,
195361,,,,,,,,,,,,,,,,,,,,,,116601,,,,,,,
195836,,,,,,,,,,,,,,,,,,,,,,,117294,,,,,,
195861,,,,,,,,,,,,,,,,,,,,,,116900,,,,,,,
195991,55800,57400,55200,54600,55400,70000,1.2e+06,1.2e+06,1.2e+06,1.2e+06,1.596e+06,1.596e+06,,4923349.151,,,,,,,,,,8,7,0,1,100,100
196337,,,,,,,,,,,,,,,,,,,,,,,117594,,,,,,
196362,,,,,,,,,,,,,,,,,,,,,,117199,,,,,,,
196837,,,,,,,,,,,,,,,,,,,,,,,117894,,,,,,
196862,,,,,,,,,,,,,,,,,,,,,,117498,,,,,,,
196991,55400,57000,54800,54600,55200,70000,1.2e+06,1.2e+06,1.2e+06,1.2e+06,1.596e+06,1.596e+06,,4923355.521,,,,,,,,,,1,13.1313,1,1.9802,100,100
197337,,,,,,,,,,,,,,,,,,,,,,,118194,,,,,,
197363,,,,,,,,,,,,,,,,,,,,,,117797,,,,,,,
197838,,,,,,,,,,,,,,,,,,,,,,,118494,,,,,,
197863,,,,,,,,,,,,,,,,,,,,,,118096,,,,,,,
197992,55200,57000,55000,54600,55200,70000,1.2e+06,1.2e+06,1.2e+06,1.2e+06,1.596e+06,1.596e+06,,4923364.131,,,,,,,,,,6.06061,2.9703,4.08163,1.0101,100,100
198338,,,,,,,,,,,,,,,,,,,,,,,118794,,,,,,
198364,,,,,,,,,,,,,,,,,,,,,,118395,,,,,,,
198839,,,,,,,,,,,,,,,,,,,,,,,119094,,,,,,
198864,,,,,,,,,,,,,,,,,,,,,,118694,,,,,,,
198992,55400,57200,55200,54600,55200,70000,1.2e+06,1.2e+06,1.2e+06,1.2e+06,1.596e+06,1.596e+06,,4923372.637,,,,,,,,,,5,1,6,4.90196,100,100
199339,,,,,,,,,,,,,,,,,,,,,,,119394,,,,,,
199365,,,,,,,,,,,,,,,,,,,,,,118993,,,,,,,
199840,,,,,,,,,,,,,,,,,,,,,,,119694,,,,,,
199865,,,,,,,,,,,,,,,,,,,,,,119292,,,,,,,
199992,55400,57000,55200,54800,55400,70000,1.2e+06,1.2e+06,1.2e+06,1.2e+06,1.596e+06,1.596e+06,,4923381.262,,,,,,,,,,1.9802,0,11.1111,1.9802,100,100
200340,,,,,,,,,,,,,,,,,,,,,,,119994,,,,,,
200366,,,,,,,,,,,,,,,,,,,,,,119591,,,,,,,
200841,,,,,,,,,,,,,,,,,,,,,,,120294,,,,,,
200867,,,,,,,,,,,,,,,,,,,,,,119890,,,,,,,
200991,55000,56800,54800,54400,55000,70000,1.2e+06,1.2e+06,1.2e+06,1.2e+06,1.596e+06,1.596e+06,,4923389.939,,,,,,,,,,2,6.06061,5,5,100,100
201342,,,,,,,,,,,,,,,,,,,,,,,120594,,,,,,
201368,,,,,,,,,,,,,,,,,,,,,,120189,,,,,,,
201842,,,,,,,,,,,,,,,,,,,,,,,120894,,,,,,
201868,,,,,,,,,,,,,,,,,,,,,,120488,,,,,,,
201991,55800,57000,55000,54400,55200,70000,1.2e+06,1.2e+06,1.2e+06,1.2e+06,1.596e+06,1.596e+06,24.922,4923398.426,,,,,,,,,,8,0.990099,8,0,100,100
202343,,,,,,,,,,,,,,,,,,,,,,,121194,,,,,,
202369,,,,,,,,,,,,,,,,,,,,,,120787,,,,,,,
202843,,,,,,,,,,,,,,,,,,,,,,,121494,,,,,,
202870,,,,,,,,,,,,,,,,,,,,,,121086,,,,,,,
202991,55400,57000,55000,54600,55200,70000,1.2e+06,1.2e+06,1.2e+06,1.2e+06,1.596e+06,1.596e+06,,4923407.035,,,,,,,,,,2.9703,0,14,0,100,100
203343,,,,,,,,,,,,,,,,,,,,,,,121794,,,,,,
203370,,,,,,,,,,,,,,,,,,,,,,121385,,,,,,,
203844,,,,,,,,,,,,,,,,,,,,,,,122094,,,,,,
203871,,,,,,,,,,,,,,,,,,,,,,121684,,,,,,,
203991,55600,57000,55200,54400,55400,70000,1.2e+06,1.2e+06,1.2e+06,1.2e+06,1.596e+06,1.596e+06,,4923415.650,,,,,,,,,,1.0101,0,1,11,100,100
204344,,,,,,,,,,,,,,,,,,,,,,,122394,,,,,,
204371,,,,,,,,,,,,,,,,,,,,,,121983,,,,,,,
204845,,,,,,,,,,,,,,,,,,,,,,,122694,,,,,,
204872,,,,,,,,,,,,,,,,,,,,,,122282,,,,,,,
204991,55400,57200,55200,54600,55400,70000,1.2e+06,1.2e+06,1.2e+06,1.2e+06,1.596e+06,1.596e+06,,4923424.183,,,,,,,,,,1,2,0,12.1212,100,100
205345,,,,,,,,,,,,,,,,,,,,,,,122994,,,,,,
205372,,,,,,,,,,,,,,,,,,,,,,122581,,,,,,,
205846,,,,,,,,,,,,,,,,,,,,,,,123294,,,,,,
205873,,,,,,,,,,,,,,,,,,,,,,122880,,,,,,,
205991,55800,57000,55000,54600,55400,70000,1.2e+06,1.2e+06,1.2e+06,1.2e+06,1.596e+06,1.596e+06,,4923432.754,,,,,,,,,,1,1,6.86275,6.93069,100,99
206346,,,,,,,,,,,,,,,,,,,,,,,123594,,,,,,
206373,,,,,,,,,,,,,,,,,,,,,,123179,,,,,,,
206846,,,,,,,,,,,,,,,,,,,,,,,123894,,,,,,
206874,,,,,,,,,,,,,,,,,,,,,,123478,,,,,,,
206992,55600,57200,54800,54400,55400,70000,1.2e+06,1.2e+06,1.2e+06,1.2e+06,1.596e+06,1.596e+06,,4923441.360,,,,,,,,,,4.0404,5.05051,6,2,100,100
207347,,,,,,,,,,,,,,,,,,,,,,,124194,,,,,,
207375,,,,,,,,,,,,,,,,,,,,,,123777,,,,,,,
207847,,,,,,,,,,,,,,,,,,,,,,,124494,,,,,,
207875,,,,,,,,,,,,,,,,,,,,,,124076,,,,,,,
207991,55400,57000,55000,54600,55400,70000,1.2e+06,1.2e+06,1.2e+06,1.2e+06,1.596e+06,1.596e+06,,4923449.856,,,,,,,,,,4.0404,7.92079,0.990099,6,100,100
208348,,,,,,,,,,,,,,,,,,,,,,,124794,,,,,,
208376,,,,,,,,,,,,,,,,,,,,,,124375,,,,,,,
208848,,,,,,,,,,,,,,,,,,,,,,,125094,,,,,,
208876,,,,,,,,,,,,,,,,,,,,,,124674,,,,,,,
208991,55400,57000,55200,54600,55200,70000,1.2e+06,1.2e+06,1.2e+06,1.2e+06,1.596e+06,1.596e+06,,4923458.431,,,,,,,,,,2,1.9802,0,13,100,100
209349,,,,,,,,,,,,,,,,,,,,,,,125394,,,,,,
209377,,,,,,,,,,,,,,,,,,,,,,124973,,,,,,,
209849,,,,,,,,,,,,,,,,,,,,,,,125694,,,,,,
209878,,,,,,,,,,,,,,,,,,,,,,125272,,,,,,,
209991,55400,57400,55000,54600,55400,70000,1.2e+06,1.2e+06,1.2e+06,1.2e+06,1.596e+06,1.596e+06,,4923466.987,,,,,,,,,,7,0,1,5.05051,100,100
210350,,,,,,,,,,,,,,,,,,,,,,,125994,,,,,,
210378,,,,,,,,,,,,,,,,,,,,,,125571,,,,,,,
210850,,,,,,,,,,,,,,,,,,,,,,,126294,,,,,,
210879,,,,,,,,,,,,,,,,,,,,,,125870,,,,,,,
210991,55400,57000,55200,54600,55200,70000,1.2e+06,1.2e+06,1.2e+06,1.2e+06,1.596e+06,1.596e+06,,4923475.601,,,,,,,,,,1.9802,0,0,14.8515,100,100
211350,,,,,,,,,,,,,,,,,,,,,,,126594,,,,,,
211379,,,,,,,,,,,,,,,,,,,,,,126169,,,,,,,
211851,,,,,,,,,,,,,,,,,,,,,,,126894,,,,,,
211880,,,,,,,,,,,,,,,,,,,,,,126468,,,,,,,
211991,55400,57000,55200,54600,55000,70000,1.2e+06,1.2e+06,1.2e+06,1.2e+06,1.596e+06,1.596e+06,24.922,4923484.096,,,,,,,,,,1,0,2.94118,11.2245,100,100
212351,,,,,,,,,,,,,,,,,,,,,,,127194,,,,,,
212380,,,,,,,,,,,,,,,,,,,,,,126767,,,,,,,
212852,,,,,,,,,,,,,,,,,,,,,,,127494,,,,,,
212881,,,,,,,,,,,,,,,,,,,,,,127066,,,,,,,
212991,55400,57200,55000,54600,55400,70000,1.2e+06,1.2e+06,1.2e+06,1.2e+06,1.596e+06,1.596e+06,,4923492.754,,,,,,,,,,7,0,1.0101,10.8911,100,100
213352,,,,,,,,,,,,,,,,,,,,,,,127794,,,,,,
213381,,,,,,,,,,,,,,,,,,,,,,127365,,,,,,,
213853,,,,,,,,,,,,,,,,,,,,,,,128094,,,,,,
213882,,,,,,,,,,,,,,,,,,,,,,127664,,,,,,,
213991,55600,57000,55200,54200,55200,70000,1.2e+06,1.2e+06,1.2e+06,1.2e+06,1.596e+06,1.596e+06,,4923501.362,,,,,,,,,,2,0,0,12.7451,100,100
214353,,,,,,,,,,,,,,,,,,,,,,,128394,,,,,,
214382,,,,,,,,,,,,,,,,,,,,,,127963,,,,,,,
214854,,,,,,,,,,,,,,,,,,,,,,,128694,,,,,,
214883,,,,,,,,,,,,,,,,,,,,,,128262,,,,,,,
214992,55200,57000,55000,54600,55000,70000,1.2e+06,1.2e+06,1.2e+06,1.2e+06,1.596e+06,1.596e+06,,4923509.893,,,,,,,,,,0,0.990099,1.0101,12,100,100
215354,,,,,,,,,,,,,,,,,,,,,,,128994,,,,,,
215384,,,,,,,,,,,,,,,,,,,,,,128561,,,,,,,
215855,,,,,,,,,,,,,,,,,,,,,,,129294,,,,,,
215884,,,,,,,,,,,,,,,,,,,,,,128860,,,,,,,
215991,55200,57000,54800,54400,55400,70000,1.2e+06,1.2e+06,1.2e+06,1.2e+06,1.596e+06,1.596e+06,,4923518.466,,,,,,,,,,7.92079,1,3.9604,7,100,100
216355,,,,,,,,,,,,,,,,,,,,,,,129594,,,,,,
216385,,,,,,,,,,,,,,,,,,,,,,129159,,,,,,,
216855,,,,,,,,,,,,,,,,,,,,,,,129894,,,,,,
216886,,,,,,,,,,,,,,,,,,,,,,129458,,,,,,,
216991,55600,57000,54800,54600,55400,70000,1.2e+06,1.2e+06,1.2e+06,1.2e+06,1.596e+06,1.596e+06,,4923526.966,,,,,,,,,,1,0,11,3.0303,100,100
217356,,,,,,,,,,,,,,,,,,,,,,,130194,,,,,,
217386,,,,,,,,,,,,,,,,,,,,,,129757,,,,,,,
217856,,,,,,,,,,,,,,,,,,,,,,,130494,,,,,,
217887,,,,,,,,,,,,,,,,,,,,,,130056,,,,,,,
217991,55400,57000,55200,54800,55400,70000,1.2e+06,1.2e+06,1.2e+06,1.2e+06,1.596e+06,1.596e+06,,4923535.510,,,,,,,,,,2,0,7.07071,3.0303,100,100
218357,,,,,,,,,,,,,,,,,,,,,,,130794,,,,,,
218387,,,,,,,,,,,,,,,,,,,,,,130355,,,,,,,
218857,,,,,,,,,,,,,,,,,,,,,,,131094,,,,,,
218888,,,,,,,,,,,,,,,,,,,,,,130654,,,,,,,
218991,55400,57000,55200,54800,55000,70000,1.2e+06,1.2e+06,1.2e+06,1.2e+06,1.596e+06,1.596e+06,,4923544.136,,,,,,,,,,7.92079,6.06061,1,4.9505,100,100
219358,,,,,,,,,,,,,,,,,,,,,,,131394,,,,,,
219388,,,,,,,,,,,,,,,,,,,,,,130953,,,,,,,
219858,,,,,,,,,,,,,,,,,,,,,,,131694,,,,,,
219889,,,,,,,,,,,,,,,,,,,,,,131252,,,,,,,
219991,55600,57200,55200,54600,55400,70000,1.2e+06,1.2e+06,1.2e+06,1.2e+06,1.596e+06,1.596e+06,,4923552.771,,,,,,,,,,6.06061,0.990099,0,7,100,100
220358,,,,,,,,,,,,,,,,,,,,,,,131994,,,,,,
220389,,,,,,,,,,,,,,,,,,,,,,131551,,,,,,,
220859,,,,,,,,,,,,,,,,,,,,,,,132294,,,,,,
220890,,,,,,,,,,,,,,,,,,,,,,131850,,,,,,,
220992,55400,57400,55000,54800,55400,70000,1.2e+06,1.2e+06,1.2e+06,1.2e+06,1.596e+06,1.596e+06,,4923561.294,,,,,,,,,,8.08081,5.05051,2,0,100,100
221359,,,,,,,,,,,,,,,,,,,,,,,132594,,,,,,
221391,,,,,,,,,,,,,,,,,,,,,,132149,,,,,,,
221860,,,,,,,,,,,,,,,,,,,,,,,132894,,,,,,
221891,,,,,,,,,,,,,,,,,,,,,,132448,,,,,,,
221991,55400,57000,54800,54600,55200,70000,1.2e+06,1.2e+06,1.2e+06,1.2e+06,1.596e+06,1.596e+06,24.922,4923569.923,,,,,,,,,,1.9802,4.08163,1.0101,7.14286,100,100
222360,,,,,,,,,,,,,,,,,,,,,,,133194,,,,,,
222390,,,,,,,,,,,,,,,,,,,,,,132746,,,,,,,
222861,,,,,,,,,,,,,,,,,,,,,,,133494,,,,,,
222891,,,,,,,,,,,,,,,,,,,,,,133045,,,,,,,
222991,55400,57400,54800,54400,55400,70000,1.2e+06,1.2e+06,1.2e+06,1.2e+06,1.596e+06,1.596e+06,,4923578.457,,,,,,,,,,2,0.990099,6.06061,10.8911,100,100
223361,,,,,,,,,,,,,,,,,,,,,,,133794,,,,,,
223392,,,,,,,,,,,,,,,,,,,,,,133344,,,,,,,
223862,,,,,,,,,,,,,,,,,,,,,,,134094,,,,,,
223892,,,,,,,,,,,,,,,,,,,,,,133643,,,,,,,
223991,55600,57200,55000,54600,55400,70000,1.2e+06,1.2e+06,1.2e+06,1.2e+06,1.596e+06,1.596e+06,,4923587.049,,,,,,,,,,1,0.990099,6.93069,6.06061,100,100
224363,,,,,,,,,,,,,,,,,,,,,,,134394,,,,,,
224393,,,,,,,,,,,,,,,,,,,,,,133942,,,,,,,
224862,,,,,,,,,,,,,,,,,,,,,,,134693,,,,,,
224893,,,,,,,,,,,,,,,,,,,,,,134240,,,,,,,
224991,55600,57400,55200,54800,55200,70000,1.2e+06,1.2e+06,1.2e+06,1.2e+06,1.596e+06,1.596e+06,,4923595.660,,,,,,,,,,8,0,0,6.93069,100,100
225363,,,,,,,,,,,,,,,,,,,,,,,134993,,,,,,
225394,,,,,,,,,,,,,,,,,,,,,,134539,,,,,,,
225863,,,,,,,,,,,,,,,,,,,,,,,135293,,,,,,
225894,,,,,,,,,,,,,,,,,,,,,,134838,,,,,,,
225991,55600,57400,55200,54800,55400,70000,1.2e+06,1.2e+06,1.2e+06,1.2e+06,1.596e+06,1.596e+06,,4923604.150,,,,,,,,,,2.0202,7.84314,0.990099,7.07071,100,100
226364,,,,,,,,,,,,,,,,,,,,,,,135593,,,,,,
226395,,,,,,,,,,,,,,,,,,,,,,135137,,,,,,,
226864,,,,,,,,,,,,,,,,,,,,,,,135893,,,,,,
226895,,,,,,,,,,,,,,,,,,,,,,135436,,,,,,,
226991,55600,57200,55000,54600,55400,70000,1.2e+06,1.2e+06,1.2e+06,1.2e+06,1.596e+06,1.596e+06,,4923612.770,,,,,,,,,,2,0,0,13,100,100
227365,,,,,,,,,,,,,,,,,,,,,,,136193,,,,,,
227396,,,,,,,,,,,,,,,,,,,,,,135735,,,,,,,
227865,,,,,,,,,,,,,,,,,,,,,,,136493,,,,,,
227896,,,,,,,,,,,,,,,,,,,,,,136034,,,,,,,
227991,55600,57200,55200,54800,55400,70000,1.2e+06,1.2e+06,1.2e+06,1.2e+06,1.596e+06,1.596e+06,,4923621.302,,,,,,,,,,1.0101,4.08163,1,9.90099,100,100
228365,,,,,,,,,,,,,,,,,,,,,,,136793,,,,,,
228397,,,,,,,,,,,,,,,,,,,,,,136333,,,,,,,
228866,,,,,,,,,,,,,,,,,,,,,,,137093,,,,,,
228897,,,,,,,,,,,,,,,,,,,,,,136632,,,,,,,
228991,55800,57200,55200,54800,55400,70000,1.2e+06,1.2e+06,1.2e+06,1.2e+06,1.596e+06,1.596e+06,,4923629.963,,,,,,,,,,1,0,6.06061,7,100,100
229366,,,,,,,,,,,,,,,,,,,,,,,137393,,,,,,
229398,,,,,,,,,,,,,,,,,,,,,,136931,,,,,,,
229867,,,,,,,,,,,,,,,,,,,,,,,137693,,,,,,
229899,,,,,,,,,,,,,,,,,,,,,,137230,,,,,,,
229992,55600,57200,54800,54800,55400,70000,1.2e+06,1.2e+06,1.2e+06,1.2e+06,1.596e+06,1.596e+06,,4923638.559,,,,,,,,,,2.9703,1.0101,6,6,100,100
230367,,,,,,,,,,,,,,,,,,,,,,,137993,,,,,,
230399,,,,,,,,,,,,,,,,,,,,,,137529,,,,,,,
230867,,,,,,,,,,,,,,,,,,,,,,,138293,,,,,,
230900,,,,,,,,,,,,,,,,,,,,,,137828,,,,,,,
230991,55600,57200,55000,54600,55400,70000,1.2e+06,1.2e+06,1.2e+06,1.2e+06,1.596e+06,1.596e+06,,4923647.124,,,,,,,,,,1.0101,1.9802,8.91089,5.10204,100,100
231368,,,,,,,,,,,,,,,,,,,,,,,138593,,,,,,
231401,,,,,,,,,,,,,,,,,,,,,,138127,,,,,,,
231868,,,,,,,,,,,,,,,,,,,,,,,138893,,,,,,
231901,,,,,,,,,,,,,,,,,,,,,,138426,,,,,,,
231991,55400,57200,54800,54800,55200,70000,1.2e+06,1.2e+06,1.2e+06,1.2e+06,1.596e+06,1.596e+06,24.922,4923655.758,,,,,,,,,,1,0,14,0,100,100
232369,,,,,,,,,,,,,,,,,,,,,,,139193,,,,,,
232402,,,,,,,,,,,,,,,,,,,,,,138725,,,,,,,
232869,,,,,,,,,,,,,,,,,,,,,,,139493,,,,,,
232902,,,,,,,,,,,,,,,,,,,,,,139024,,,,,,,
232991,55400,57200,54800,54600,55000,70000,1.2e+06,1.2e+06,1.2e+06,1.2e+06,1.596e+06,1.596e+06,,4923664.271,,,,,,,,,,1.0101,0,12.8713,3,100,100
233370,,,,,,,,,,,,,,,,,,,,,,,139793,,,,,,
233403,,,,,,,,,,,,,,,,,,,,,,139323,,,,,,,
233870,,,,,,,,,,,,,,,,,,,,,,,140093,,,,,,
233903,,,,,,,,,,,,,,,,,,,,,,139622,,,,,,,
233991,55400,57000,55000,54400,55200,70000,1.2e+06,1.2e+06,1.2e+06,1.2e+06,1.596e+06,1.596e+06,,4923672.861,,,,,,,,,,2,1,12,0,100,100
234370,,,,,,,,,,,,,,,,,,,,,,,140393,,,,,,
234404,,,,,,,,,,,,,,,,,,,,,,139921,,,,,,,
234871,,,,,,,,,,,,,,,,,,,,,,,140693,,,,,,
234905,,,,,,,,,,,,,,,,,,,,,,140220,,,,,,,
234991,55600,57000,54800,54800,55000,70000,1.2e+06,1.2e+06,1.2e+06,1.2e+06,1.596e+06,1.596e+06,,4923679.311,,,,,,,,,,1.0101,5.94059,3,6,100,100
235371,,,,,,,,,,,,,,,,,,,,,,,140993,,,,,,
235405,,,,,,,,,,,,,,,,,,,,,,140519,,,,,,,
235872,,,,,,,,,,,,,,,,,,,,,,,141293,,,,,,
235906,,,,,,,,,,,,,,,,,,,,,,140818,,,,,,,
235992,55400,57000,54800,54600,55000,70000,1.2e+06,1.2e+06,1.2e+06,1.2e+06,1.596e+06,1.596e+06,,4923688.013,,,,,,,,,,1.9802,1.0101,0,10.2041,100,100
236372,,,,,,,,,,,,,,,,,,,,,,,141593,,,,,,
236406,,,,,,,,,,,,,,,,,,,,,,141117,,,,,,,
236873,,,,,,,,,,,,,,,,,,,,,,,141893,,,,,,
236907,,,,,,,,,,,,,,,,,,,,,,141416,,,,,,,
236991,55200,57000,55000,54400,55000,70000,1.2e+06,1.2e+06,1.2e+06,1.2e+06,1.596e+06,1.596e+06,,4923696.578,,,,,,,,,,1,1.0101,0,12.1212,100,100
237373,,,,,,,,,,,,,,,,,,,,,,,142193,,,,,,
237408,,,,,,,,,,,,,,,,,,,,,,141715,,,,,,,
237873,,,,,,,,,,,,,,,,,,,,,,,142493,,,,,,
237908,,,,,,,,,,,,,,,,,,,,,,142014,,,,,,,
237991,55400,56800,55000,54600,55000,70000,1.2e+06,1.2e+06,1.2e+06,1.2e+06,1.596e+06,1.596e+06,,4923705.175,,,,,,,,,,7,0,2.94118,8,100,100
238374,,,,,,,,,,,,,,,,,,,,,,,142793,,,,,,
238409,,,,,,,,,,,,,,,,,,,,,,142313,,,,,,,
238874,,,,,,,,,,,,,,,,,,,,,,,143093,,,,,,
238909,,,,,,,,,,,,,,,,,,,,,,142612,,,,,,,
238991,55400,57400,55000,54400,55000,70000,1.2e+06,1.2e+06,1.2e+06,1.2e+06,1.596e+06,1.596e+06,,4923713.705,,,,,,,,,,1,0,1.0101,15,100,100
239375,,,,,,,,,,,,,,,,,,,,,,,143393,,,,,,
239410,,,,,,,,,,,,,,,,,,,,,,142911,,,,,,,
239875,,,,,,,,,,,,,,,,,,,,,,,143693,,,,,,
239911,,,,,,,,,,,,,,,,,,,,,,143210,,,,,,,
239991,55600,57200,55200,54800,55400,70000,1.2e+06,1.2e+06,1.2e+06,1.2e+06,1.596e+06,1.596e+06,,4923722.310,,,,,,,,,,1.0101,0.990099,6.93069,8,100,100
240376,,,,,,,,,,,,,,,,,,,,,,,143993,,,,,,
240411,,,,,,,,,,,,,,,,,,,,,,143509,,,,,,,
240876,,,,,,,,,,,,,,,,,,,,,,,144293,,,,,,
240912,,,,,,,,,,,,,,,,,,,,,,143808,,,,,,,
240992,55400,57000,55000,54800,55400,70000,1.2e+06,1.2e+06,1.2e+06,1.2e+06,1.596e+06,1.596e+06,,4923730.907,,,,,,,,,,1.02041,0,6,6,100,100
241377,,,,,,,,,,,,,,,,,,,,,,,144593,,,,,,
241412,,,,,,,,,,,,,,,,,,,,,,144107,,,,,,,
241877,,,,,,,,,,,,,,,,,,,,,,,144893,,,,,,
241913,,,,,,,,,,,,,,,,,,,,,,144406,,,,,,,
241991,55800,57000,55000,54600,55400,70000,1.2e+06,1.2e+06,1.2e+06,1.2e+06,1.596e+06,1.596e+06,24.954,4923739.480,,,,,,,,,,11.7647,1,3,1.0101,100,100
242377,,,,,,,,,,,,,,,,,,,,,,,145193,,,,,,
242413,,,,,,,,,,,,,,,,,,,,,,144705,,,,,,,
242878,,,,,,,,,,,,,,,,,,,,,,,145493,,,,,,
242914,,,,,,,,,,,,,,,,,,,,,,145004,,,,,,,
242991,55600,57400,55200,54600,55200,70000,1.2e+06,1.2e+06,1.2e+06,1.2e+06,1.596e+06,1.596e+06,,4923748.081,,,,,,,,,,0,0,2,10.101,100,100
243378,,,,,,,,,,,,,,,,,,,,,,,145793,,,,,,
243415,,,,,,,,,,,,,,,,,,,,,,145303,,,,,,,
243879,,,,,,,,,,,,,,,,,,,,,,,146093,,,,,,
243915,,,,,,,,,,,,,,,,,,,,,,145602,,,,,,,
243991,55400,57200,55000,54400,55400,70000,1.2e+06,1.2e+06,1.2e+06,1.2e+06,1.596e+06,1.596e+06,,4923756.538,,,,,,,,,,1.9802,0,6,4,100,100
244379,,,,,,,,,,,,,,,,,,,,,,,146393,,,,,,
244416,,,,,,,,,,,,,,,,,,,,,,145901,,,,,,,
244880,,,,,,,,,,,,,,,,,,,,,,,146693,,,,,,
244916,,,,,,,,,,,,,,,,,,,,,,146200,,,,,,,
244991,55800,57400,55000,54600,55400,70000,1.2e+06,1.2e+06,1.2e+06,1.2e+06,1.596e+06,1.596e+06,,4923765.102,,,,,,,,,,5,0.990099,7.14286,1.96078,100,100
245380,,,,,,,,,,,,,,,,,,,,,,,146993,,,,,,
245417,,,,,,,,,,,,,,,,,,,,,,146499,,,,,,,
245881,,,,,,,,,,,,,,,,,,,,,,,147293,,,,,,
245918,,,,,,,,,,,,,,,,,,,,,,146798,,,,,,,
245991,55800,57400,55200,54800,55600,70000,1.2e+06,1.2e+06,1.2e+06,1.2e+06,1.596e+06,1.596e+06,,4923773.702,,,,,,,,,,1.0101,0,16,1.0101,100,100
246381,,,,,,,,,,,,,,,,,,,,,,,147593,,,,,,
246418,,,,,,,,,,,,,,,,,,,,,,147097,,,,,,,
246882,,,,,,,,,,,,,,,,,,,,,,,147893,,,,,,
246919,,,,,,,,,,,,,,,,,,,,,,147396,,,,,,,
246991,55600,57000,55000,54800,55400,70000,1.2e+06,1.2e+06,1.2e+06,1.2e+06,1.596e+06,1.596e+06,,4923782.309,,,,,,,,,,1,0,11.1111,1,100,100
247382,,,,,,,,,,,,,,,,,,,,,,,148193,,,,,,
247419,,,,,,,,,,,,,,,,,,,,,,147695,,,,,,,
247883,,,,,,,,,,,,,,,,,,,,,,,148493,,,,,,
247920,,,,,,,,,,,,,,,,,,,,,,147994,,,,,,,
247991,55600,57400,55000,54600,55400,70000,1.2e+06,1.2e+06,1.2e+06,1.2e+06,1.596e+06,1.596e+06,,4923790.935,,,,,,,,,,4,0,6.93069,4,100,100
248383,,,,,,,,,,,,,,,,,,,,,,,148793,,,,,,
248420,,,,,,,,,,,,,,,,,,,,,,148293,,,,,,,
248883,,,,,,,,,,,,,,,,,,,,,,,149093,,,,,,
248921,,,,,,,,,,,,,,,,,,,,,,148592,,,,,,,
248992,55400,57400,55200,54600,55200,70000,1.2e+06,1.2e+06,1.2e+06,1.2e+06,1.596e+06,1.596e+06,,4923799.441,,,,,,,,,,1.0101,0,12,1.9802,100,100
249384,,,,,,,,,,,,,,,,,,,,,,,149393,,,,,,
249421,,,,,,,,,,,,,,,,,,,,,,148891,,,,,,,
249884,,,,,,,,,,,,,,,,,,,,,,,149693,,,,,,
249922,,,,,,,,,,,,,,,,,,,,,,149190,,,,,,,
249992,55800,57400,55200,54800,55400,70000,1.2e+06,1.2e+06,1.2e+06,1.2e+06,1.596e+06,1.596e+06,,4923808.033,,,,,,,,,,7,1,6.93069,1.0101,100,100
250385,,,,,,,,,,,,,,,,,,,,,,,149993,,,,,,
250422,,,,,,,,,,,,,,,,,,,,,,149489,,,,,,,
250885,,,,,,,,,,,,,,,,,,,,,,,150293,,,,,,
250923,,,,,,,,,,,,,,,,,,,,,,149788,,,,,,,
250992,55600,57000,55000,54800,55400,70000,1.2e+06,1.2e+06,1.2e+06,1.2e+06,1.596e+06,1.596e+06,,4923816.571,,,,,,,,,,1.9802,1,10.2041,3,100,100
251386,,,,,,,,,,,,,,,,,,,,,,,150593,,,,,,
251423,,,,,,,,,,,,,,,,,,,,,,150087,,,,,,,
251886,,,,,,,,,,,,,,,,,,,,,,,150893,,,,,,
251924,,,,,,,,,,,,,,,,,,,,,,150386,,,,,,,
251991,55400,57400,55000,54600,55400,70000,1.2e+06,1.2e+06,1.2e+06,1.2e+06,1.596e+06,1.596e+06,24.954,4923825.165,,,,,,,,,,1,1,0,11.1111,100,100
252387,,,,,,,,,,,,,,,,,,,,,,,151193,,,,,,
252425,,,,,,,,,,,,,,,,,,,,,,150685,,,,,,,
252887,,,,,,,,,,,,,,,,,,,,,,,151493,,,,,,
252925,,,,,,,,,,,,,,,,,,,,,,150984,,,,,,,
252991,55400,57400,55200,54800,55400,70000,1.2e+06,1.2e+06,1.2e+06,1.2e+06,1.596e+06,1.596e+06,,4923833.714,,,,,,,,,,6.06061,6,1.0101,5,100,100
253387,,,,,,,,,,,,,,,,,,,,,,,151793,,,,,,
253426,,,,,,,,,,,,,,,,,,,,,,151283,,,,,,,
253888,,,,,,,,,,,,,,,,,,,,,,,152093,,,,,,
253926,,,,,,,,,,,,,,,,,,,,,,151582,,,,,,,
253991,55800,57400,55200,55200,55400,70000,1.2e+06,1.2e+06,1.2e+06,1.2e+06,1.596e+06,1.596e+06,,4923842.223,,,,,,,,,,1.0101,7,6.93069,1,100,100
254388,,,,,,,,,,,,,,,,,,,,,,,152393,,,,,,
254427,,,,,,,,,,,,,,,,,,,,,,151881,,,,,,,
254888,,,,,,,,,,,,,,,,,,,,,,,152693,,,,,,
254927,,,,,,,,,,,,,,,,,,,,,,152180,,,,,,,
254991,55600,57400,55400,54800,55400,70000,1.2e+06,1.2e+06,1.2e+06,1.2e+06,1.596e+06,1.596e+06,,4923850.860,,,,,,,,,,2.94118,1,4.0404,7.07071,100,100
255389,,,,,,,,,,,,,,,,,,,,,,,152993,,,,,,
255428,,,,,,,,,,,,,,,,,,,,,,152479,,,,,,,
255889,,,,,,,,,,,,,,,,,,,,,,,153293,,,,,,
255928,,,,,,,,,,,,,,,,,,,,,,152778,,,,,,,
255991,55400,57400,55200,54800,55400,70000,1.2e+06,1.2e+06,1.2e+06,1.2e+06,1.596e+06,1.596e+06,,4923859.446,,,,,,,,,,1,1.9802,7,6,100,100
256390,,,,,,,,,,,,,,,,,,,,,,,153593,,,,,,
256429,,,,,,,,,,,,,,,,,,,,,,153077,,,,,,,
256889,,,,,,,,,,,,,,,,,,,,,,,153892,,,,,,
256929,,,,,,,,,,,,,,,,,,,,,,153375,,,,,,,
256991,55800,57200,55200,54800,55400,70000,1.2e+06,1.2e+06,1.2e+06,1.2e+06,1.596e+06,1.596e+06,,4923867.990,,,,,,,,,,1.0101,0,7.21649,6.93069,100,100
257390,,,,,,,,,,,,,,,,,,,,,,,154192,,,,,,
257429,,,,,,,,,,,,,,,,,,,,,,153674,,,,,,,
257890,,,,,,,,,,,,,,,,,,,,,,,154492,,,,,,
257930,,,,,,,,,,,,,,,,,,,,,,153973,,,,,,,
257992,55600,57200,55200,54800,55400,70000,1.2e+06,1.2e+06,1.2e+06,1.2e+06,1.596e+06,1.596e+06,,4923876.646,,,,,,,,,,7,1.0101,8.08081,0,100,100
258391,,,,,,,,,,,,,,,,,,,,,,,154792,,,,,,
258431,,,,,,,,,,,,,,,,,,,,,,154272,,,,,,,
258891,,,,,,,,,,,,,,,,,,,,,,,155092,,,,,,
258931,,,,,,,,,,,,,,,,,,,,,,154571,,,,,,,
258991,55800,57200,55400,54800,55400,70000,1.2e+06,1.2e+06,1.2e+06,1.2e+06,1.596e+06,1.596e+06,,4923885.283,,,,,,,,,,1.9802,2.9703,2,9.09091,100,100
259392,,,,,,,,,,,,,,,,,,,,,,,155392,,,,,,
259432,,,,,,,,,,,,,,,,,,,,,,154870,,,,,,,
259892,,,,,,,,,,,,,,,,,,,,,,,155692,,,,,,
259933,,,,,,,,,,,,,,,,,,,,,,155169,,,,,,,
259992,55400,57400,55000,54600,55600,70000,1.2e+06,1.2e+06,1.2e+06,1.2e+06,1.596e+06,1.596e+06,,4923893.774,,,,,,,,,,1,6,1,5.10204,100,100
260393,,,,,,,,,,,,,,,,,,,,,,,155992,,,,,,
260433,,,,,,,,,,,,,,,,,,,,,,155468,,,,,,,
260893,,,,,,,,,,,,,,,,,,,,,,,156292,,,,,,
260934,,,,,,,,,,,,,,,,,,,,,,155767,,,,,,,
260991,55600,57400,55200,55000,55400,70000,1.2e+06,1.2e+06,1.2e+06,1.2e+06,1.596e+06,1.596e+06,,4923902.403,,,,,,,,,,2.0202,4.0404,0,10.7843,100,100
261394,,,,,,,,,,,,,,,,,,,,,,,156592,,,,,,
261434,,,,,,,,,,,,,,,,,,,,,,156066,,,,,,,
261894,,,,,,,,,,,,,,,,,,,,,,,156892,,,,,,
261935,,,,,,,,,,,,,,,,,,,,,,156365,,,,,,,
261992,55600,57400,55400,54800,55400,70000,1.2e+06,1.2e+06,1.2e+06,1.2e+06,1.596e+06,1.596e+06,24.986,4923911.037,,,,,,,,,,3,5,2.94118,7,100,100
262395,,,,,,,,,,,,,,,,,,,,,,,157192,,,,,,
262436,,,,,,,,,,,,,,,,,,,,,,156664,,,,,,,
262895,,,,,,,,,,,,,,,,,,,,,,,157492,,,,,,
262936,,,,,,,,,,,,,,,,,,,,,,156963,,,,,,,
262992,55600,57400,55000,54800,55400,70000,1.2e+06,1.2e+06,1.2e+06,1.2e+06,1.596e+06,1.596e+06,,4923919.545,,,,,,,,,,1,0,2,13.1313,100,100
263395,,,,,,,,,,,,,,,,,,,,,,,157792,,,,,,
263437,,,,,,,,,,,,,,,,,,,,,,157262,,,,,,,
263895,,,,,,,,,,,,,,,,,,,,,,,158092,,,,,,
263937,,,,,,,,,,,,,,,,,,,,,,157561,,,,,,,
263992,55600,57400,55200,54800,55400,70000,1.2e+06,1.2e+06,1.2e+06,1.2e+06,1.596e+06,1.596e+06,,4923928.179,,,,,,,,,,11.1111,0,2,1,100,100
264396,,,,,,,,,,,,,,,,,,,,,,,158392,,,,,,
264436,,,,,,,,,,,,,,,,,,,,,,157859,,,,,,,
264897,,,,,,,,,,,,,,,,,,,,,,,158692,,,,,,
264937,,,,,,,,,,,,,,,,,,,,,,158158,,,,,,,
264991,55800,57400,55200,54600,55400,70000,1.2e+06,1.2e+06,1.2e+06,1.2e+06,1.596e+06,1.596e+06,,4923936.800,,,,,,,,,,7,4.12371,0,1,100,100
265397,,,,,,,,,,,,,,,,,,,,,,,158992,,,,,,
265437,,,,,,,,,,,,,,,,,,,,,,158457,,,,,,,
265897,,,,,,,,,,,,,,,,,,,,,,,159292,,,,,,
265938,,,,,,,,,,,,,,,,,,,,,,158756,,,,,,,
265991,56000,57500,55400,55000,55600,70000,1.2e+06,1.2e+06,1.2e+06,1.2e+06,1.596e+06,1.596e+06,,4923945.376,,,,,,,,,,12.8713,2.9703,3,0.990099,100,100
266398,,,,,,,,,,,,,,,,,,,,,,,159592,,,,,,
266439,,,,,,,,,,,,,,,,,,,,,,159055,,,,,,,
266898,,,,,,,,,,,,,,,,,,,,,,,159892,,,,,,
266939,,,,,,,,,,,,,,,,,,,,,,159354,,,,,,,
266991,55800,57500,55400,54800,55400,70000,1.2e+06,1.2e+06,1.2e+06,1.2e+06,1.596e+06,1.596e+06,,4923953.985,,,,,,,,,,3.9604,4.9505,0,9,100,100
267399,,,,,,,,,,,,,,,,,,,,,,,160192,,,,,,
267440,,,,,,,,,,,,,,,,,,,,,,159653,,,,,,,
267900,,,,,,,,,,,,,,,,,,,,,,,160492,,,,,,
267941,,,,,,,,,,,,,,,,,,,,,,159952,,,,,,,
267991,55800,57500,55400,54800,55600,70000,1.2e+06,1.2e+06,1.2e+06,1.2e+06,1.596e+06,1.596e+06,,4923962.521,,,,,,,,,,1,0,4.08163,10.8911,100,100
268400,,,,,,,,,,,,,,,,,,,,,,,160792,,,,,,
268441,,,,,,,,,,,,,,,,,,,,,,160251,,,,,,,
268901,,,,,,,,,,,,,,,,,,,,,,,161092,,,,,,
268942,,,,,,,,,,,,,,,,,,,,,,160550,,,,,,,
268991,55800,57200,55000,54800,55600,70000,1.2e+06,1.2e+06,1.2e+06,1.2e+06,1.596e+06,1.596e+06,,4923971.146,,,,,,,,,,1,2,7,6,100,100
269401,,,,,,,,,,,,,,,,,,,,,,,161392,,,,,,
269442,,,,,,,,,,,,,,,,,,,,,,160849,,,,,,,
269901,,,,,,,,,,,,,,,,,,,,,,,161692,,,,,,
269942,,,,,,,,,,,,,,,,,,,,,,161148,,,,,,,
269991,55800,57200,55200,54800,55600,70000,1.2e+06,1.2e+06,1.2e+06,1.2e+06,1.596e+06,1.596e+06,,4923979.681,,,,,,,,,,0,1,6.06061,7.84314,100,100
270402,,,,,,,,,,,,,,,,,,,,,,,161992,,,,,,
270443,,,,,,,,,,,,,,,,,,,,,,161447,,,,,,,
270902,,,,,,,,,,,,,,,,,,,,,,,162292,,,,,,
270943,,,,,,,,,,,,,,,,,,,,,,161746,,,,,,,
270991,55600,57200,55400,54800,55400,70000,1.2e+06,1.2e+06,1.2e+06,1.2e+06,1.596e+06,1.596e+06,,4923988.285,,,,,,,,,,1.0101,5.05051,3,8,100,100
271403,,,,,,,,,,,,,,,,,,,,,,,162592,,,,,,
271444,,,,,,,,,,,,,,,,,,,,,,162045,,,,,,,
271903,,,,,,,,,,,,,,,,,,,,,,,162892,,,,,,
271945,,,,,,,,,,,,,,,,,,,,,,162344,,,,,,,
271991,55400,57200,55000,54600,55400,70000,1.2e+06,1.2e+06,1.2e+06,1.2e+06,1.596e+06,1.596e+06,24.986,4923996.929,,,,,,,,,,1.9802,0,1.9802,14,100,100
272404,,,,,,,,,,,,,,,,,,,,,,,163192,,,,,,
272445,,,,,,,,,,,,,,,,,,,,,,162643,,,,,,,
272904,,,,,,,,,,,,,,,,,,,,,,,163492,,,,,,
272946,,,,,,,,,,,,,,,,,,,,,,162942,,,,,,,
272991,55800,57400,55200,54800,55400,70000,1.2e+06,1.2e+06,1.2e+06,1.2e+06,1.596e+06,1.596e+06,,4924005.450,,,,,,,,,,1,1,1.02041,12.1212,100,100
273405,,,,,,,,,,,,,,,,,,,,,,,163792,,,,,,
273447,,,,,,,,,,,,,,,,,,,,,,163241,,,,,,,
273905,,,,,,,,,,,,,,,,,,,,,,,164092,,,,,,
273947,,,,,,,,,,,,,,,,,,,,,,163540,,,,,,,
273991,55800,57400,55200,54800,55400,70000,1.2e+06,1.2e+06,1.2e+06,1.2e+06,1.596e+06,1.596e+06,,4924011.931,,,,,,,,,,1.0101,0,0,12,100,100
274406,,,,,,,,,,,,,,,,,,,,,,,164392,,,,,,
274448,,,,,,,,,,,,,,,,,,,,,,163839,,,,,,,
274906,,,,,,,,,,,,,,,,,,,,,,,164692,,,,,,
274948,,,,,,,,,,,,,,,,,,,,,,164138,,,,,,,
274992,55800,57400,55400,54800,55400,70000,1.2e+06,1.2e+06,1.2e+06,1.2e+06,1.596e+06,1.596e+06,,4924020.644,,,,,,,,,,2,0,5.05051,7,100,100
275406,,,,,,,,,,,,,,,,,,,,,,,164992,,,,,,
275449,,,,,,,,,,,,,,,,,,,,,,164437,,,,,,,
275907,,,,,,,,,,,,,,,,,,,,,,,165292,,,,,,
275949,,,,,,,,,,,,,,,,,,,,,,164736,,,,,,,
275991,55600,57400,55000,54800,55800,70000,1.2e+06,1.2e+06,1.2e+06,1.2e+06,1.596e+06,1.596e+06,,4924029.262,,,,,,,,,,1.0101,1.9802,5.05051,5.05051,100,100
276407,,,,,,,,,,,,,,,,,,,,,,,165592,,,,,,
276449,,,,,,,,,,,,,,,,,,,,,,165035,,,,,,,
276908,,,,,,,,,,,,,,,,,,,,,,,165892,,,,,,
276950,,,,,,,,,,,,,,,,,,,,,,165334,,,,,,,
276992,55800,57400,55200,54800,55400,70000,1.2e+06,1.2e+06,1.2e+06,1.2e+06,1.596e+06,1.596e+06,,4924037.780,,,,,,,,,,1,1.0101,8,6.93069,100,100
277408,,,,,,,,,,,,,,,,,,,,,,,166192,,,,,,
277451,,,,,,,,,,,,,,,,,,,,,,165633,,,,,,,
277909,,,,,,,,,,,,,,,,,,,,,,,166492,,,,,,
277951,,,,,,,,,,,,,,,,,,,,,,165932,,,,,,,
277991,55800,57400,55200,54600,55400,70000,1.2e+06,1.2e+06,1.2e+06,1.2e+06,1.596e+06,1.596e+06,,4924046.497,,,,,,,,,,2,0,12.2449,0,100,100
278409,,,,,,,,,,,,,,,,,,,,,,,166792,,,,,,
278450,,,,,,,,,,,,,,,,,,,,,,166230,,,,,,,
278910,,,,,,,,,,,,,,,,,,,,,,,167092,,,,,,
278951,,,,,,,,,,,,,,,,,,,,,,166529,,,,,,,
278991,55800,57400,55200,55000,55600,70000,1.2e+06,1.2e+06,1.2e+06,1.2e+06,1.596e+06,1.596e+06,,4924055.117,,,,,,,,,,1.9802,1,15.6863,0,100,100
279410,,,,,,,,,,,,,,,,,,,,,,,167392,,,,,,
279451,,,,,,,,,,,,,,,,,,,,,,166828,,,,,,,
279911,,,,,,,,,,,,,,,,,,,,,,,167692,,,,,,
279952,,,,,,,,,,,,,,,,,,,,,,167127,,,,,,,
279992,56200,57400,55400,55200,55600,70000,1.2e+06,1.2e+06,1.2e+06,1.2e+06,1.596e+06,1.596e+06,,4924063.705,,,,,,,,,,2,1.0101,11.1111,0,100,100
280411,,,,,,,,,,,,,,,,,,,,,,,167992,,,,,,
280452,,,,,,,,,,,,,,,,,,,,,,167426,,,,,,,
280912,,,,,,,,,,,,,,,,,,,,,,,168292,,,,,,
280953,,,,,,,,,,,,,,,,,,,,,,167725,,,,,,,
280991,55800,57400,55200,54800,55400,70000,1.2e+06,1.2e+06,1.2e+06,1.2e+06,1.596e+06,1.596e+06,,4924072.255,,,,,,,,,,1,2.9703,11.1111,0.990099,100,100
281412,,,,,,,,,,,,,,,,,,,,,,,168592,,,,,,
281453,,,,,,,,,,,,,,,,,,,,,,168024,,,,,,,
281913,,,,,,,,,,,,,,,,,,,,,,,168892,,,,,,
281954,,,,,,,,,,,,,,,,,,,,,,168323,,,,,,,
281991,55800,57400,55400,55000,55600,70000,1.2e+06,1.2e+06,1.2e+06,1.2e+06,1.596e+06,1.596e+06,24.986,4924080.754,,,,,,,,,,1.0101,11.7647,3.0303,0,100,100
282413,,,,,,,,,,,,,,,,,,,,,,,169192,,,,,,
282455,,,,,,,,,,,,,,,,,,,,,,168622,,,,,,,
282914,,,,,,,,,,,,,,,,,,,,,,,169492,,,,,,
282955,,,,,,,,,,,,,,,,,,,,,,168921,,,,,,,
282991,55800,57500,55200,55000,55400,70000,1.2e+06,1.2e+06,1.2e+06,1.2e+06,1.596e+06,1.596e+06,,4924089.362,,,,,,,,,,6.06061,2.9703,9.70874,0,100,100
283414,,,,,,,,,,,,,,,,,,,,,,,169792,,,,,,
283456,,,,,,,,,,,,,,,,,,,,,,169220,,,,,,,
283915,,,,,,,,,,,,,,,,,,,,,,,170092,,,,,,
283956,,,,,,,,,,,,,,,,,,,,,,169519,,,,,,,
283991,56000,57500,55200,55000,55600,70000,1.2e+06,1.2e+06,1.2e+06,1.2e+06,1.596e+06,1.596e+06,,4924098.005,,,,,,,,,,1.9802,5,5.05051,5,100,100
284415,,,,,,,,,,,,,,,,,,,,,,,170392,,,,,,
284457,,,,,,,,,,,,,,,,,,,,,,169818,,,,,,,
284915,,,,,,,,,,,,,,,,,,,,,,,170692,,,,,,
284957,,,,,,,,,,,,,,,,,,,,,,170117,,,,,,,
284991,55600,57400,55200,54800,55400,70000,1.2e+06,1.2e+06,1.2e+06,1.2e+06,1.596e+06,1.596e+06,,4924106.619,,,,,,,,,,3,6,2,6.93069,100,100
285416,,,,,,,,,,,,,,,,,,,,,,,170992,,,,,,
285458,,,,,,,,,,,,,,,,,,,,,,170416,,,,,,,
285916,,,,,,,,,,,,,,,,,,,,,,,171292,,,,,,
285959,,,,,,,,,,,,,,,,,,,,,,170715,,,,,,,
285992,55800,57400,55200,55000,55400,70000,1.2e+06,1.2e+06,1.2e+06,1.2e+06,1.596e+06,1.596e+06,,4924115.240,,,,,,,,,,8.82353,1,0,6.06061,100,100
286417,,,,,,,,,,,,,,,,,,,,,,,171592,,,,,,
286459,,,,,,,,,,,,,,,,,,,,,,171014,,,,,,,
286917,,,,,,,,,,,,,,,,,,,,,,,171892,,,,,,
286960,,,,,,,,,,,,,,,,,,,,,,171313,,,,,,,
286991,55800,57400,55400,55000,55400,70000,1.2e+06,1.2e+06,1.2e+06,1.2e+06,1.596e+06,1.596e+06,,4924123.700,,,,,,,,,,4.08163,0,1.0101,8.91089,100,100
287418,,,,,,,,,,,,,,,,,,,,,,,172192,,,,,,
287460,,,,,,,,,,,,,,,,,,,,,,171612,,,,,,,
287918,,,,,,,,,,,,,,,,,,,,,,,172492,,,,,,
287961,,,,,,,,,,,,,,,,,,,,,,171911,,,,,,,
287991,55800,57400,55400,54800,55400,70000,1.2e+06,1.2e+06,1.2e+06,1.2e+06,1.596e+06,1.596e+06,,4924132.330,,,,,,,,,,1,0,1.0101,11.1111,100,100
288418,,,,,,,,,,,,,,,,,,,,,,,172792,,,,,,
288461,,,,,,,,,,,,,,,,,,,,,,172210,,,,,,,
288919,,,,,,,,,,,,,,,,,,,,,,,173092,,,,,,
288962,,,,,,,,,,,,,,,,,,,,,,172509,,,,,,,
288991,55800,57400,55200,54800,55600,70000,1.2e+06,1.2e+06,1.2e+06,1.2e+06,1.596e+06,1.596e+06,,4924140.916,,,,,,,,,,3.9604,5,0.990099,9,100,100
289419,,,,,,,,,,,,,,,,,,,,,,,173392,,,,,,
289462,,,,,,,,,,,,,,,,,,,,,,172808,,,,,,,
289920,,,,,,,,,,,,,,,,,,,,,,,173692,,,,,,
289963,,,,,,,,,,,,,,,,,,,,,,173107,,,,,,,
289991,55800,57400,55400,55000,55800,70000,1.2e+06,1.2e+06,1.2e+06,1.2e+06,1.596e+06,1.596e+06,,4924149.485,,,,,,,,,,2.0202,0,0,15.8416,100,100
290420,,,,,,,,,,,,,,,,,,,,,,,173992,,,,,,
290463,,,,,,,,,,,,,,,,,,,,,,173406,,,,,,,
290920,,,,,,,,,,,,,,,,,,,,,,,174292,,,,,,
290964,,,,,,,,,,,,,,,,,,,,,,173705,,,,,,,
290992,55800,57400,55400,54800,55400,70000,1.2e+06,1.2e+06,1.2e+06,1.2e+06,1.596e+06,1.596e+06,,4924158.106,,,,,,,,,,1.0101,5,0,7,100,100
291421,,,,,,,,,,,,,,,,,,,,,,,174592,,,,,,
291464,,,,,,,,,,,,,,,,,,,,,,174004,,,,,,,
291921,,,,,,,,,,,,,,,,,,,,,,,174892,,,,,,
291965,,,,,,,,,,,,,,,,,,,,,,174303,,,,,,,
291991,55800,57400,55600,55000,55600,70000,1.2e+06,1.2e+06,1.2e+06,1.2e+06,1.596e+06,1.596e+06,24.975,4924166.633,,,,,,,,,,2.9703,1.9802,1.0101,12,100,100
292422,,,,,,,,,,,,,,,,,,,,,,,175192,,,,,,
292466,,,,,,,,,,,,,,,,,,,,,,174602,,,,,,,
292922,,,,,,,,,,,,,,,,,,,,,,,175492,,,,,,
292966,,,,,,,,,,,,,,,,,,,,,,174901,,,,,,,
292992,55800,57400,55200,54800,55400,70000,1.2e+06,1.2e+06,1.2e+06,1.2e+06,1.596e+06,1.596e+06,,4924175.256,,,,,,,,,,7,6.93069,1,0,100,100
293422,,,,,,,,,,,,,,,,,,,,,,,175792,,,,,,
293467,,,,,,,,,,,,,,,,,,,,,,175200,,,,,,,
293923,,,,,,,,,,,,,,,,,,,,,,,176092,,,,,,
293967,,,,,,,,,,,,,,,,,,,,,,175499,,,,,,,
293991,55800,57400,55400,55000,55400,70000,1.2e+06,1.2e+06,1.2e+06,1.2e+06,1.596e+06,1.596e+06,,4924183.873,,,,,,,,,,7.07071,0,0.990099,9,100,100
294424,,,,,,,,,,,,,,,,,,,,,,,176392,,,,,,
294468,,,,,,,,,,,,,,,,,,,,,,175798,,,,,,,
294924,,,,,,,,,,,,,,,,,,,,,,,176692,,,,,,
294969,,,,,,,,,,,,,,,,,,,,,,176097,,,,,,,
294991,56200,57500,55600,55000,55600,70000,1.2e+06,1.2e+06,1.2e+06,1.2e+06,1.596e+06,1.596e+06,,4924192.496,,,,,,,,,,8,0,1.0101,7.07071,100,100
295425,,,,,,,,,,,,,,,,,,,,,,,176992,,,,,,
295469,,,,,,,,,,,,,,,,,,,,,,176396,,,,,,,
295925,,,,,,,,,,,,,,,,,,,,,,,177292,,,,,,
295970,,,,,,,,,,,,,,,,,,,,,,176695,,,,,,,
295992,55800,57400,55400,55200,55600,70000,1.2e+06,1.2e+06,1.2e+06,1.2e+06,1.596e+06,1.596e+06,,4924201.038,,,,,,,,,,1,6,0,8.91089,100,100
296425,,,,,,,,,,,,,,,,,,,,,,,177592,,,,,,
296471,,,,,,,,,,,,,,,,,,,,,,176994,,,,,,,
296926,,,,,,,,,,,,,,,,,,,,,,,177892,,,,,,
296971,,,,,,,,,,,,,,,,,,,,,,177293,,,,,,,
296991,55800,57500,55400,55000,55600,70000,1.2e+06,1.2e+06,1.2e+06,1.2e+06,1.596e+06,1.596e+06,,4924209.647,,,,,,,,,,7,4.08163,2,0,100,100
297426,,,,,,,,,,,,,,,,,,,,,,,178192,,,,,,
297472,,,,,,,,,,,,,,,,,,,,,,177592,,,,,,,
297927,,,,,,,,,,,,,,,,,,,,,,,178492,,,,,,
297972,,,,,,,,,,,,,,,,,,,,,,177891,,,,,,,
297991,55800,57400,55400,55200,55400,70000,1.2e+06,1.2e+06,1.2e+06,1.2e+06,1.596e+06,1.596e+06,,4924218.178,,,,,,,,,,2.0202,7.84314,4.0404,1,100,100
298427,,,,,,,,,,,,,,,,,,,,,,,178792,,,,,,
298473,,,,,,,,,,,,,,,,,,,,,,178190,,,,,,,
298927,,,,,,,,,,,,,,,,,,,,,,,179092,,,,,,
298973,,,,,,,,,,,,,,,,,,,,,,178489,,,,,,,
298991,56000,57500,55600,55200,55600,70000,1.2e+06,1.2e+06,1.2e+06,1.2e+06,1.596e+06,1.596e+06,,4924226.776,,,,,,,,,,0,0,7.92079,7,100,100
299428,,,,,,,,,,,,,,,,,,,,,,,179392,,,,,,
299474,,,,,,,,,,,,,,,,,,,,,,178788,,,,,,,
299928,,,,,,,,,,,,,,,,,,,,,,,179692,,,,,,
299974,,,,,,,,,,,,,,,,,,,,,,179087,,,,,,,
299991,55800,57400,55600,55200,55800,70000,1.2e+06,1.2e+06,1.2e+06,1.2e+06,1.596e+06,1.596e+06,,4924235.286,,,,,,,,,,6.93069,1,0,7.84314,100,100
