# Started at: 2022-04-26 09:32:50 +0000, Version: v0.1-177-gf3f14d1, Generated by: thermobench --verbose --time=300 --wait=50 --wait-timeout=60 --sensors_file=/root/thermobench/src/sensors.imx8 --cpu-usage --column=CPU0_work_done --column=CPU1_work_done --column=CPU2_work_done --column=CPU3_work_done --column=CPU4_work_done --column=CPU5_work_done --output=/root/JSA/coefficients_experiment/measurements/imx8b//tinyrenderer-diablo_A72_all.json.yaml.csv -- demos-sched -p high -c /root/JSA/coefficients_experiment/demos_configurations/imx8//tinyrenderer-diablo_A72_all.json.yaml
time/ms,CPU_0_temp/m°C,CPU_1_temp/m°C,GPU_0_temp/m°C,GPU_1_temp/m°C,DRC_temp/m°C,PMIC_temp/m°C,Cortex_A53_0_freq/Hz,Cortex_A53_1_freq/Hz,Cortex_A53_2_freq/Hz,Cortex_A53_3_freq/Hz,Cortex_A72_0_freq/Hz,Cortex_A72_1_freq/Hz,ambient,energy,cam_cpu,cam_mem,heat_sources,CPU0_work_done,CPU1_work_done,CPU2_work_done,CPU3_work_done,CPU4_work_done,CPU5_work_done,CPU0_load/%,CPU1_load/%,CPU2_load/%,CPU3_load/%,CPU4_load/%,CPU5_load/%
1.1081,45600,45400,45800,44400,45000,70000,896000,896000,896000,896000,600000,600000,,,,,,,,,,,,0,0,0,0,0,0
429.378,,,,,,,,,,,,,,,,,,,,,,,0,,,,,,
434.721,,,,,,,,,,,,,,,,,,,,,,0,,,,,,,
976.126,,,,,,,,,,,,,,,,,,,,,,,3,,,,,,
980.596,,,,,,,,,,,,,,,,,,,,,,3,,,,,,,
991.735,46600,47400,46400,45200,46000,70000,1.2e+06,1.2e+06,1.2e+06,1.2e+06,1.596e+06,1.596e+06,24.439,174415.122,,,,,,,,,,7.07071,0,4.12371,4.16667,87,89
1509.57,,,,,,,,,,,,,,,,,,,,,,,6,,,,,,
1514.12,,,,,,,,,,,,,,,,,,,,,,6,,,,,,,
1992.33,46800,47900,46600,45600,46600,70000,1.2e+06,1.2e+06,1.2e+06,1.2e+06,1.596e+06,1.596e+06,,174423.470,,,,,,,,,,1,0,14,0,100,100
2042.7,,,,,,,,,,,,,,,,,,,,,,,9,,,,,,
2046.9,,,,,,,,,,,,,,,,,,,,,,9,,,,,,,
2575.62,,,,,,,,,,,,,,,,,,,,,,,12,,,,,,
2579.76,,,,,,,,,,,,,,,,,,,,,,12,,,,,,,
2991.91,47200,47700,47000,46000,46400,70000,1.2e+06,1.2e+06,1.2e+06,1.2e+06,1.596e+06,1.596e+06,,174431.865,,,,,,,,,,1.0101,0,15.1515,0,100,100
3108.61,,,,,,,,,,,,,,,,,,,,,,,15,,,,,,
3112.75,,,,,,,,,,,,,,,,,,,,,,15,,,,,,,
3641.51,,,,,,,,,,,,,,,,,,,,,,,18,,,,,,
3646.22,,,,,,,,,,,,,,,,,,,,,,18,,,,,,,
3992.13,47400,48300,47000,46200,46800,70000,1.2e+06,1.2e+06,1.2e+06,1.2e+06,1.596e+06,1.596e+06,,174440.198,,,,,,,,,,1.9802,0,12.8713,0,100,100
4174.75,,,,,,,,,,,,,,,,,,,,,,,21,,,,,,
4179.59,,,,,,,,,,,,,,,,,,,,,,21,,,,,,,
4707.49,,,,,,,,,,,,,,,,,,,,,,,24,,,,,,
4712.14,,,,,,,,,,,,,,,,,,,,,,24,,,,,,,
4991.84,47900,48300,47400,46600,47400,70000,1.2e+06,1.2e+06,1.2e+06,1.2e+06,1.596e+06,1.596e+06,,174448.625,,,,,,,,,,1.0101,0.990099,8,5.05051,100,100
5240.4,,,,,,,,,,,,,,,,,,,,,,,27,,,,,,
5245.09,,,,,,,,,,,,,,,,,,,,,,27,,,,,,,
5773.2,,,,,,,,,,,,,,,,,,,,,,,30,,,,,,
5777.77,,,,,,,,,,,,,,,,,,,,,,30,,,,,,,
5992.33,47900,48700,47400,46400,47400,70000,1.2e+06,1.2e+06,1.2e+06,1.2e+06,1.596e+06,1.596e+06,,174457.038,,,,,,,,,,0,0,11.1111,4,100,100
6306.6,,,,,,,,,,,,,,,,,,,,,,,33,,,,,,
6310.99,,,,,,,,,,,,,,,,,,,,,,33,,,,,,,
6839.48,,,,,,,,,,,,,,,,,,,,,,,36,,,,,,
6843.97,,,,,,,,,,,,,,,,,,,,,,36,,,,,,,
6992.2,48300,48900,47700,47000,47700,70000,1.2e+06,1.2e+06,1.2e+06,1.2e+06,1.596e+06,1.596e+06,,174465.446,,,,,,,,,,0.990099,0,10.2041,0,100,100
7372.32,,,,,,,,,,,,,,,,,,,,,,,39,,,,,,
7376.75,,,,,,,,,,,,,,,,,,,,,,39,,,,,,,
7905.28,,,,,,,,,,,,,,,,,,,,,,,42,,,,,,
7910,,,,,,,,,,,,,,,,,,,,,,42,,,,,,,
7992.24,48300,49100,47900,47200,47500,70000,1.2e+06,1.2e+06,1.2e+06,1.2e+06,1.596e+06,1.596e+06,,174473.776,,,,,,,,,,1.0101,3,8,4,100,100
8438.32,,,,,,,,,,,,,,,,,,,,,,,45,,,,,,
8442.93,,,,,,,,,,,,,,,,,,,,,,45,,,,,,,
8970.94,,,,,,,,,,,,,,,,,,,,,,,48,,,,,,
8975.56,,,,,,,,,,,,,,,,,,,,,,48,,,,,,,
8991.7,48500,49700,48100,47200,48100,70000,1.2e+06,1.2e+06,1.2e+06,1.2e+06,1.596e+06,1.596e+06,,174482.189,,,,,,,,,,1,3.0303,1,9.27835,100,100
9503.94,,,,,,,,,,,,,,,,,,,,,,,51,,,,,,
9508.73,,,,,,,,,,,,,,,,,,,,,,51,,,,,,,
9991.73,48500,49300,48100,47400,47900,70000,1.2e+06,1.2e+06,1.2e+06,1.2e+06,1.596e+06,1.596e+06,,174490.514,,,,,,,,,,6.06061,0,1,9.80392,100,100
10037.2,,,,,,,,,,,,,,,,,,,,,,,54,,,,,,
10041.7,,,,,,,,,,,,,,,,,,,,,,54,,,,,,,
10570.1,,,,,,,,,,,,,,,,,,,,,,,57,,,,,,
10574.5,,,,,,,,,,,,,,,,,,,,,,57,,,,,,,
10992.5,48700,49700,48500,47500,48300,70000,1.2e+06,1.2e+06,1.2e+06,1.2e+06,1.596e+06,1.596e+06,24.461,174498.970,,,,,,,,,,6.06061,0,9.09091,0,100,100
11103,,,,,,,,,,,,,,,,,,,,,,,60,,,,,,
11107.6,,,,,,,,,,,,,,,,,,,,,,60,,,,,,,
11636.2,,,,,,,,,,,,,,,,,,,,,,,63,,,,,,
11640.3,,,,,,,,,,,,,,,,,,,,,,63,,,,,,,
11992.4,48900,49700,48700,47700,48300,70000,1.2e+06,1.2e+06,1.2e+06,1.2e+06,1.596e+06,1.596e+06,,174507.310,,,,,,,,,,7.84314,0,6,0,100,100
12169.4,,,,,,,,,,,,,,,,,,,,,,,66,,,,,,
12173.6,,,,,,,,,,,,,,,,,,,,,,66,,,,,,,
12702.1,,,,,,,,,,,,,,,,,,,,,,,69,,,,,,
12706.7,,,,,,,,,,,,,,,,,,,,,,69,,,,,,,
12991.7,49100,49700,48500,47500,48300,70000,1.2e+06,1.2e+06,1.2e+06,1.2e+06,1.596e+06,1.596e+06,,174515.706,,,,,,,,,,5.05051,5.05051,5,0,100,100
13235,,,,,,,,,,,,,,,,,,,,,,,72,,,,,,
13239.6,,,,,,,,,,,,,,,,,,,,,,72,,,,,,,
13768,,,,,,,,,,,,,,,,,,,,,,,75,,,,,,
13772.4,,,,,,,,,,,,,,,,,,,,,,75,,,,,,,
13992,49100,49900,48700,47900,48300,70000,1.2e+06,1.2e+06,1.2e+06,1.2e+06,1.596e+06,1.596e+06,,174524.145,,,,,,,,,,0,4,6,6,100,100
14313.8,,,,,,,,,,,,,,,,,,,,,,78,,,,,,,
14320.9,,,,,,,,,,,,,,,,,,,,,,,78,,,,,,
14844.5,,,,,,,,,,,,,,,,,,,,,,81,,,,,,,
14851.8,,,,,,,,,,,,,,,,,,,,,,,81,,,,,,
14992,48900,49900,48900,47900,48700,70000,1.2e+06,1.2e+06,1.2e+06,1.2e+06,1.596e+06,1.596e+06,,174532.496,,,,,,,,,,1,0,6,6,100,100
15375.2,,,,,,,,,,,,,,,,,,,,,,84,,,,,,,
15382.7,,,,,,,,,,,,,,,,,,,,,,,84,,,,,,
15906.1,,,,,,,,,,,,,,,,,,,,,,87,,,,,,,
15914.1,,,,,,,,,,,,,,,,,,,,,,,87,,,,,,
15992.3,49500,50100,49100,48100,48700,70000,1.2e+06,1.2e+06,1.2e+06,1.2e+06,1.596e+06,1.596e+06,,174540.905,,,,,,,,,,1,6.06061,0.990099,11,100,100
16436.7,,,,,,,,,,,,,,,,,,,,,,90,,,,,,,
16444.8,,,,,,,,,,,,,,,,,,,,,,,90,,,,,,
16967,,,,,,,,,,,,,,,,,,,,,,93,,,,,,,
16975.5,,,,,,,,,,,,,,,,,,,,,,,93,,,,,,
16991.7,49300,50100,48900,48100,48900,70000,1.2e+06,1.2e+06,1.2e+06,1.2e+06,1.596e+06,1.596e+06,,174549.264,,,,,,,,,,1,0,1,13,100,100
17498.2,,,,,,,,,,,,,,,,,,,,,,96,,,,,,,
17507.3,,,,,,,,,,,,,,,,,,,,,,,96,,,,,,
17992.4,49300,50700,49300,48300,49100,70000,1.2e+06,1.2e+06,1.2e+06,1.2e+06,1.596e+06,1.596e+06,,174557.678,,,,,,,,,,0,0,0,11.1111,100,100
18029.2,,,,,,,,,,,,,,,,,,,,,,99,,,,,,,
18038.8,,,,,,,,,,,,,,,,,,,,,,,99,,,,,,
18560.2,,,,,,,,,,,,,,,,,,,,,,102,,,,,,,
18570.3,,,,,,,,,,,,,,,,,,,,,,,102,,,,,,
18991.9,49500,50700,49300,48300,49100,70000,1.2e+06,1.2e+06,1.2e+06,1.2e+06,1.596e+06,1.596e+06,,174566.136,,,,,,,,,,1,0,0,15,100,100
19090.6,,,,,,,,,,,,,,,,,,,,,,105,,,,,,,
19101.8,,,,,,,,,,,,,,,,,,,,,,,105,,,,,,
19621.3,,,,,,,,,,,,,,,,,,,,,,108,,,,,,,
19633.1,,,,,,,,,,,,,,,,,,,,,,,108,,,,,,
19991.8,49500,50500,49300,48300,49100,70000,1.2e+06,1.2e+06,1.2e+06,1.2e+06,1.596e+06,1.596e+06,,174574.570,,,,,,,,,,1.9802,0.990099,1,13.1313,100,100
20152,,,,,,,,,,,,,,,,,,,,,,111,,,,,,,
20164.3,,,,,,,,,,,,,,,,,,,,,,,111,,,,,,
20682.5,,,,,,,,,,,,,,,,,,,,,,114,,,,,,,
20695.4,,,,,,,,,,,,,,,,,,,,,,,114,,,,,,
20992.1,50100,50900,49700,48700,49500,70000,1.2e+06,1.2e+06,1.2e+06,1.2e+06,1.596e+06,1.596e+06,24.439,174582.984,,,,,,,,,,7,0,0,8.08081,100,100
21213,,,,,,,,,,,,,,,,,,,,,,117,,,,,,,
21226.4,,,,,,,,,,,,,,,,,,,,,,,117,,,,,,
21743.7,,,,,,,,,,,,,,,,,,,,,,120,,,,,,,
21757.5,,,,,,,,,,,,,,,,,,,,,,,120,,,,,,
21991.7,49900,50700,49500,48700,49100,70000,1.2e+06,1.2e+06,1.2e+06,1.2e+06,1.596e+06,1.596e+06,,174591.335,,,,,,,,,,1,0.990099,0,15.8416,100,100
22274.8,,,,,,,,,,,,,,,,,,,,,,123,,,,,,,
22289,,,,,,,,,,,,,,,,,,,,,,,123,,,,,,
22805.5,,,,,,,,,,,,,,,,,,,,,,126,,,,,,,
22820.4,,,,,,,,,,,,,,,,,,,,,,,126,,,,,,
22991.9,49900,50900,49900,48700,49300,70000,1.2e+06,1.2e+06,1.2e+06,1.2e+06,1.596e+06,1.596e+06,,174599.754,,,,,,,,,,6.06061,0,1,7.84314,100,100
23336.2,,,,,,,,,,,,,,,,,,,,,,129,,,,,,,
23351.8,,,,,,,,,,,,,,,,,,,,,,,129,,,,,,
23867.2,,,,,,,,,,,,,,,,,,,,,,132,,,,,,,
23883.4,,,,,,,,,,,,,,,,,,,,,,,132,,,,,,
23992.2,50300,51300,50100,49100,49700,70000,1.2e+06,1.2e+06,1.2e+06,1.2e+06,1.596e+06,1.596e+06,,174608.099,,,,,,,,,,10.8911,1.9802,1,7,100,100
24415.3,,,,,,,,,,,,,,,,,,,,,,135,,,,,,,
24417,,,,,,,,,,,,,,,,,,,,,,,135,,,,,,
24945.1,,,,,,,,,,,,,,,,,,,,,,138,,,,,,,
24949.4,,,,,,,,,,,,,,,,,,,,,,,138,,,,,,
24991.7,50300,50700,50100,49100,49700,70000,1.2e+06,1.2e+06,1.2e+06,1.2e+06,1.596e+06,1.596e+06,,174616.521,,,,,,,,,,3,0,0,11.8812,100,100
25475.1,,,,,,,,,,,,,,,,,,,,,,141,,,,,,,
25481.2,,,,,,,,,,,,,,,,,,,,,,,141,,,,,,
25991.8,50500,51100,50100,49300,49900,70000,1.2e+06,1.2e+06,1.2e+06,1.2e+06,1.596e+06,1.596e+06,,174624.861,,,,,,,,,,1.0101,0,1,14,100,100
26004.1,,,,,,,,,,,,,,,,,,,,,,144,,,,,,,
26012.5,,,,,,,,,,,,,,,,,,,,,,,144,,,,,,
26532.9,,,,,,,,,,,,,,,,,,,,,,147,,,,,,,
26543.6,,,,,,,,,,,,,,,,,,,,,,,147,,,,,,
26991.4,49900,51100,50100,49100,49700,70000,1.2e+06,1.2e+06,1.2e+06,1.2e+06,1.596e+06,1.596e+06,,174633.309,,,,,,,,,,14,1.0101,0,0,100,100
27061.8,,,,,,,,,,,,,,,,,,,,,,150,,,,,,,
27074.7,,,,,,,,,,,,,,,,,,,,,,,150,,,,,,
27590.8,,,,,,,,,,,,,,,,,,,,,,153,,,,,,,
27605.9,,,,,,,,,,,,,,,,,,,,,,,153,,,,,,
27991.8,50300,51300,50100,49100,49900,70000,1.2e+06,1.2e+06,1.2e+06,1.2e+06,1.596e+06,1.596e+06,,174641.665,,,,,,,,,,7,0,5.05051,0,100,100
28120.1,,,,,,,,,,,,,,,,,,,,,,156,,,,,,,
28137.1,,,,,,,,,,,,,,,,,,,,,,,156,,,,,,
28649,,,,,,,,,,,,,,,,,,,,,,159,,,,,,,
28668.5,,,,,,,,,,,,,,,,,,,,,,,159,,,,,,
28992,50700,51500,50100,49100,50100,70000,1.2e+06,1.2e+06,1.2e+06,1.2e+06,1.596e+06,1.596e+06,,174650.098,,,,,,,,,,4.9505,6,4.08163,1,100,100
29178.3,,,,,,,,,,,,,,,,,,,,,,162,,,,,,,
29199.9,,,,,,,,,,,,,,,,,,,,,,,162,,,,,,
29706.9,,,,,,,,,,,,,,,,,,,,,,165,,,,,,,
29731.2,,,,,,,,,,,,,,,,,,,,,,,165,,,,,,
29992,50700,51500,50300,49300,50100,70000,1.2e+06,1.2e+06,1.2e+06,1.2e+06,1.596e+06,1.596e+06,,174658.563,,,,,,,,,,7.92079,10.8911,0.990099,0,100,100
30235.9,,,,,,,,,,,,,,,,,,,,,,168,,,,,,,
30262.6,,,,,,,,,,,,,,,,,,,,,,,168,,,,,,
30765.4,,,,,,,,,,,,,,,,,,,,,,171,,,,,,,
30794,,,,,,,,,,,,,,,,,,,,,,,171,,,,,,
30992.4,50300,51100,50100,49300,49700,70000,1.2e+06,1.2e+06,1.2e+06,1.2e+06,1.596e+06,1.596e+06,24.439,174667.007,,,,,,,,,,12.8713,0,0,0,100,100
31294.4,,,,,,,,,,,,,,,,,,,,,,174,,,,,,,
31325.3,,,,,,,,,,,,,,,,,,,,,,,174,,,,,,
31823.4,,,,,,,,,,,,,,,,,,,,,,177,,,,,,,
31856.3,,,,,,,,,,,,,,,,,,,,,,,177,,,,,,
31991.7,50700,51700,50500,49300,50100,70000,1.2e+06,1.2e+06,1.2e+06,1.2e+06,1.596e+06,1.596e+06,,174675.393,,,,,,,,,,10,0,5.05051,0,100,100
32352.3,,,,,,,,,,,,,,,,,,,,,,180,,,,,,,
32387.9,,,,,,,,,,,,,,,,,,,,,,,180,,,,,,
32881.8,,,,,,,,,,,,,,,,,,,,,,183,,,,,,,
32919.5,,,,,,,,,,,,,,,,,,,,,,,183,,,,,,
32991.9,50700,51500,50500,49500,50300,70000,1.2e+06,1.2e+06,1.2e+06,1.2e+06,1.596e+06,1.596e+06,,174683.851,,,,,,,,,,12.1212,3.9604,0,1,100,100
33411.3,,,,,,,,,,,,,,,,,,,,,,186,,,,,,,
33451.1,,,,,,,,,,,,,,,,,,,,,,,186,,,,,,
33940.6,,,,,,,,,,,,,,,,,,,,,,189,,,,,,,
33982.9,,,,,,,,,,,,,,,,,,,,,,,189,,,,,,
33992,50700,51900,50500,49900,50500,70000,1.2e+06,1.2e+06,1.2e+06,1.2e+06,1.596e+06,1.596e+06,,174690.189,,,,,,,,,,9.80392,3.06122,0,0,100,100
34470.3,,,,,,,,,,,,,,,,,,,,,,192,,,,,,,
34514.4,,,,,,,,,,,,,,,,,,,,,,,192,,,,,,
34991.8,51100,51700,50700,49900,50300,70000,1.2e+06,1.2e+06,1.2e+06,1.2e+06,1.596e+06,1.596e+06,,174698.536,,,,,,,,,,10.101,4.9505,0,0,100,100
34999.2,,,,,,,,,,,,,,,,,,,,,,195,,,,,,,
35045.5,,,,,,,,,,,,,,,,,,,,,,,195,,,,,,
35528.4,,,,,,,,,,,,,,,,,,,,,,198,,,,,,,
35576.8,,,,,,,,,,,,,,,,,,,,,,,198,,,,,,
35991.5,51100,51700,50700,49900,50700,70000,1.2e+06,1.2e+06,1.2e+06,1.2e+06,1.596e+06,1.596e+06,,174706.989,,,,,,,,,,0,4.0404,6.93069,6.06061,100,100
36057,,,,,,,,,,,,,,,,,,,,,,201,,,,,,,
36108.1,,,,,,,,,,,,,,,,,,,,,,,201,,,,,,
36585.6,,,,,,,,,,,,,,,,,,,,,,204,,,,,,,
36639.2,,,,,,,,,,,,,,,,,,,,,,,204,,,,,,
36992.4,50700,51900,50900,49700,50700,70000,1.2e+06,1.2e+06,1.2e+06,1.2e+06,1.596e+06,1.596e+06,,174715.443,,,,,,,,,,1.9802,0,6.93069,8,100,100
37114.5,,,,,,,,,,,,,,,,,,,,,,207,,,,,,,
37170.7,,,,,,,,,,,,,,,,,,,,,,,207,,,,,,
37643.7,,,,,,,,,,,,,,,,,,,,,,210,,,,,,,
37702.1,,,,,,,,,,,,,,,,,,,,,,,210,,,,,,
37992.1,51100,51900,50700,49900,50500,70000,1.2e+06,1.2e+06,1.2e+06,1.2e+06,1.596e+06,1.596e+06,,174723.783,,,,,,,,,,1,4,5.05051,6.93069,100,100
38173.8,,,,,,,,,,,,,,,,,,,,,,213,,,,,,,
38233.7,,,,,,,,,,,,,,,,,,,,,,,213,,,,,,
38702.7,,,,,,,,,,,,,,,,,,,,,,216,,,,,,,
38765.1,,,,,,,,,,,,,,,,,,,,,,,216,,,,,,
38991.7,51300,51900,50700,49900,50700,70000,1.2e+06,1.2e+06,1.2e+06,1.2e+06,1.596e+06,1.596e+06,,174732.208,,,,,,,,,,2,0.990099,6,6,100,100
39231.7,,,,,,,,,,,,,,,,,,,,,,219,,,,,,,
39296.5,,,,,,,,,,,,,,,,,,,,,,,219,,,,,,
39760.2,,,,,,,,,,,,,,,,,,,,,,222,,,,,,,
39827.5,,,,,,,,,,,,,,,,,,,,,,,222,,,,,,
39991.8,51100,52100,50900,49900,50500,70000,1.2e+06,1.2e+06,1.2e+06,1.2e+06,1.596e+06,1.596e+06,,174740.586,,,,,,,,,,1,0,6.06061,7.07071,100,100
40288.8,,,,,,,,,,,,,,,,,,,,,,225,,,,,,,
40359.1,,,,,,,,,,,,,,,,,,,,,,,225,,,,,,
40818.2,,,,,,,,,,,,,,,,,,,,,,228,,,,,,,
40890.8,,,,,,,,,,,,,,,,,,,,,,,228,,,,,,
40992,51100,51900,50900,49900,50500,70000,1.2e+06,1.2e+06,1.2e+06,1.2e+06,1.596e+06,1.596e+06,24.428,174749.041,,,,,,,,,,2,0,5,10,100,100
41347.3,,,,,,,,,,,,,,,,,,,,,,231,,,,,,,
41422.5,,,,,,,,,,,,,,,,,,,,,,,231,,,,,,
41876.5,,,,,,,,,,,,,,,,,,,,,,234,,,,,,,
41953.9,,,,,,,,,,,,,,,,,,,,,,,234,,,,,,
41992,51300,52300,50900,50100,50700,70000,1.2e+06,1.2e+06,1.2e+06,1.2e+06,1.596e+06,1.596e+06,,174757.479,,,,,,,,,,1,0,1,12,100,100
42405.1,,,,,,,,,,,,,,,,,,,,,,237,,,,,,,
42485.2,,,,,,,,,,,,,,,,,,,,,,,237,,,,,,
42934.2,,,,,,,,,,,,,,,,,,,,,,240,,,,,,,
42992.4,51300,52100,51100,50300,50700,70000,1.2e+06,1.2e+06,1.2e+06,1.2e+06,1.596e+06,1.596e+06,,174765.976,,,,,,,,,,2,0,0,14.2857,100,100
43016.4,,,,,,,,,,,,,,,,,,,,,,,240,,,,,,
43463.1,,,,,,,,,,,,,,,,,,,,,,243,,,,,,,
43548.2,,,,,,,,,,,,,,,,,,,,,,,243,,,,,,
43991.7,51500,52300,51100,50300,50900,70000,1.2e+06,1.2e+06,1.2e+06,1.2e+06,1.596e+06,1.596e+06,,174774.404,,,,,,,,,,0,1,0,13.1313,100,100
43993.5,,,,,,,,,,,,,,,,,,,,,,246,,,,,,,
44079.1,,,,,,,,,,,,,,,,,,,,,,,246,,,,,,
44520.5,,,,,,,,,,,,,,,,,,,,,,249,,,,,,,
44610.2,,,,,,,,,,,,,,,,,,,,,,,249,,,,,,
44991.8,51500,52300,51100,50300,50900,70000,1.2e+06,1.2e+06,1.2e+06,1.2e+06,1.596e+06,1.596e+06,,174782.776,,,,,,,,,,1,0,0,12,100,100
45050,,,,,,,,,,,,,,,,,,,,,,252,,,,,,,
45141.6,,,,,,,,,,,,,,,,,,,,,,,252,,,,,,
45579.3,,,,,,,,,,,,,,,,,,,,,,255,,,,,,,
45672.9,,,,,,,,,,,,,,,,,,,,,,,255,,,,,,
45991.8,51500,52300,51300,50300,50900,70000,1.2e+06,1.2e+06,1.2e+06,1.2e+06,1.596e+06,1.596e+06,,174791.223,,,,,,,,,,7,0,0.990099,10.2041,100,100
46108.7,,,,,,,,,,,,,,,,,,,,,,258,,,,,,,
46204.1,,,,,,,,,,,,,,,,,,,,,,,258,,,,,,
46638,,,,,,,,,,,,,,,,,,,,,,261,,,,,,,
46735.3,,,,,,,,,,,,,,,,,,,,,,,261,,,,,,
46991.9,51500,52300,51100,50300,50900,70000,1.2e+06,1.2e+06,1.2e+06,1.2e+06,1.596e+06,1.596e+06,,174799.659,,,,,,,,,,1,0,1,12,100,100
47167.5,,,,,,,,,,,,,,,,,,,,,,264,,,,,,,
47266.6,,,,,,,,,,,,,,,,,,,,,,,264,,,,,,
47696.5,,,,,,,,,,,,,,,,,,,,,,267,,,,,,,
47797.6,,,,,,,,,,,,,,,,,,,,,,,267,,,,,,
47992.2,51500,52300,51300,50300,50900,70000,1.2e+06,1.2e+06,1.2e+06,1.2e+06,1.596e+06,1.596e+06,,174808.045,,,,,,,,,,0,5.05051,0,8,100,100
48226.1,,,,,,,,,,,,,,,,,,,,,,270,,,,,,,
48329,,,,,,,,,,,,,,,,,,,,,,,270,,,,,,
48755.4,,,,,,,,,,,,,,,,,,,,,,273,,,,,,,
48860.7,,,,,,,,,,,,,,,,,,,,,,,273,,,,,,
48992,51500,52500,51300,50300,51100,70000,1.2e+06,1.2e+06,1.2e+06,1.2e+06,1.596e+06,1.596e+06,,174816.422,,,,,,,,,,7.84314,0,5,5.05051,100,100
49285,,,,,,,,,,,,,,,,,,,,,,276,,,,,,,
49391.7,,,,,,,,,,,,,,,,,,,,,,,276,,,,,,
49814.2,,,,,,,,,,,,,,,,,,,,,,279,,,,,,,
49922.7,,,,,,,,,,,,,,,,,,,,,,,279,,,,,,
49991.9,51700,52500,51300,50500,50900,70000,1.2e+06,1.2e+06,1.2e+06,1.2e+06,1.596e+06,1.596e+06,,174824.875,,,,,,,,,,7,0,1,6,100,100
50343.3,,,,,,,,,,,,,,,,,,,,,,282,,,,,,,
50453.7,,,,,,,,,,,,,,,,,,,,,,,282,,,,,,
50872.4,,,,,,,,,,,,,,,,,,,,,,285,,,,,,,
50985.2,,,,,,,,,,,,,,,,,,,,,,,285,,,,,,
50992.4,51900,52600,51700,50500,51300,70000,1.2e+06,1.2e+06,1.2e+06,1.2e+06,1.596e+06,1.596e+06,24.428,174833.319,,,,,,,,,,2,0,0,17.6471,100,100
51401.8,,,,,,,,,,,,,,,,,,,,,,288,,,,,,,
51516.6,,,,,,,,,,,,,,,,,,,,,,,288,,,,,,
51930.9,,,,,,,,,,,,,,,,,,,,,,291,,,,,,,
51992,51900,52600,51300,50500,51300,70000,1.2e+06,1.2e+06,1.2e+06,1.2e+06,1.596e+06,1.596e+06,,174841.772,,,,,,,,,,5.10204,0,1,7.07071,100,100
52047.6,,,,,,,,,,,,,,,,,,,,,,,291,,,,,,
52459.9,,,,,,,,,,,,,,,,,,,,,,294,,,,,,,
52579.2,,,,,,,,,,,,,,,,,,,,,,,294,,,,,,
52989.1,,,,,,,,,,,,,,,,,,,,,,297,,,,,,,
52992.3,51900,52600,51500,50700,51300,70000,1.2e+06,1.2e+06,1.2e+06,1.2e+06,1.596e+06,1.596e+06,,174850.111,,,,,,,,,,6.06061,0,1,7,100,100
53110.5,,,,,,,,,,,,,,,,,,,,,,,297,,,,,,
53518.6,,,,,,,,,,,,,,,,,,,,,,300,,,,,,,
53641.6,,,,,,,,,,,,,,,,,,,,,,,300,,,,,,
53991.7,51900,52800,51500,50700,51500,70000,1.2e+06,1.2e+06,1.2e+06,1.2e+06,1.596e+06,1.596e+06,,174858.594,,,,,,,,,,1,0.990099,0,17.8218,100,100
54047.8,,,,,,,,,,,,,,,,,,,,,,303,,,,,,,
54172.8,,,,,,,,,,,,,,,,,,,,,,,303,,,,,,
54576.7,,,,,,,,,,,,,,,,,,,,,,306,,,,,,,
54704.2,,,,,,,,,,,,,,,,,,,,,,,306,,,,,,
54991.6,51900,52600,51300,50700,51300,70000,1.2e+06,1.2e+06,1.2e+06,1.2e+06,1.596e+06,1.596e+06,,174866.999,,,,,,,,,,5,0,6.06061,2,100,100
55106.5,,,,,,,,,,,,,,,,,,,,,,309,,,,,,,
55235.9,,,,,,,,,,,,,,,,,,,,,,,309,,,,,,
55635.9,,,,,,,,,,,,,,,,,,,,,,312,,,,,,,
55767.5,,,,,,,,,,,,,,,,,,,,,,,312,,,,,,
55991.8,51900,52600,51700,50700,51300,70000,1.2e+06,1.2e+06,1.2e+06,1.2e+06,1.596e+06,1.596e+06,,174875.413,,,,,,,,,,9,1,0,6.06061,100,100
56165.5,,,,,,,,,,,,,,,,,,,,,,315,,,,,,,
56299.1,,,,,,,,,,,,,,,,,,,,,,,315,,,,,,
56694.7,,,,,,,,,,,,,,,,,,,,,,318,,,,,,,
56830.6,,,,,,,,,,,,,,,,,,,,,,,318,,,,,,
56992,51900,53000,51700,50700,51300,70000,1.2e+06,1.2e+06,1.2e+06,1.2e+06,1.596e+06,1.596e+06,,174883.864,,,,,,,,,,5,0,1,11.1111,100,100
57224.2,,,,,,,,,,,,,,,,,,,,,,321,,,,,,,
57362,,,,,,,,,,,,,,,,,,,,,,,321,,,,,,
57753.3,,,,,,,,,,,,,,,,,,,,,,324,,,,,,,
57893.2,,,,,,,,,,,,,,,,,,,,,,,324,,,,,,
57991.8,52300,53000,51700,50700,51500,70000,1.2e+06,1.2e+06,1.2e+06,1.2e+06,1.596e+06,1.596e+06,,174892.208,,,,,,,,,,1,0,0,12,100,100
58282.9,,,,,,,,,,,,,,,,,,,,,,327,,,,,,,
58424.9,,,,,,,,,,,,,,,,,,,,,,,327,,,,,,
58812.1,,,,,,,,,,,,,,,,,,,,,,330,,,,,,,
58956.2,,,,,,,,,,,,,,,,,,,,,,,330,,,,,,
58992.3,51900,52800,51700,50900,51500,70000,1.2e+06,1.2e+06,1.2e+06,1.2e+06,1.596e+06,1.596e+06,,174900.736,,,,,,,,,,1,0,0,16.1616,100,100
59340.9,,,,,,,,,,,,,,,,,,,,,,333,,,,,,,
59486.7,,,,,,,,,,,,,,,,,,,,,,,333,,,,,,
59870,,,,,,,,,,,,,,,,,,,,,,336,,,,,,,
59992.3,51900,52800,51700,50700,51500,70000,1.2e+06,1.2e+06,1.2e+06,1.2e+06,1.596e+06,1.596e+06,,174909.132,,,,,,,,,,1,0,0,12,100,100
60017.3,,,,,,,,,,,,,,,,,,,,,,,336,,,,,,
60399.4,,,,,,,,,,,,,,,,,,,,,,339,,,,,,,
60548.5,,,,,,,,,,,,,,,,,,,,,,,339,,,,,,
60928.9,,,,,,,,,,,,,,,,,,,,,,342,,,,,,,
60992.4,52300,53000,51700,51100,51900,70000,1.2e+06,1.2e+06,1.2e+06,1.2e+06,1.596e+06,1.596e+06,24.471,174917.561,,,,,,,,,,5,0,1.9802,12.1212,100,100
61079.9,,,,,,,,,,,,,,,,,,,,,,,342,,,,,,
61458.3,,,,,,,,,,,,,,,,,,,,,,345,,,,,,,
61611,,,,,,,,,,,,,,,,,,,,,,,345,,,,,,
61986.9,,,,,,,,,,,,,,,,,,,,,,348,,,,,,,
61992.1,52100,52800,51900,50900,51500,70000,1.2e+06,1.2e+06,1.2e+06,1.2e+06,1.596e+06,1.596e+06,,174926.014,,,,,,,,,,3,0.990099,0,11,100,100
62141.8,,,,,,,,,,,,,,,,,,,,,,,348,,,,,,
62516.1,,,,,,,,,,,,,,,,,,,,,,351,,,,,,,
62672.9,,,,,,,,,,,,,,,,,,,,,,,351,,,,,,
62991.6,52100,53200,51700,50700,51700,70000,1.2e+06,1.2e+06,1.2e+06,1.2e+06,1.596e+06,1.596e+06,,174934.410,,,,,,,,,,1,0,0,12.3711,100,100
63045.5,,,,,,,,,,,,,,,,,,,,,,354,,,,,,,
63204.1,,,,,,,,,,,,,,,,,,,,,,,354,,,,,,
63575,,,,,,,,,,,,,,,,,,,,,,357,,,,,,,
63735.3,,,,,,,,,,,,,,,,,,,,,,,357,,,,,,
63991.8,52300,52800,51900,50900,51500,70000,1.2e+06,1.2e+06,1.2e+06,1.2e+06,1.596e+06,1.596e+06,,174942.962,,,,,,,,,,7,0,0,10.8911,99.0099,100
64104.1,,,,,,,,,,,,,,,,,,,,,,360,,,,,,,
64266.9,,,,,,,,,,,,,,,,,,,,,,,360,,,,,,
64633.1,,,,,,,,,,,,,,,,,,,,,,363,,,,,,,
64797.9,,,,,,,,,,,,,,,,,,,,,,,363,,,,,,
64992,52300,53000,51900,51100,51700,70000,1.2e+06,1.2e+06,1.2e+06,1.2e+06,1.596e+06,1.596e+06,,174951.496,,,,,,,,,,1,0,1,11,100,100
65162.8,,,,,,,,,,,,,,,,,,,,,,366,,,,,,,
65329,,,,,,,,,,,,,,,,,,,,,,,366,,,,,,
65692.3,,,,,,,,,,,,,,,,,,,,,,369,,,,,,,
65860.1,,,,,,,,,,,,,,,,,,,,,,,369,,,,,,
65991.9,52300,53000,52100,51300,51700,70000,1.2e+06,1.2e+06,1.2e+06,1.2e+06,1.596e+06,1.596e+06,,174959.897,,,,,,,,,,1,6,0,9,100,100
66221.6,,,,,,,,,,,,,,,,,,,,,,372,,,,,,,
66391.7,,,,,,,,,,,,,,,,,,,,,,,372,,,,,,
66751,,,,,,,,,,,,,,,,,,,,,,375,,,,,,,
66923.3,,,,,,,,,,,,,,,,,,,,,,,375,,,,,,
66991.5,52300,53000,51900,51100,51700,70000,1.2e+06,1.2e+06,1.2e+06,1.2e+06,1.596e+06,1.596e+06,,174966.246,,,,,,,,,,5.10204,0,9.09091,0,100,100
67281,,,,,,,,,,,,,,,,,,,,,,378,,,,,,,
67455.3,,,,,,,,,,,,,,,,,,,,,,,378,,,,,,
67813,,,,,,,,,,,,,,,,,,,,,,381,,,,,,,
67988.4,,,,,,,,,,,,,,,,,,,,,,,381,,,,,,
67991.6,52300,53000,51900,51100,51700,70000,1.2e+06,1.2e+06,1.2e+06,1.2e+06,1.596e+06,1.596e+06,,174974.619,,,,,,,,,,8.08081,5,0,0.990099,100,100
68346,,,,,,,,,,,,,,,,,,,,,,384,,,,,,,
68522.6,,,,,,,,,,,,,,,,,,,,,,,384,,,,,,
68878.8,,,,,,,,,,,,,,,,,,,,,,387,,,,,,,
68992.1,52500,53400,52300,51100,51900,70000,1.2e+06,1.2e+06,1.2e+06,1.2e+06,1.596e+06,1.596e+06,,174983.065,,,,,,,,,,11.1111,7.84314,0,0,100,100
69058.2,,,,,,,,,,,,,,,,,,,,,,,387,,,,,,
69409,,,,,,,,,,,,,,,,,,,,,,390,,,,,,,
69590.4,,,,,,,,,,,,,,,,,,,,,,,390,,,,,,
69938.7,,,,,,,,,,,,,,,,,,,,,,393,,,,,,,
69991.8,52600,53200,52100,51100,51900,70000,1.2e+06,1.2e+06,1.2e+06,1.2e+06,1.596e+06,1.596e+06,,174991.461,,,,,,,,,,7.07071,5.05051,0,0,100,100
70122.5,,,,,,,,,,,,,,,,,,,,,,,393,,,,,,
70467.8,,,,,,,,,,,,,,,,,,,,,,396,,,,,,,
70654.1,,,,,,,,,,,,,,,,,,,,,,,396,,,,,,
70992.3,52300,53200,51700,51100,51900,70000,1.2e+06,1.2e+06,1.2e+06,1.2e+06,1.596e+06,1.596e+06,24.525,174999.924,,,,,,,,,,1.9802,3.9604,4.0404,7,100,100
70997.2,,,,,,,,,,,,,,,,,,,,,,399,,,,,,,
71185.5,,,,,,,,,,,,,,,,,,,,,,,399,,,,,,
71526.5,,,,,,,,,,,,,,,,,,,,,,402,,,,,,,
71716.5,,,,,,,,,,,,,,,,,,,,,,,402,,,,,,
71991.5,52300,53200,52100,51100,51700,70000,1.2e+06,1.2e+06,1.2e+06,1.2e+06,1.596e+06,1.596e+06,,175008.280,,,,,,,,,,2,10.2041,4.0404,0,100,100
72055.6,,,,,,,,,,,,,,,,,,,,,,405,,,,,,,
72248.2,,,,,,,,,,,,,,,,,,,,,,,405,,,,,,
72585,,,,,,,,,,,,,,,,,,,,,,408,,,,,,,
72779.6,,,,,,,,,,,,,,,,,,,,,,,408,,,,,,
72991.9,52500,53400,52300,51500,51900,70000,1.2e+06,1.2e+06,1.2e+06,1.2e+06,1.596e+06,1.596e+06,,175016.673,,,,,,,,,,1,12,0.990099,0,100,100
73113.9,,,,,,,,,,,,,,,,,,,,,,411,,,,,,,
73310.6,,,,,,,,,,,,,,,,,,,,,,,411,,,,,,
73642.6,,,,,,,,,,,,,,,,,,,,,,414,,,,,,,
73842.1,,,,,,,,,,,,,,,,,,,,,,,414,,,,,,
73992.4,52300,53200,51900,51300,51900,70000,1.2e+06,1.2e+06,1.2e+06,1.2e+06,1.596e+06,1.596e+06,,175025.127,,,,,,,,,,1.9802,11,6.93069,0,100,100
74171.8,,,,,,,,,,,,,,,,,,,,,,417,,,,,,,
74374,,,,,,,,,,,,,,,,,,,,,,,417,,,,,,
74701,,,,,,,,,,,,,,,,,,,,,,420,,,,,,,
74905.5,,,,,,,,,,,,,,,,,,,,,,,420,,,,,,
74991.7,52300,53400,52100,51100,51700,70000,1.2e+06,1.2e+06,1.2e+06,1.2e+06,1.596e+06,1.596e+06,,175033.614,,,,,,,,,,1.0101,7.07071,6,0,100,100
75230,,,,,,,,,,,,,,,,,,,,,,423,,,,,,,
75436.9,,,,,,,,,,,,,,,,,,,,,,,423,,,,,,
75758.9,,,,,,,,,,,,,,,,,,,,,,426,,,,,,,
75967.8,,,,,,,,,,,,,,,,,,,,,,,426,,,,,,
75992,52300,53200,52100,51100,51700,70000,1.2e+06,1.2e+06,1.2e+06,1.2e+06,1.596e+06,1.596e+06,,175041.970,,,,,,,,,,1,12,0,0,100,100
76287.8,,,,,,,,,,,,,,,,,,,,,,429,,,,,,,
76499.5,,,,,,,,,,,,,,,,,,,,,,,429,,,,,,
76816.7,,,,,,,,,,,,,,,,,,,,,,432,,,,,,,
76992,52500,53400,52100,51300,51900,70000,1.2e+06,1.2e+06,1.2e+06,1.2e+06,1.596e+06,1.596e+06,,175050.420,,,,,,,,,,1,14.1414,0,0,100,100
77031,,,,,,,,,,,,,,,,,,,,,,,432,,,,,,
77346.4,,,,,,,,,,,,,,,,,,,,,,435,,,,,,,
77562.5,,,,,,,,,,,,,,,,,,,,,,,435,,,,,,
77875.5,,,,,,,,,,,,,,,,,,,,,,438,,,,,,,
77991.8,52600,53200,52300,51100,51900,70000,1.2e+06,1.2e+06,1.2e+06,1.2e+06,1.596e+06,1.596e+06,,175058.791,,,,,,,,,,5.94059,10.101,0,0,100,100
78094.2,,,,,,,,,,,,,,,,,,,,,,,438,,,,,,
78405,,,,,,,,,,,,,,,,,,,,,,441,,,,,,,
78625.9,,,,,,,,,,,,,,,,,,,,,,,441,,,,,,
78934,,,,,,,,,,,,,,,,,,,,,,444,,,,,,,
78992.2,52500,53400,52100,51100,51900,70000,1.2e+06,1.2e+06,1.2e+06,1.2e+06,1.596e+06,1.596e+06,,175067.249,,,,,,,,,,0,7.92079,6,0.990099,100,100
79157.7,,,,,,,,,,,,,,,,,,,,,,,444,,,,,,
79463.5,,,,,,,,,,,,,,,,,,,,,,447,,,,,,,
79689.1,,,,,,,,,,,,,,,,,,,,,,,447,,,,,,
79992.3,52600,53400,52300,51300,51900,70000,1.2e+06,1.2e+06,1.2e+06,1.2e+06,1.596e+06,1.596e+06,,175075.610,,,,,,,,,,2.9703,8.24742,6,0,100,100
79994,,,,,,,,,,,,,,,,,,,,,,450,,,,,,,
80220.6,,,,,,,,,,,,,,,,,,,,,,,450,,,,,,
80521.6,,,,,,,,,,,,,,,,,,,,,,453,,,,,,,
80752.1,,,,,,,,,,,,,,,,,,,,,,,453,,,,,,
80992.2,52300,53400,51900,51100,51700,70000,1.2e+06,1.2e+06,1.2e+06,1.2e+06,1.596e+06,1.596e+06,24.536,175084.077,,,,,,,,,,1,6.93069,5,0,100,100
81051.1,,,,,,,,,,,,,,,,,,,,,,456,,,,,,,
81283.9,,,,,,,,,,,,,,,,,,,,,,,456,,,,,,
81580.7,,,,,,,,,,,,,,,,,,,,,,459,,,,,,,
81815.4,,,,,,,,,,,,,,,,,,,,,,,459,,,,,,
81991.9,52600,53400,52300,51300,51900,70000,1.2e+06,1.2e+06,1.2e+06,1.2e+06,1.596e+06,1.596e+06,,175092.432,,,,,,,,,,4.0404,1,6.93069,5.05051,100,100
82109.9,,,,,,,,,,,,,,,,,,,,,,462,,,,,,,
82347.3,,,,,,,,,,,,,,,,,,,,,,,462,,,,,,
82638.7,,,,,,,,,,,,,,,,,,,,,,465,,,,,,,
82878.4,,,,,,,,,,,,,,,,,,,,,,,465,,,,,,
82991.7,52600,53400,52300,51500,52100,70000,1.2e+06,1.2e+06,1.2e+06,1.2e+06,1.596e+06,1.596e+06,,175100.905,,,,,,,,,,0,0,14,0,100,100
83167.8,,,,,,,,,,,,,,,,,,,,,,468,,,,,,,
83409.7,,,,,,,,,,,,,,,,,,,,,,,468,,,,,,
83696.6,,,,,,,,,,,,,,,,,,,,,,471,,,,,,,
83941,,,,,,,,,,,,,,,,,,,,,,,471,,,,,,
83992.2,52500,53400,52100,51500,52100,70000,1.2e+06,1.2e+06,1.2e+06,1.2e+06,1.596e+06,1.596e+06,,175109.377,,,,,,,,,,1,1,14,0,100,100
84225.9,,,,,,,,,,,,,,,,,,,,,,474,,,,,,,
84472.5,,,,,,,,,,,,,,,,,,,,,,,474,,,,,,
84754.8,,,,,,,,,,,,,,,,,,,,,,477,,,,,,,
84991.7,52300,53400,52100,51300,51900,70000,1.2e+06,1.2e+06,1.2e+06,1.2e+06,1.596e+06,1.596e+06,,175117.758,,,,,,,,,,1,1,10,6,100,100
85004.1,,,,,,,,,,,,,,,,,,,,,,,477,,,,,,
85284.2,,,,,,,,,,,,,,,,,,,,,,480,,,,,,,
85535.3,,,,,,,,,,,,,,,,,,,,,,,480,,,,,,
85813.3,,,,,,,,,,,,,,,,,,,,,,483,,,,,,,
85992,52600,53400,52100,51500,52100,70000,1.2e+06,1.2e+06,1.2e+06,1.2e+06,1.596e+06,1.596e+06,,175126.215,,,,,,,,,,1,0,11.1111,0,100,100
86066.4,,,,,,,,,,,,,,,,,,,,,,,483,,,,,,
86342.5,,,,,,,,,,,,,,,,,,,,,,486,,,,,,,
86597.8,,,,,,,,,,,,,,,,,,,,,,,486,,,,,,
86871.5,,,,,,,,,,,,,,,,,,,,,,489,,,,,,,
86991.8,52600,53000,52100,51100,51900,70000,1.2e+06,1.2e+06,1.2e+06,1.2e+06,1.596e+06,1.596e+06,,175134.685,,,,,,,,,,7,0.990099,11.6505,0,100,100
87129.5,,,,,,,,,,,,,,,,,,,,,,,489,,,,,,
87400.7,,,,,,,,,,,,,,,,,,,,,,492,,,,,,,
87660.9,,,,,,,,,,,,,,,,,,,,,,,492,,,,,,
87929.7,,,,,,,,,,,,,,,,,,,,,,495,,,,,,,
87991.9,52600,53400,52500,51500,52100,70000,1.2e+06,1.2e+06,1.2e+06,1.2e+06,1.596e+06,1.596e+06,,175143.082,,,,,,,,,,0,0,0,15.1515,100,100
88192.2,,,,,,,,,,,,,,,,,,,,,,,495,,,,,,
88458.7,,,,,,,,,,,,,,,,,,,,,,498,,,,,,,
88723.6,,,,,,,,,,,,,,,,,,,,,,,498,,,,,,
88987.9,,,,,,,,,,,,,,,,,,,,,,501,,,,,,,
88992.1,52600,53200,52100,51500,51900,70000,1.2e+06,1.2e+06,1.2e+06,1.2e+06,1.596e+06,1.596e+06,,175151.537,,,,,,,,,,1,0,0,12.8713,100,100
89255.1,,,,,,,,,,,,,,,,,,,,,,,501,,,,,,
89517.5,,,,,,,,,,,,,,,,,,,,,,504,,,,,,,
89786.1,,,,,,,,,,,,,,,,,,,,,,,504,,,,,,
89991.8,52600,53400,52500,51500,52300,70000,1.2e+06,1.2e+06,1.2e+06,1.2e+06,1.596e+06,1.596e+06,,175159.931,,,,,,,,,,1,1,0,14.8515,100,100
90046.8,,,,,,,,,,,,,,,,,,,,,,507,,,,,,,
90317.6,,,,,,,,,,,,,,,,,,,,,,,507,,,,,,
90576.2,,,,,,,,,,,,,,,,,,,,,,510,,,,,,,
90848.6,,,,,,,,,,,,,,,,,,,,,,,510,,,,,,
90991.4,53000,53800,52500,51500,52100,70000,1.2e+06,1.2e+06,1.2e+06,1.2e+06,1.596e+06,1.596e+06,24.525,175168.411,,,,,,,,,,1.0101,5.05051,0,9.09091,100,100
91105.1,,,,,,,,,,,,,,,,,,,,,,513,,,,,,,
91379.4,,,,,,,,,,,,,,,,,,,,,,,513,,,,,,
91633.6,,,,,,,,,,,,,,,,,,,,,,516,,,,,,,
91910.6,,,,,,,,,,,,,,,,,,,,,,,516,,,,,,
91991.8,52600,53400,52500,51700,52300,70000,1.2e+06,1.2e+06,1.2e+06,1.2e+06,1.596e+06,1.596e+06,,175176.779,,,,,,,,,,1,12,0,0,100,100
92163.3,,,,,,,,,,,,,,,,,,,,,,519,,,,,,,
92441.9,,,,,,,,,,,,,,,,,,,,,,,519,,,,,,
92692.3,,,,,,,,,,,,,,,,,,,,,,522,,,,,,,
92973.3,,,,,,,,,,,,,,,,,,,,,,,522,,,,,,
92991.5,52600,53400,52300,51500,52300,70000,1.2e+06,1.2e+06,1.2e+06,1.2e+06,1.596e+06,1.596e+06,,175185.246,,,,,,,,,,6.06061,6,0,1.0101,100,100
93221.8,,,,,,,,,,,,,,,,,,,,,,525,,,,,,,
93504.6,,,,,,,,,,,,,,,,,,,,,,,525,,,,,,
93750.9,,,,,,,,,,,,,,,,,,,,,,528,,,,,,,
93991.9,52600,53400,52100,51700,52300,70000,1.2e+06,1.2e+06,1.2e+06,1.2e+06,1.596e+06,1.596e+06,,175193.728,,,,,,,,,,1,10,1.9802,4.9505,100,100
94035.5,,,,,,,,,,,,,,,,,,,,,,,528,,,,,,
94280.5,,,,,,,,,,,,,,,,,,,,,,531,,,,,,,
94566.9,,,,,,,,,,,,,,,,,,,,,,,531,,,,,,
94810,,,,,,,,,,,,,,,,,,,,,,534,,,,,,,
94992.2,52600,53400,52300,51300,52100,70000,1.2e+06,1.2e+06,1.2e+06,1.2e+06,1.596e+06,1.596e+06,,175202.215,,,,,,,,,,1.9802,13.1313,0,0,100,100
95097.8,,,,,,,,,,,,,,,,,,,,,,,534,,,,,,
95339.2,,,,,,,,,,,,,,,,,,,,,,537,,,,,,,
95628.9,,,,,,,,,,,,,,,,,,,,,,,537,,,,,,
95868.2,,,,,,,,,,,,,,,,,,,,,,540,,,,,,,
95991.6,52600,53600,52300,51700,52300,70000,1.2e+06,1.2e+06,1.2e+06,1.2e+06,1.596e+06,1.596e+06,,175210.575,,,,,,,,,,0,5.05051,0,6.06061,100,100
96160.2,,,,,,,,,,,,,,,,,,,,,,,540,,,,,,
96397.6,,,,,,,,,,,,,,,,,,,,,,543,,,,,,,
96691.1,,,,,,,,,,,,,,,,,,,,,,,543,,,,,,
96926.8,,,,,,,,,,,,,,,,,,,,,,546,,,,,,,
96992,53000,53600,52500,51700,52300,70000,1.2e+06,1.2e+06,1.2e+06,1.2e+06,1.596e+06,1.596e+06,,175219.026,,,,,,,,,,1,7,5.05051,5,100,100
97222.6,,,,,,,,,,,,,,,,,,,,,,,546,,,,,,
97455.9,,,,,,,,,,,,,,,,,,,,,,549,,,,,,,
97753.8,,,,,,,,,,,,,,,,,,,,,,,549,,,,,,
97985.1,,,,,,,,,,,,,,,,,,,,,,552,,,,,,,
97992.3,52600,53600,52500,51700,52300,70000,1.2e+06,1.2e+06,1.2e+06,1.2e+06,1.596e+06,1.596e+06,,175227.402,,,,,,,,,,1,10.101,0,1,100,100
98285.2,,,,,,,,,,,,,,,,,,,,,,,552,,,,,,
98514.3,,,,,,,,,,,,,,,,,,,,,,555,,,,,,,
98816.1,,,,,,,,,,,,,,,,,,,,,,,555,,,,,,
98992.1,53000,53600,52500,51700,52300,70000,1.2e+06,1.2e+06,1.2e+06,1.2e+06,1.596e+06,1.596e+06,,175235.872,,,,,,,,,,7,1,8.91089,0,100,100
99043.7,,,,,,,,,,,,,,,,,,,,,,558,,,,,,,
99347.8,,,,,,,,,,,,,,,,,,,,,,,558,,,,,,
99573.2,,,,,,,,,,,,,,,,,,,,,,561,,,,,,,
99879.2,,,,,,,,,,,,,,,,,,,,,,,561,,,,,,
99992.2,52600,53600,52500,51700,52300,70000,1.2e+06,1.2e+06,1.2e+06,1.2e+06,1.596e+06,1.596e+06,,175244.339,,,,,,,,,,3,4,8.16327,0,100,100
100102,,,,,,,,,,,,,,,,,,,,,,564,,,,,,,
100411,,,,,,,,,,,,,,,,,,,,,,,564,,,,,,
100632,,,,,,,,,,,,,,,,,,,,,,567,,,,,,,
100942,,,,,,,,,,,,,,,,,,,,,,,567,,,,,,
100992,52600,53800,52500,51700,52300,70000,1.2e+06,1.2e+06,1.2e+06,1.2e+06,1.596e+06,1.596e+06,24.546,175252.804,,,,,,,,,,1,10.2041,1.9802,0,100,100
101161,,,,,,,,,,,,,,,,,,,,,,570,,,,,,,
101474,,,,,,,,,,,,,,,,,,,,,,,570,,,,,,
101691,,,,,,,,,,,,,,,,,,,,,,573,,,,,,,
101992,53000,53600,52500,51700,52500,70000,1.2e+06,1.2e+06,1.2e+06,1.2e+06,1.596e+06,1.596e+06,,175261.160,,,,,,,,,,1.0101,16,0,0,100,100
102005,,,,,,,,,,,,,,,,,,,,,,,573,,,,,,
102220,,,,,,,,,,,,,,,,,,,,,,576,,,,,,,
102536,,,,,,,,,,,,,,,,,,,,,,,576,,,,,,
102749,,,,,,,,,,,,,,,,,,,,,,579,,,,,,,
102992,53000,53800,52500,51700,52500,70000,1.2e+06,1.2e+06,1.2e+06,1.2e+06,1.596e+06,1.596e+06,,175269.634,,,,,,,,,,1.9802,9,4.08163,0,100,100
103067,,,,,,,,,,,,,,,,,,,,,,,579,,,,,,
103279,,,,,,,,,,,,,,,,,,,,,,582,,,,,,,
103599,,,,,,,,,,,,,,,,,,,,,,,582,,,,,,
103808,,,,,,,,,,,,,,,,,,,,,,585,,,,,,,
103992,53000,53800,52800,51900,52500,70000,1.2e+06,1.2e+06,1.2e+06,1.2e+06,1.596e+06,1.596e+06,,175278.118,,,,,,,,,,1,8,7.84314,0,100,100
104130,,,,,,,,,,,,,,,,,,,,,,,585,,,,,,
104337,,,,,,,,,,,,,,,,,,,,,,588,,,,,,,
104661,,,,,,,,,,,,,,,,,,,,,,,588,,,,,,
104867,,,,,,,,,,,,,,,,,,,,,,591,,,,,,,
104992,52800,54000,52600,51700,52300,70000,1.2e+06,1.2e+06,1.2e+06,1.2e+06,1.596e+06,1.596e+06,,175286.596,,,,,,,,,,1,9.09091,4.12371,0,100,100
105193,,,,,,,,,,,,,,,,,,,,,,,591,,,,,,
105396,,,,,,,,,,,,,,,,,,,,,,594,,,,,,,
105724,,,,,,,,,,,,,,,,,,,,,,,594,,,,,,
105926,,,,,,,,,,,,,,,,,,,,,,597,,,,,,,
105992,52800,53600,52600,51900,52500,70000,1.2e+06,1.2e+06,1.2e+06,1.2e+06,1.596e+06,1.596e+06,,175294.987,,,,,,,,,,1,7.84314,6.86275,0,100,100
106255,,,,,,,,,,,,,,,,,,,,,,,597,,,,,,
106455,,,,,,,,,,,,,,,,,,,,,,600,,,,,,,
106786,,,,,,,,,,,,,,,,,,,,,,,600,,,,,,
106984,,,,,,,,,,,,,,,,,,,,,,603,,,,,,,
106992,53000,53600,52500,51700,52600,70000,1.2e+06,1.2e+06,1.2e+06,1.2e+06,1.596e+06,1.596e+06,,175303.433,,,,,,,,,,2,11.1111,5,0,100,100
107317,,,,,,,,,,,,,,,,,,,,,,,603,,,,,,
107513,,,,,,,,,,,,,,,,,,,,,,606,,,,,,,
107848,,,,,,,,,,,,,,,,,,,,,,,606,,,,,,
107992,53000,53800,52500,51700,52500,70000,1.2e+06,1.2e+06,1.2e+06,1.2e+06,1.596e+06,1.596e+06,,175311.813,,,,,,,,,,1,9.09091,3.0303,0,100,100
108042,,,,,,,,,,,,,,,,,,,,,,609,,,,,,,
108379,,,,,,,,,,,,,,,,,,,,,,,609,,,,,,
108571,,,,,,,,,,,,,,,,,,,,,,612,,,,,,,
108910,,,,,,,,,,,,,,,,,,,,,,,612,,,,,,
108992,53000,53800,52600,52100,52500,70000,1.2e+06,1.2e+06,1.2e+06,1.2e+06,1.596e+06,1.596e+06,,175318.175,,,,,,,,,,1.0101,12.2449,0,0,100,100
109100,,,,,,,,,,,,,,,,,,,,,,615,,,,,,,
109441,,,,,,,,,,,,,,,,,,,,,,,615,,,,,,
109629,,,,,,,,,,,,,,,,,,,,,,618,,,,,,,
109972,,,,,,,,,,,,,,,,,,,,,,,618,,,,,,
109992,53000,53600,52600,51900,52500,70000,1.2e+06,1.2e+06,1.2e+06,1.2e+06,1.596e+06,1.596e+06,,175326.550,,,,,,,,,,0,5,8,0,100,100
110159,,,,,,,,,,,,,,,,,,,,,,621,,,,,,,
110504,,,,,,,,,,,,,,,,,,,,,,,621,,,,,,
110688,,,,,,,,,,,,,,,,,,,,,,624,,,,,,,
110992,53000,53600,52600,51900,52500,70000,1.2e+06,1.2e+06,1.2e+06,1.2e+06,1.596e+06,1.596e+06,24.525,175335.007,,,,,,,,,,7.92079,0,5.05051,2.0202,100,100
111035,,,,,,,,,,,,,,,,,,,,,,,624,,,,,,
111218,,,,,,,,,,,,,,,,,,,,,,627,,,,,,,
111567,,,,,,,,,,,,,,,,,,,,,,,627,,,,,,
111748,,,,,,,,,,,,,,,,,,,,,,630,,,,,,,
111992,52800,53800,52600,52100,52500,70000,1.2e+06,1.2e+06,1.2e+06,1.2e+06,1.596e+06,1.596e+06,,175343.471,,,,,,,,,,1,0.990099,1.9802,10.101,100,100
112099,,,,,,,,,,,,,,,,,,,,,,,630,,,,,,
112279,,,,,,,,,,,,,,,,,,,,,,633,,,,,,,
112633,,,,,,,,,,,,,,,,,,,,,,,633,,,,,,
112812,,,,,,,,,,,,,,,,,,,,,,636,,,,,,,
112992,53400,54000,52600,52100,52800,70000,1.2e+06,1.2e+06,1.2e+06,1.2e+06,1.596e+06,1.596e+06,,175351.821,,,,,,,,,,1,0,13.7255,5.94059,100,100
113168,,,,,,,,,,,,,,,,,,,,,,,636,,,,,,
113343,,,,,,,,,,,,,,,,,,,,,,639,,,,,,,
113701,,,,,,,,,,,,,,,,,,,,,,,639,,,,,,
113873,,,,,,,,,,,,,,,,,,,,,,642,,,,,,,
113992,53200,54000,52800,52100,52600,70000,1.2e+06,1.2e+06,1.2e+06,1.2e+06,1.596e+06,1.596e+06,,175360.284,,,,,,,,,,5.10204,0.990099,2.0202,5.05051,100,100
114233,,,,,,,,,,,,,,,,,,,,,,,642,,,,,,
114402,,,,,,,,,,,,,,,,,,,,,,645,,,,,,,
114764,,,,,,,,,,,,,,,,,,,,,,,645,,,,,,
114932,,,,,,,,,,,,,,,,,,,,,,648,,,,,,,
114992,53000,53800,52800,51900,52600,70000,1.2e+06,1.2e+06,1.2e+06,1.2e+06,1.596e+06,1.596e+06,,175368.672,,,,,,,,,,1,8,0,6.93069,100,100
115295,,,,,,,,,,,,,,,,,,,,,,,648,,,,,,
115461,,,,,,,,,,,,,,,,,,,,,,651,,,,,,,
115827,,,,,,,,,,,,,,,,,,,,,,,651,,,,,,
115990,,,,,,,,,,,,,,,,,,,,,,654,,,,,,,
115992,53000,54000,52500,51900,52500,70000,1.2e+06,1.2e+06,1.2e+06,1.2e+06,1.596e+06,1.596e+06,,175377.149,,,,,,,,,,3,6,0,8,100,100
116357,,,,,,,,,,,,,,,,,,,,,,,654,,,,,,
116519,,,,,,,,,,,,,,,,,,,,,,657,,,,,,,
116889,,,,,,,,,,,,,,,,,,,,,,,657,,,,,,
116992,53000,54000,52500,51900,52600,70000,1.2e+06,1.2e+06,1.2e+06,1.2e+06,1.596e+06,1.596e+06,,175385.603,,,,,,,,,,1.9802,0,0.990099,10.101,100,100
117048,,,,,,,,,,,,,,,,,,,,,,660,,,,,,,
117420,,,,,,,,,,,,,,,,,,,,,,,660,,,,,,
117577,,,,,,,,,,,,,,,,,,,,,,663,,,,,,,
117951,,,,,,,,,,,,,,,,,,,,,,,663,,,,,,
117992,53000,53800,52600,52100,52600,70000,1.2e+06,1.2e+06,1.2e+06,1.2e+06,1.596e+06,1.596e+06,,175393.987,,,,,,,,,,2,4.0404,0,6,100,100
118106,,,,,,,,,,,,,,,,,,,,,,666,,,,,,,
118482,,,,,,,,,,,,,,,,,,,,,,,666,,,,,,
118635,,,,,,,,,,,,,,,,,,,,,,669,,,,,,,
118991,52800,53800,52800,51900,52600,70000,1.2e+06,1.2e+06,1.2e+06,1.2e+06,1.596e+06,1.596e+06,,175402.528,,,,,,,,,,1.0101,11.1111,0,2.0202,100,100
119014,,,,,,,,,,,,,,,,,,,,,,,669,,,,,,
119164,,,,,,,,,,,,,,,,,,,,,,672,,,,,,,
119545,,,,,,,,,,,,,,,,,,,,,,,672,,,,,,
119693,,,,,,,,,,,,,,,,,,,,,,675,,,,,,,
119991,53200,53800,53000,52100,52500,70000,1.2e+06,1.2e+06,1.2e+06,1.2e+06,1.596e+06,1.596e+06,,175410.897,,,,,,,,,,1,9.09091,5.05051,0,100,100
120076,,,,,,,,,,,,,,,,,,,,,,,675,,,,,,
120221,,,,,,,,,,,,,,,,,,,,,,678,,,,,,,
120607,,,,,,,,,,,,,,,,,,,,,,,678,,,,,,
120751,,,,,,,,,,,,,,,,,,,,,,681,,,,,,,
120991,53000,53800,52800,51900,52500,70000,1.2e+06,1.2e+06,1.2e+06,1.2e+06,1.596e+06,1.596e+06,24.536,175419.370,,,,,,,,,,1.9802,12.8713,0,0,100,100
121140,,,,,,,,,,,,,,,,,,,,,,,681,,,,,,
121280,,,,,,,,,,,,,,,,,,,,,,684,,,,,,,
121671,,,,,,,,,,,,,,,,,,,,,,,684,,,,,,
121810,,,,,,,,,,,,,,,,,,,,,,687,,,,,,,
121992,52800,53800,52600,52100,52500,70000,1.2e+06,1.2e+06,1.2e+06,1.2e+06,1.596e+06,1.596e+06,,175427.811,,,,,,,,,,0,7.07071,6,0,100,100
122202,,,,,,,,,,,,,,,,,,,,,,,687,,,,,,
122339,,,,,,,,,,,,,,,,,,,,,,690,,,,,,,
122734,,,,,,,,,,,,,,,,,,,,,,,690,,,,,,
122868,,,,,,,,,,,,,,,,,,,,,,693,,,,,,,
122992,53200,54000,53000,52300,52600,70000,1.2e+06,1.2e+06,1.2e+06,1.2e+06,1.596e+06,1.596e+06,,175436.269,,,,,,,,,,1,16,0,0.990099,100,100
123266,,,,,,,,,,,,,,,,,,,,,,,693,,,,,,
123398,,,,,,,,,,,,,,,,,,,,,,696,,,,,,,
123798,,,,,,,,,,,,,,,,,,,,,,,696,,,,,,
123927,,,,,,,,,,,,,,,,,,,,,,699,,,,,,,
123992,53200,54000,52800,51900,52500,70000,1.2e+06,1.2e+06,1.2e+06,1.2e+06,1.596e+06,1.596e+06,,175444.636,,,,,,,,,,2,10.2041,0,0,100,100
124330,,,,,,,,,,,,,,,,,,,,,,,699,,,,,,
124456,,,,,,,,,,,,,,,,,,,,,,702,,,,,,,
124861,,,,,,,,,,,,,,,,,,,,,,,702,,,,,,
124985,,,,,,,,,,,,,,,,,,,,,,705,,,,,,,
124992,53000,53800,52600,51900,52500,70000,1.2e+06,1.2e+06,1.2e+06,1.2e+06,1.596e+06,1.596e+06,,175453.094,,,,,,,,,,1,13,0,0,100,100
125392,,,,,,,,,,,,,,,,,,,,,,,705,,,,,,
125515,,,,,,,,,,,,,,,,,,,,,,708,,,,,,,
125924,,,,,,,,,,,,,,,,,,,,,,,708,,,,,,
125992,53200,54000,52500,52100,52600,70000,1.2e+06,1.2e+06,1.2e+06,1.2e+06,1.596e+06,1.596e+06,,175461.576,,,,,,,,,,1,15,0,0,100,100
126044,,,,,,,,,,,,,,,,,,,,,,711,,,,,,,
126455,,,,,,,,,,,,,,,,,,,,,,,711,,,,,,
126573,,,,,,,,,,,,,,,,,,,,,,714,,,,,,,
126986,,,,,,,,,,,,,,,,,,,,,,,714,,,,,,
126992,53200,54000,52600,52100,52500,70000,1.2e+06,1.2e+06,1.2e+06,1.2e+06,1.596e+06,1.596e+06,,175470.040,,,,,,,,,,1,13.1313,0,0,100,100
127103,,,,,,,,,,,,,,,,,,,,,,717,,,,,,,
127518,,,,,,,,,,,,,,,,,,,,,,,717,,,,,,
127632,,,,,,,,,,,,,,,,,,,,,,720,,,,,,,
127992,53400,54200,52800,52300,52600,70000,1.2e+06,1.2e+06,1.2e+06,1.2e+06,1.596e+06,1.596e+06,,175478.385,,,,,,,,,,1.9802,14,0,0,100,100
128050,,,,,,,,,,,,,,,,,,,,,,,720,,,,,,
128161,,,,,,,,,,,,,,,,,,,,,,723,,,,,,,
128581,,,,,,,,,,,,,,,,,,,,,,,723,,,,,,
128690,,,,,,,,,,,,,,,,,,,,,,726,,,,,,,
128992,53200,54000,52800,52300,52600,70000,1.2e+06,1.2e+06,1.2e+06,1.2e+06,1.596e+06,1.596e+06,,175486.844,,,,,,,,,,1,11,6,0.990099,100,100
129112,,,,,,,,,,,,,,,,,,,,,,,726,,,,,,
129220,,,,,,,,,,,,,,,,,,,,,,729,,,,,,,
129644,,,,,,,,,,,,,,,,,,,,,,,729,,,,,,
129749,,,,,,,,,,,,,,,,,,,,,,732,,,,,,,
129992,53400,54000,52800,52100,52800,70000,1.2e+06,1.2e+06,1.2e+06,1.2e+06,1.596e+06,1.596e+06,,175495.306,,,,,,,,,,0,11.8812,0,0,100,100
130176,,,,,,,,,,,,,,,,,,,,,,,732,,,,,,
130279,,,,,,,,,,,,,,,,,,,,,,735,,,,,,,
130707,,,,,,,,,,,,,,,,,,,,,,,735,,,,,,
130807,,,,,,,,,,,,,,,,,,,,,,738,,,,,,,
130991,53000,54200,52800,52100,52800,70000,1.2e+06,1.2e+06,1.2e+06,1.2e+06,1.596e+06,1.596e+06,24.493,175503.793,,,,,,,,,,1.0101,8,6,0.990099,100,100
131238,,,,,,,,,,,,,,,,,,,,,,,738,,,,,,
131336,,,,,,,,,,,,,,,,,,,,,,741,,,,,,,
131769,,,,,,,,,,,,,,,,,,,,,,,741,,,,,,
131866,,,,,,,,,,,,,,,,,,,,,,744,,,,,,,
131992,53400,54000,53000,52300,52600,70000,1.2e+06,1.2e+06,1.2e+06,1.2e+06,1.596e+06,1.596e+06,,175512.182,,,,,,,,,,3.0303,6,5.94059,0,100,100
132301,,,,,,,,,,,,,,,,,,,,,,,744,,,,,,
132394,,,,,,,,,,,,,,,,,,,,,,747,,,,,,,
132833,,,,,,,,,,,,,,,,,,,,,,,747,,,,,,
132923,,,,,,,,,,,,,,,,,,,,,,750,,,,,,,
132991,53000,54000,52800,52300,52600,70000,1.2e+06,1.2e+06,1.2e+06,1.2e+06,1.596e+06,1.596e+06,,175520.630,,,,,,,,,,4,6.93069,1,6,100,100
133364,,,,,,,,,,,,,,,,,,,,,,,750,,,,,,
133452,,,,,,,,,,,,,,,,,,,,,,753,,,,,,,
133895,,,,,,,,,,,,,,,,,,,,,,,753,,,,,,
133981,,,,,,,,,,,,,,,,,,,,,,756,,,,,,,
133992,53200,54200,52800,52300,52800,70000,1.2e+06,1.2e+06,1.2e+06,1.2e+06,1.596e+06,1.596e+06,,175529.016,,,,,,,,,,7.92079,5.05051,0,0,100,100
134426,,,,,,,,,,,,,,,,,,,,,,,756,,,,,,
134510,,,,,,,,,,,,,,,,,,,,,,759,,,,,,,
134957,,,,,,,,,,,,,,,,,,,,,,,759,,,,,,
134992,53400,54200,52800,52300,52800,70000,1.2e+06,1.2e+06,1.2e+06,1.2e+06,1.596e+06,1.596e+06,,175537.465,,,,,,,,,,1,0,0,14,100,100
135039,,,,,,,,,,,,,,,,,,,,,,762,,,,,,,
135488,,,,,,,,,,,,,,,,,,,,,,,762,,,,,,
135568,,,,,,,,,,,,,,,,,,,,,,765,,,,,,,
135992,53200,54200,53000,52300,52800,70000,1.2e+06,1.2e+06,1.2e+06,1.2e+06,1.596e+06,1.596e+06,,175545.866,,,,,,,,,,0,0,0.990099,14,100,100
136018,,,,,,,,,,,,,,,,,,,,,,,765,,,,,,
136097,,,,,,,,,,,,,,,,,,,,,,768,,,,,,,
136549,,,,,,,,,,,,,,,,,,,,,,,768,,,,,,
136626,,,,,,,,,,,,,,,,,,,,,,771,,,,,,,
136992,53400,54200,53200,52300,52800,70000,1.2e+06,1.2e+06,1.2e+06,1.2e+06,1.596e+06,1.596e+06,,175554.341,,,,,,,,,,1.9802,12.8713,0,2,100,100
137080,,,,,,,,,,,,,,,,,,,,,,,771,,,,,,
137155,,,,,,,,,,,,,,,,,,,,,,774,,,,,,,
137611,,,,,,,,,,,,,,,,,,,,,,,774,,,,,,
137684,,,,,,,,,,,,,,,,,,,,,,777,,,,,,,
137992,53200,54000,53000,52300,52800,70000,1.2e+06,1.2e+06,1.2e+06,1.2e+06,1.596e+06,1.596e+06,,175562.813,,,,,,,,,,1,7.14286,0.990099,6.93069,100,100
138143,,,,,,,,,,,,,,,,,,,,,,,777,,,,,,
138214,,,,,,,,,,,,,,,,,,,,,,780,,,,,,,
138674,,,,,,,,,,,,,,,,,,,,,,,780,,,,,,
138744,,,,,,,,,,,,,,,,,,,,,,783,,,,,,,
138991,53400,54000,53000,52100,52800,70000,1.2e+06,1.2e+06,1.2e+06,1.2e+06,1.596e+06,1.596e+06,,175571.296,,,,,,,,,,1.0101,16,0,0,100,100
139205,,,,,,,,,,,,,,,,,,,,,,,783,,,,,,
139273,,,,,,,,,,,,,,,,,,,,,,786,,,,,,,
139736,,,,,,,,,,,,,,,,,,,,,,,786,,,,,,
139802,,,,,,,,,,,,,,,,,,,,,,789,,,,,,,
139992,53200,53800,53000,52300,52800,70000,1.2e+06,1.2e+06,1.2e+06,1.2e+06,1.596e+06,1.596e+06,,175579.685,,,,,,,,,,0,5.05051,4.08163,0,100,100
140267,,,,,,,,,,,,,,,,,,,,,,,789,,,,,,
140331,,,,,,,,,,,,,,,,,,,,,,792,,,,,,,
140798,,,,,,,,,,,,,,,,,,,,,,,792,,,,,,
140860,,,,,,,,,,,,,,,,,,,,,,795,,,,,,,
140992,53000,54000,52800,52300,52800,70000,1.2e+06,1.2e+06,1.2e+06,1.2e+06,1.596e+06,1.596e+06,24.482,175588.045,,,,,,,,,,2.0202,12,0,0,100,100
141328,,,,,,,,,,,,,,,,,,,,,,,795,,,,,,
141389,,,,,,,,,,,,,,,,,,,,,,798,,,,,,,
141859,,,,,,,,,,,,,,,,,,,,,,,798,,,,,,
141918,,,,,,,,,,,,,,,,,,,,,,801,,,,,,,
141992,53200,54200,52800,51900,52600,70000,1.2e+06,1.2e+06,1.2e+06,1.2e+06,1.596e+06,1.596e+06,,175596.626,,,,,,,,,,5,0,10,0,100,100
142391,,,,,,,,,,,,,,,,,,,,,,,801,,,,,,
142448,,,,,,,,,,,,,,,,,,,,,,804,,,,,,,
142923,,,,,,,,,,,,,,,,,,,,,,,804,,,,,,
142977,,,,,,,,,,,,,,,,,,,,,,807,,,,,,,
142992,53400,54400,53200,52300,52800,70000,1.2e+06,1.2e+06,1.2e+06,1.2e+06,1.596e+06,1.596e+06,,175605.102,,,,,,,,,,1.9802,0,13.1313,0,100,100
143454,,,,,,,,,,,,,,,,,,,,,,,807,,,,,,
143506,,,,,,,,,,,,,,,,,,,,,,810,,,,,,,
143985,,,,,,,,,,,,,,,,,,,,,,,810,,,,,,
143992,53400,54000,53000,52100,53000,70000,1.2e+06,1.2e+06,1.2e+06,1.2e+06,1.596e+06,1.596e+06,,175611.376,,,,,,,,,,6,0.990099,6,0,100,100
144036,,,,,,,,,,,,,,,,,,,,,,813,,,,,,,
144516,,,,,,,,,,,,,,,,,,,,,,,813,,,,,,
144565,,,,,,,,,,,,,,,,,,,,,,816,,,,,,,
144992,53400,54400,53200,52300,53000,70000,1.2e+06,1.2e+06,1.2e+06,1.2e+06,1.596e+06,1.596e+06,,175619.932,,,,,,,,,,1,0,12,0.990099,100,100
145047,,,,,,,,,,,,,,,,,,,,,,,816,,,,,,
145094,,,,,,,,,,,,,,,,,,,,,,819,,,,,,,
145579,,,,,,,,,,,,,,,,,,,,,,,819,,,,,,
145624,,,,,,,,,,,,,,,,,,,,,,822,,,,,,,
145991,53400,54200,52800,52300,52800,70000,1.2e+06,1.2e+06,1.2e+06,1.2e+06,1.596e+06,1.596e+06,,175628.323,,,,,,,,,,3.9604,0,13.8614,0,100,100
146110,,,,,,,,,,,,,,,,,,,,,,,822,,,,,,
146153,,,,,,,,,,,,,,,,,,,,,,825,,,,,,,
146641,,,,,,,,,,,,,,,,,,,,,,,825,,,,,,
146682,,,,,,,,,,,,,,,,,,,,,,828,,,,,,,
146992,53400,54200,52800,52300,52800,70000,1.2e+06,1.2e+06,1.2e+06,1.2e+06,1.596e+06,1.596e+06,,175636.795,,,,,,,,,,0,0,14.1414,0,100,100
147173,,,,,,,,,,,,,,,,,,,,,,,828,,,,,,
147211,,,,,,,,,,,,,,,,,,,,,,831,,,,,,,
147704,,,,,,,,,,,,,,,,,,,,,,,831,,,,,,
147741,,,,,,,,,,,,,,,,,,,,,,834,,,,,,,
147992,53400,54400,52800,52300,52800,70000,1.2e+06,1.2e+06,1.2e+06,1.2e+06,1.596e+06,1.596e+06,,175645.289,,,,,,,,,,1,0,13.1313,0,100,100
148236,,,,,,,,,,,,,,,,,,,,,,,834,,,,,,
148270,,,,,,,,,,,,,,,,,,,,,,837,,,,,,,
148767,,,,,,,,,,,,,,,,,,,,,,,837,,,,,,
148800,,,,,,,,,,,,,,,,,,,,,,840,,,,,,,
148992,53000,54400,53000,52500,52800,70000,1.2e+06,1.2e+06,1.2e+06,1.2e+06,1.596e+06,1.596e+06,,175653.766,,,,,,,,,,1,0,9.09091,6,100,100
149299,,,,,,,,,,,,,,,,,,,,,,,840,,,,,,
149329,,,,,,,,,,,,,,,,,,,,,,843,,,,,,,
149830,,,,,,,,,,,,,,,,,,,,,,,843,,,,,,
149859,,,,,,,,,,,,,,,,,,,,,,846,,,,,,,
149992,53400,54000,52800,52100,52800,70000,1.2e+06,1.2e+06,1.2e+06,1.2e+06,1.596e+06,1.596e+06,,175662.151,,,,,,,,,,1.0101,5.05051,6.06061,0,100,100
150361,,,,,,,,,,,,,,,,,,,,,,,846,,,,,,
150388,,,,,,,,,,,,,,,,,,,,,,849,,,,,,,
150892,,,,,,,,,,,,,,,,,,,,,,,849,,,,,,
150917,,,,,,,,,,,,,,,,,,,,,,852,,,,,,,
150992,53400,54000,53000,52100,52600,70000,1.2e+06,1.2e+06,1.2e+06,1.2e+06,1.596e+06,1.596e+06,24.514,175670.620,,,,,,,,,,1.9802,5.05051,11.7647,0,100,100
151423,,,,,,,,,,,,,,,,,,,,,,,852,,,,,,
151446,,,,,,,,,,,,,,,,,,,,,,855,,,,,,,
151954,,,,,,,,,,,,,,,,,,,,,,,855,,,,,,
151975,,,,,,,,,,,,,,,,,,,,,,858,,,,,,,
151992,53400,54200,53000,52100,52600,70000,1.2e+06,1.2e+06,1.2e+06,1.2e+06,1.596e+06,1.596e+06,,175678.999,,,,,,,,,,1,8.91089,7.84314,0,100,100
152484,,,,,,,,,,,,,,,,,,,,,,,858,,,,,,
152504,,,,,,,,,,,,,,,,,,,,,,861,,,,,,,
152992,53400,54200,52800,52300,52600,70000,1.2e+06,1.2e+06,1.2e+06,1.2e+06,1.596e+06,1.596e+06,,175687.473,,,,,,,,,,1.0101,5.05051,4.08163,0,100,100
153016,,,,,,,,,,,,,,,,,,,,,,,861,,,,,,
153033,,,,,,,,,,,,,,,,,,,,,,864,,,,,,,
153547,,,,,,,,,,,,,,,,,,,,,,,864,,,,,,
153563,,,,,,,,,,,,,,,,,,,,,,867,,,,,,,
153992,53400,54200,52800,52100,52600,70000,1.2e+06,1.2e+06,1.2e+06,1.2e+06,1.596e+06,1.596e+06,,175695.931,,,,,,,,,,1,8.91089,9,0,100,100
154078,,,,,,,,,,,,,,,,,,,,,,,867,,,,,,
154092,,,,,,,,,,,,,,,,,,,,,,870,,,,,,,
154609,,,,,,,,,,,,,,,,,,,,,,,870,,,,,,
154620,,,,,,,,,,,,,,,,,,,,,,873,,,,,,,
154992,53400,54200,53000,52300,52800,70000,1.2e+06,1.2e+06,1.2e+06,1.2e+06,1.596e+06,1.596e+06,,175704.422,,,,,,,,,,2,4,10,0.990099,100,100
155141,,,,,,,,,,,,,,,,,,,,,,,873,,,,,,
155150,,,,,,,,,,,,,,,,,,,,,,876,,,,,,,
155672,,,,,,,,,,,,,,,,,,,,,,,876,,,,,,
155680,,,,,,,,,,,,,,,,,,,,,,879,,,,,,,
155992,53600,54400,53000,52300,52800,70000,1.2e+06,1.2e+06,1.2e+06,1.2e+06,1.596e+06,1.596e+06,,175712.891,,,,,,,,,,1,9,5,0,100,100
156203,,,,,,,,,,,,,,,,,,,,,,,879,,,,,,
156209,,,,,,,,,,,,,,,,,,,,,,882,,,,,,,
156735,,,,,,,,,,,,,,,,,,,,,,,882,,,,,,
156739,,,,,,,,,,,,,,,,,,,,,,885,,,,,,,
156991,53400,54200,53200,52300,52600,70000,1.2e+06,1.2e+06,1.2e+06,1.2e+06,1.596e+06,1.596e+06,,175721.336,,,,,,,,,,1,11,5.05051,0,100,100
157268,,,,,,,,,,,,,,,,,,,,,,,885,,,,,,
157270,,,,,,,,,,,,,,,,,,,,,,888,,,,,,,
157801,,,,,,,,,,,,,,,,,,,,,,,888,,,,,,
157803,,,,,,,,,,,,,,,,,,,,,,891,,,,,,,
157992,53200,54200,53200,52300,52800,70000,1.2e+06,1.2e+06,1.2e+06,1.2e+06,1.596e+06,1.596e+06,,175729.725,,,,,,,,,,1.0101,8,4.9505,0,100,100
158334,,,,,,,,,,,,,,,,,,,,,,894,,,,,,,
158337,,,,,,,,,,,,,,,,,,,,,,,891,,,,,,
158865,,,,,,,,,,,,,,,,,,,,,,897,,,,,,,
158869,,,,,,,,,,,,,,,,,,,,,,,894,,,,,,
158992,53400,54200,53000,52300,52800,70000,1.2e+06,1.2e+06,1.2e+06,1.2e+06,1.596e+06,1.596e+06,,175738.170,,,,,,,,,,2.9703,11,5.05051,0,100,100
159394,,,,,,,,,,,,,,,,,,,,,,900,,,,,,,
159401,,,,,,,,,,,,,,,,,,,,,,,897,,,,,,
159923,,,,,,,,,,,,,,,,,,,,,,903,,,,,,,
159932,,,,,,,,,,,,,,,,,,,,,,,900,,,,,,
159992,53200,54200,52800,52300,52600,70000,1.2e+06,1.2e+06,1.2e+06,1.2e+06,1.596e+06,1.596e+06,,175746.621,,,,,,,,,,1.9802,11.1111,0,0,100,100
160453,,,,,,,,,,,,,,,,,,,,,,906,,,,,,,
160463,,,,,,,,,,,,,,,,,,,,,,,903,,,,,,
160982,,,,,,,,,,,,,,,,,,,,,,909,,,,,,,
160992,53000,54000,52800,52300,52800,70000,1.2e+06,1.2e+06,1.2e+06,1.2e+06,1.596e+06,1.596e+06,24.525,175755.266,,,,,,,,,,1.0101,8,6,0,100,100
160995,,,,,,,,,,,,,,,,,,,,,,,906,,,,,,
161511,,,,,,,,,,,,,,,,,,,,,,912,,,,,,,
161525,,,,,,,,,,,,,,,,,,,,,,,909,,,,,,
161992,53400,54000,52800,52300,52800,70000,1.2e+06,1.2e+06,1.2e+06,1.2e+06,1.596e+06,1.596e+06,,175763.701,,,,,,,,,,6.93069,4.0404,6,0,100,100
162040,,,,,,,,,,,,,,,,,,,,,,915,,,,,,,
162056,,,,,,,,,,,,,,,,,,,,,,,912,,,,,,
162569,,,,,,,,,,,,,,,,,,,,,,918,,,,,,,
162588,,,,,,,,,,,,,,,,,,,,,,,915,,,,,,
162991,53200,54400,52800,52100,52600,70000,1.2e+06,1.2e+06,1.2e+06,1.2e+06,1.596e+06,1.596e+06,,175772.290,,,,,,,,,,1,6.93069,0.990099,6,100,100
163098,,,,,,,,,,,,,,,,,,,,,,921,,,,,,,
163119,,,,,,,,,,,,,,,,,,,,,,,918,,,,,,
163627,,,,,,,,,,,,,,,,,,,,,,924,,,,,,,
163651,,,,,,,,,,,,,,,,,,,,,,,921,,,,,,
163992,53400,54200,53200,52300,52800,70000,1.2e+06,1.2e+06,1.2e+06,1.2e+06,1.596e+06,1.596e+06,,175780.773,,,,,,,,,,1.0101,11.1111,1,4,100,100
164156,,,,,,,,,,,,,,,,,,,,,,927,,,,,,,
164182,,,,,,,,,,,,,,,,,,,,,,,924,,,,,,
164685,,,,,,,,,,,,,,,,,,,,,,930,,,,,,,
164714,,,,,,,,,,,,,,,,,,,,,,,927,,,,,,
164992,53400,54000,53000,52100,52800,70000,1.2e+06,1.2e+06,1.2e+06,1.2e+06,1.596e+06,1.596e+06,,175789.248,,,,,,,,,,0,11.1111,0,2.0202,100,100
165214,,,,,,,,,,,,,,,,,,,,,,933,,,,,,,
165245,,,,,,,,,,,,,,,,,,,,,,,930,,,,,,
165744,,,,,,,,,,,,,,,,,,,,,,936,,,,,,,
165776,,,,,,,,,,,,,,,,,,,,,,,933,,,,,,
165992,53400,54400,52800,52300,52800,70000,1.2e+06,1.2e+06,1.2e+06,1.2e+06,1.596e+06,1.596e+06,,175797.744,,,,,,,,,,1.9802,11.2245,0,0,100,100
166272,,,,,,,,,,,,,,,,,,,,,,939,,,,,,,
166308,,,,,,,,,,,,,,,,,,,,,,,936,,,,,,
166801,,,,,,,,,,,,,,,,,,,,,,942,,,,,,,
166839,,,,,,,,,,,,,,,,,,,,,,,939,,,,,,
166992,53400,54000,52800,52300,52800,70000,1.2e+06,1.2e+06,1.2e+06,1.2e+06,1.596e+06,1.596e+06,,175806.137,,,,,,,,,,1.9802,16,0,0.990099,100,100
167331,,,,,,,,,,,,,,,,,,,,,,945,,,,,,,
167371,,,,,,,,,,,,,,,,,,,,,,,942,,,,,,
167860,,,,,,,,,,,,,,,,,,,,,,948,,,,,,,
167902,,,,,,,,,,,,,,,,,,,,,,,945,,,,,,
167992,53400,54400,53200,52300,52800,70000,1.2e+06,1.2e+06,1.2e+06,1.2e+06,1.596e+06,1.596e+06,,175814.602,,,,,,,,,,1,12.1212,0,0,100,100
168389,,,,,,,,,,,,,,,,,,,,,,951,,,,,,,
168434,,,,,,,,,,,,,,,,,,,,,,,948,,,,,,
168919,,,,,,,,,,,,,,,,,,,,,,954,,,,,,,
168965,,,,,,,,,,,,,,,,,,,,,,,951,,,,,,
168992,53000,54200,53200,52300,52800,70000,1.2e+06,1.2e+06,1.2e+06,1.2e+06,1.596e+06,1.596e+06,,175822.988,,,,,,,,,,0,13,1,2.9703,100,100
169449,,,,,,,,,,,,,,,,,,,,,,957,,,,,,,
169497,,,,,,,,,,,,,,,,,,,,,,,954,,,,,,
169978,,,,,,,,,,,,,,,,,,,,,,960,,,,,,,
169992,53400,54200,53000,52300,52600,70000,1.2e+06,1.2e+06,1.2e+06,1.2e+06,1.596e+06,1.596e+06,,175831.459,,,,,,,,,,1,12.7451,0.990099,4.9505,100,100
170028,,,,,,,,,,,,,,,,,,,,,,,957,,,,,,
170507,,,,,,,,,,,,,,,,,,,,,,963,,,,,,,
170560,,,,,,,,,,,,,,,,,,,,,,,960,,,,,,
170992,53400,54200,53200,52300,52800,70000,1.2e+06,1.2e+06,1.2e+06,1.2e+06,1.596e+06,1.596e+06,24.504,175839.927,,,,,,,,,,1,0,0.990099,12.8713,100,100
171036,,,,,,,,,,,,,,,,,,,,,,966,,,,,,,
171091,,,,,,,,,,,,,,,,,,,,,,,963,,,,,,
171565,,,,,,,,,,,,,,,,,,,,,,969,,,,,,,
171622,,,,,,,,,,,,,,,,,,,,,,,966,,,,,,
171992,53600,54200,53000,52500,52800,70000,1.2e+06,1.2e+06,1.2e+06,1.2e+06,1.596e+06,1.596e+06,,175848.325,,,,,,,,,,6.06061,1,0,9,100,100
172095,,,,,,,,,,,,,,,,,,,,,,972,,,,,,,
172154,,,,,,,,,,,,,,,,,,,,,,,969,,,,,,
172624,,,,,,,,,,,,,,,,,,,,,,975,,,,,,,
172685,,,,,,,,,,,,,,,,,,,,,,,972,,,,,,
172991,53600,54600,53200,52300,53000,70000,1.2e+06,1.2e+06,1.2e+06,1.2e+06,1.596e+06,1.596e+06,,175854.629,,,,,,,,,,1,0,0,14.1414,100,100
173153,,,,,,,,,,,,,,,,,,,,,,978,,,,,,,
173216,,,,,,,,,,,,,,,,,,,,,,,975,,,,,,
173683,,,,,,,,,,,,,,,,,,,,,,981,,,,,,,
173747,,,,,,,,,,,,,,,,,,,,,,,978,,,,,,
173992,53400,54000,53000,52500,52800,70000,1.2e+06,1.2e+06,1.2e+06,1.2e+06,1.596e+06,1.596e+06,,175863.096,,,,,,,,,,0,0,0,12.1212,100,100
174212,,,,,,,,,,,,,,,,,,,,,,984,,,,,,,
174279,,,,,,,,,,,,,,,,,,,,,,,981,,,,,,
174741,,,,,,,,,,,,,,,,,,,,,,987,,,,,,,
174810,,,,,,,,,,,,,,,,,,,,,,,984,,,,,,
174992,53400,54200,53000,52300,52600,70000,1.2e+06,1.2e+06,1.2e+06,1.2e+06,1.596e+06,1.596e+06,,175871.622,,,,,,,,,,1.9802,2,0,12.8713,100,100
175270,,,,,,,,,,,,,,,,,,,,,,990,,,,,,,
175342,,,,,,,,,,,,,,,,,,,,,,,987,,,,,,
175799,,,,,,,,,,,,,,,,,,,,,,993,,,,,,,
175873,,,,,,,,,,,,,,,,,,,,,,,990,,,,,,
175992,53800,54600,53000,52500,52800,70000,1.2e+06,1.2e+06,1.2e+06,1.2e+06,1.596e+06,1.596e+06,,175880.116,,,,,,,,,,1,10,0,6,100,100
176329,,,,,,,,,,,,,,,,,,,,,,996,,,,,,,
176405,,,,,,,,,,,,,,,,,,,,,,,993,,,,,,
176858,,,,,,,,,,,,,,,,,,,,,,999,,,,,,,
176937,,,,,,,,,,,,,,,,,,,,,,,996,,,,,,
176992,53600,54200,53200,52300,52800,70000,1.2e+06,1.2e+06,1.2e+06,1.2e+06,1.596e+06,1.596e+06,,175888.498,,,,,,,,,,0,6.06061,0,5.05051,100,100
177386,,,,,,,,,,,,,,,,,,,,,,1002,,,,,,,
177468,,,,,,,,,,,,,,,,,,,,,,,999,,,,,,
177916,,,,,,,,,,,,,,,,,,,,,,1005,,,,,,,
177992,53400,54200,52800,52300,53200,70000,1.2e+06,1.2e+06,1.2e+06,1.2e+06,1.596e+06,1.596e+06,,175896.956,,,,,,,,,,2,15.3061,0,0,100,100
178000,,,,,,,,,,,,,,,,,,,,,,,1002,,,,,,
178445,,,,,,,,,,,,,,,,,,,,,,1008,,,,,,,
178531,,,,,,,,,,,,,,,,,,,,,,,1005,,,,,,
178973,,,,,,,,,,,,,,,,,,,,,,1011,,,,,,,
178992,53400,54200,53200,52300,52800,70000,1.2e+06,1.2e+06,1.2e+06,1.2e+06,1.596e+06,1.596e+06,,175905.442,,,,,,,,,,1,12,0.990099,0,100,100
179062,,,,,,,,,,,,,,,,,,,,,,,1008,,,,,,
179502,,,,,,,,,,,,,,,,,,,,,,1014,,,,,,,
179593,,,,,,,,,,,,,,,,,,,,,,,1011,,,,,,
179992,53200,54200,53000,52300,52800,70000,1.2e+06,1.2e+06,1.2e+06,1.2e+06,1.596e+06,1.596e+06,,175913.832,,,,,,,,,,1,7.14286,0,5.05051,100,100
180031,,,,,,,,,,,,,,,,,,,,,,1017,,,,,,,
180124,,,,,,,,,,,,,,,,,,,,,,,1014,,,,,,
180560,,,,,,,,,,,,,,,,,,,,,,1020,,,,,,,
180655,,,,,,,,,,,,,,,,,,,,,,,1017,,,,,,
180992,53400,54400,52800,52300,53200,70000,1.2e+06,1.2e+06,1.2e+06,1.2e+06,1.596e+06,1.596e+06,24.514,175922.275,,,,,,,,,,1,9.09091,0,6,100,100
181089,,,,,,,,,,,,,,,,,,,,,,1023,,,,,,,
181186,,,,,,,,,,,,,,,,,,,,,,,1020,,,,,,
181618,,,,,,,,,,,,,,,,,,,,,,1026,,,,,,,
181717,,,,,,,,,,,,,,,,,,,,,,,1023,,,,,,
181992,53400,54600,53200,52500,53000,70000,1.2e+06,1.2e+06,1.2e+06,1.2e+06,1.596e+06,1.596e+06,,175930.662,,,,,,,,,,0,11.1111,1,0,100,100
182148,,,,,,,,,,,,,,,,,,,,,,1029,,,,,,,
182249,,,,,,,,,,,,,,,,,,,,,,,1026,,,,,,
182677,,,,,,,,,,,,,,,,,,,,,,1032,,,,,,,
182780,,,,,,,,,,,,,,,,,,,,,,,1029,,,,,,
182992,53600,54400,53200,52500,52800,70000,1.2e+06,1.2e+06,1.2e+06,1.2e+06,1.596e+06,1.596e+06,,175939.138,,,,,,,,,,1.0101,16,0,0,100,100
183206,,,,,,,,,,,,,,,,,,,,,,1035,,,,,,,
183311,,,,,,,,,,,,,,,,,,,,,,,1032,,,,,,
183735,,,,,,,,,,,,,,,,,,,,,,1038,,,,,,,
183842,,,,,,,,,,,,,,,,,,,,,,,1035,,,,,,
183992,53400,54400,53200,52300,52800,70000,1.2e+06,1.2e+06,1.2e+06,1.2e+06,1.596e+06,1.596e+06,,175947.517,,,,,,,,,,1.9802,13.1313,0,0,100,100
184265,,,,,,,,,,,,,,,,,,,,,,1041,,,,,,,
184374,,,,,,,,,,,,,,,,,,,,,,,1038,,,,,,
184794,,,,,,,,,,,,,,,,,,,,,,1044,,,,,,,
184905,,,,,,,,,,,,,,,,,,,,,,,1041,,,,,,
184992,53600,54600,53000,52300,53000,70000,1.2e+06,1.2e+06,1.2e+06,1.2e+06,1.596e+06,1.596e+06,,175955.999,,,,,,,,,,1,6.93069,6.93069,0,100,100
185323,,,,,,,,,,,,,,,,,,,,,,1047,,,,,,,
185436,,,,,,,,,,,,,,,,,,,,,,,1044,,,,,,
185852,,,,,,,,,,,,,,,,,,,,,,1050,,,,,,,
185968,,,,,,,,,,,,,,,,,,,,,,,1047,,,,,,
185992,53400,54600,53200,52500,52800,70000,1.2e+06,1.2e+06,1.2e+06,1.2e+06,1.596e+06,1.596e+06,,175964.455,,,,,,,,,,1.0101,14,1,0.990099,100,100
186382,,,,,,,,,,,,,,,,,,,,,,1053,,,,,,,
186499,,,,,,,,,,,,,,,,,,,,,,,1050,,,,,,
186911,,,,,,,,,,,,,,,,,,,,,,1056,,,,,,,
186992,53200,54600,53200,52100,52800,70000,1.2e+06,1.2e+06,1.2e+06,1.2e+06,1.596e+06,1.596e+06,,175972.861,,,,,,,,,,1,14.2857,0,0,100,100
187031,,,,,,,,,,,,,,,,,,,,,,,1053,,,,,,
187440,,,,,,,,,,,,,,,,,,,,,,1059,,,,,,,
187562,,,,,,,,,,,,,,,,,,,,,,,1056,,,,,,
187969,,,,,,,,,,,,,,,,,,,,,,1062,,,,,,,
187992,53400,54400,53200,52500,52800,70000,1.2e+06,1.2e+06,1.2e+06,1.2e+06,1.596e+06,1.596e+06,,175981.351,,,,,,,,,,1,14,0,0,100,100
188093,,,,,,,,,,,,,,,,,,,,,,,1059,,,,,,
188498,,,,,,,,,,,,,,,,,,,,,,1065,,,,,,,
188624,,,,,,,,,,,,,,,,,,,,,,,1062,,,,,,
188992,53400,54000,53200,52300,53000,70000,1.2e+06,1.2e+06,1.2e+06,1.2e+06,1.596e+06,1.596e+06,,175989.715,,,,,,,,,,1,15.1515,0,0,100,100
189028,,,,,,,,,,,,,,,,,,,,,,1068,,,,,,,
189156,,,,,,,,,,,,,,,,,,,,,,,1065,,,,,,
189557,,,,,,,,,,,,,,,,,,,,,,1071,,,,,,,
189687,,,,,,,,,,,,,,,,,,,,,,,1068,,,,,,
189992,53400,54600,53400,52500,52800,70000,1.2e+06,1.2e+06,1.2e+06,1.2e+06,1.596e+06,1.596e+06,,175998.198,,,,,,,,,,1,12.8713,0,0,100,100
190087,,,,,,,,,,,,,,,,,,,,,,1074,,,,,,,
190219,,,,,,,,,,,,,,,,,,,,,,,1071,,,,,,
190616,,,,,,,,,,,,,,,,,,,,,,1077,,,,,,,
190750,,,,,,,,,,,,,,,,,,,,,,,1074,,,,,,
190992,53800,54600,53000,52500,52800,70000,1.2e+06,1.2e+06,1.2e+06,1.2e+06,1.596e+06,1.596e+06,24.546,176006.571,,,,,,,,,,0,17.6471,0,0,100,100
191146,,,,,,,,,,,,,,,,,,,,,,1080,,,,,,,
191282,,,,,,,,,,,,,,,,,,,,,,,1077,,,,,,
191675,,,,,,,,,,,,,,,,,,,,,,1083,,,,,,,
191813,,,,,,,,,,,,,,,,,,,,,,,1080,,,,,,
191992,53400,54600,53400,52500,52800,70000,1.2e+06,1.2e+06,1.2e+06,1.2e+06,1.596e+06,1.596e+06,,176015.026,,,,,,,,,,1.9802,12.2449,0,0,100,100
192204,,,,,,,,,,,,,,,,,,,,,,1086,,,,,,,
192344,,,,,,,,,,,,,,,,,,,,,,,1083,,,,,,
192734,,,,,,,,,,,,,,,,,,,,,,1089,,,,,,,
192875,,,,,,,,,,,,,,,,,,,,,,,1086,,,,,,
192992,53400,54400,53200,52600,53000,70000,1.2e+06,1.2e+06,1.2e+06,1.2e+06,1.596e+06,1.596e+06,,176023.530,,,,,,,,,,1,12,0,0,100,100
193263,,,,,,,,,,,,,,,,,,,,,,1092,,,,,,,
193406,,,,,,,,,,,,,,,,,,,,,,,1089,,,,,,
193792,,,,,,,,,,,,,,,,,,,,,,1095,,,,,,,
193937,,,,,,,,,,,,,,,,,,,,,,,1092,,,,,,
193992,53400,54400,53400,52500,53000,70000,1.2e+06,1.2e+06,1.2e+06,1.2e+06,1.596e+06,1.596e+06,,176031.989,,,,,,,,,,1,10,6,1.9802,100,100
194320,,,,,,,,,,,,,,,,,,,,,,1098,,,,,,,
194468,,,,,,,,,,,,,,,,,,,,,,,1095,,,,,,
194850,,,,,,,,,,,,,,,,,,,,,,1101,,,,,,,
194992,53400,54400,53200,52500,53000,70000,1.2e+06,1.2e+06,1.2e+06,1.2e+06,1.596e+06,1.596e+06,,176040.470,,,,,,,,,,0,8,4.08163,0,100,100
194999,,,,,,,,,,,,,,,,,,,,,,,1098,,,,,,
195380,,,,,,,,,,,,,,,,,,,,,,1104,,,,,,,
195530,,,,,,,,,,,,,,,,,,,,,,,1101,,,,,,
195909,,,,,,,,,,,,,,,,,,,,,,1107,,,,,,,
195992,53600,54600,53200,52300,52800,70000,1.2e+06,1.2e+06,1.2e+06,1.2e+06,1.596e+06,1.596e+06,,176048.845,,,,,,,,,,1,11.1111,0.990099,1,100,100
196062,,,,,,,,,,,,,,,,,,,,,,,1104,,,,,,
196438,,,,,,,,,,,,,,,,,,,,,,1110,,,,,,,
196593,,,,,,,,,,,,,,,,,,,,,,,1107,,,,,,
196967,,,,,,,,,,,,,,,,,,,,,,1113,,,,,,,
196992,53400,54600,53200,52300,52800,70000,1.2e+06,1.2e+06,1.2e+06,1.2e+06,1.596e+06,1.596e+06,,176057.339,,,,,,,,,,1,9,5.05051,0.990099,100,100
197123,,,,,,,,,,,,,,,,,,,,,,,1110,,,,,,
197496,,,,,,,,,,,,,,,,,,,,,,1116,,,,,,,
197654,,,,,,,,,,,,,,,,,,,,,,,1113,,,,,,
197992,53400,54600,53400,52300,53200,70000,1.2e+06,1.2e+06,1.2e+06,1.2e+06,1.596e+06,1.596e+06,,176065.796,,,,,,,,,,1,14.1414,0,0,100,100
198025,,,,,,,,,,,,,,,,,,,,,,1119,,,,,,,
198185,,,,,,,,,,,,,,,,,,,,,,,1116,,,,,,
198554,,,,,,,,,,,,,,,,,,,,,,1122,,,,,,,
198716,,,,,,,,,,,,,,,,,,,,,,,1119,,,,,,
198991,53400,54600,53200,52500,52800,70000,1.2e+06,1.2e+06,1.2e+06,1.2e+06,1.596e+06,1.596e+06,,176074.189,,,,,,,,,,0,6.06061,5.05051,0,100,100
199083,,,,,,,,,,,,,,,,,,,,,,1125,,,,,,,
199247,,,,,,,,,,,,,,,,,,,,,,,1122,,,,,,
199612,,,,,,,,,,,,,,,,,,,,,,1128,,,,,,,
199778,,,,,,,,,,,,,,,,,,,,,,,1125,,,,,,
199991,53400,54600,53200,52500,52800,70000,1.2e+06,1.2e+06,1.2e+06,1.2e+06,1.596e+06,1.596e+06,,176082.649,,,,,,,,,,2.94118,7,0,9.90099,100,100
200141,,,,,,,,,,,,,,,,,,,,,,1131,,,,,,,
200309,,,,,,,,,,,,,,,,,,,,,,,1128,,,,,,
200670,,,,,,,,,,,,,,,,,,,,,,1134,,,,,,,
200839,,,,,,,,,,,,,,,,,,,,,,,1131,,,,,,
200992,53400,54400,53000,52500,53000,70000,1.2e+06,1.2e+06,1.2e+06,1.2e+06,1.596e+06,1.596e+06,24.579,176091.085,,,,,,,,,,1,9.27835,0,0,100,100
201199,,,,,,,,,,,,,,,,,,,,,,1137,,,,,,,
201370,,,,,,,,,,,,,,,,,,,,,,,1134,,,,,,
201729,,,,,,,,,,,,,,,,,,,,,,1140,,,,,,,
201902,,,,,,,,,,,,,,,,,,,,,,,1137,,,,,,
201992,53600,54400,53400,52600,52800,70000,1.2e+06,1.2e+06,1.2e+06,1.2e+06,1.596e+06,1.596e+06,,176099.480,,,,,,,,,,1,14,1.9802,0,100,100
202260,,,,,,,,,,,,,,,,,,,,,,1143,,,,,,,
202436,,,,,,,,,,,,,,,,,,,,,,,1140,,,,,,
202793,,,,,,,,,,,,,,,,,,,,,,1146,,,,,,,
202969,,,,,,,,,,,,,,,,,,,,,,,1143,,,,,,
202992,53600,54400,53400,52600,53200,70000,1.2e+06,1.2e+06,1.2e+06,1.2e+06,1.596e+06,1.596e+06,,176107.871,,,,,,,,,,1,15.1515,0,0,100,100
203325,,,,,,,,,,,,,,,,,,,,,,1149,,,,,,,
203504,,,,,,,,,,,,,,,,,,,,,,,1146,,,,,,
203855,,,,,,,,,,,,,,,,,,,,,,1152,,,,,,,
203992,53600,54400,53400,52500,53000,70000,1.2e+06,1.2e+06,1.2e+06,1.2e+06,1.596e+06,1.596e+06,,176116.420,,,,,,,,,,0,9.27835,0,0,100,100
204037,,,,,,,,,,,,,,,,,,,,,,,1149,,,,,,
204385,,,,,,,,,,,,,,,,,,,,,,1155,,,,,,,
204568,,,,,,,,,,,,,,,,,,,,,,,1152,,,,,,
204915,,,,,,,,,,,,,,,,,,,,,,1158,,,,,,,
204992,53800,54800,53200,52500,53000,70000,1.2e+06,1.2e+06,1.2e+06,1.2e+06,1.596e+06,1.596e+06,,176124.831,,,,,,,,,,5,3.92157,7.07071,0,100,100
205100,,,,,,,,,,,,,,,,,,,,,,,1155,,,,,,
205444,,,,,,,,,,,,,,,,,,,,,,1161,,,,,,,
205632,,,,,,,,,,,,,,,,,,,,,,,1158,,,,,,
205973,,,,,,,,,,,,,,,,,,,,,,1164,,,,,,,
205992,53600,54400,53000,52500,52800,70000,1.2e+06,1.2e+06,1.2e+06,1.2e+06,1.596e+06,1.596e+06,,176133.304,,,,,,,,,,3,0,14,0,100,100
206163,,,,,,,,,,,,,,,,,,,,,,,1161,,,,,,
206502,,,,,,,,,,,,,,,,,,,,,,1167,,,,,,,
206694,,,,,,,,,,,,,,,,,,,,,,,1164,,,,,,
206992,53600,54600,53200,52500,53000,70000,1.2e+06,1.2e+06,1.2e+06,1.2e+06,1.596e+06,1.596e+06,,176141.676,,,,,,,,,,1,5.05051,5.05051,0,100,100
207032,,,,,,,,,,,,,,,,,,,,,,1170,,,,,,,
207225,,,,,,,,,,,,,,,,,,,,,,,1167,,,,,,
207561,,,,,,,,,,,,,,,,,,,,,,1173,,,,,,,
207756,,,,,,,,,,,,,,,,,,,,,,,1170,,,,,,
207992,53400,54600,53400,52500,52800,70000,1.2e+06,1.2e+06,1.2e+06,1.2e+06,1.596e+06,1.596e+06,,176150.158,,,,,,,,,,1,10,5.05051,0.990099,100,100
208089,,,,,,,,,,,,,,,,,,,,,,1176,,,,,,,
208288,,,,,,,,,,,,,,,,,,,,,,,1173,,,,,,
208618,,,,,,,,,,,,,,,,,,,,,,1179,,,,,,,
208819,,,,,,,,,,,,,,,,,,,,,,,1176,,,,,,
208992,53600,54600,53600,52500,53200,70000,1.2e+06,1.2e+06,1.2e+06,1.2e+06,1.596e+06,1.596e+06,,176158.634,,,,,,,,,,1,7.07071,7,0,100,100
209148,,,,,,,,,,,,,,,,,,,,,,1182,,,,,,,
209351,,,,,,,,,,,,,,,,,,,,,,,1179,,,,,,
209677,,,,,,,,,,,,,,,,,,,,,,1185,,,,,,,
209883,,,,,,,,,,,,,,,,,,,,,,,1182,,,,,,
209992,53600,54600,53600,52500,53200,70000,1.2e+06,1.2e+06,1.2e+06,1.2e+06,1.596e+06,1.596e+06,,176167.012,,,,,,,,,,8.82353,5.10204,2,0,100,100
210205,,,,,,,,,,,,,,,,,,,,,,1188,,,,,,,
210414,,,,,,,,,,,,,,,,,,,,,,,1185,,,,,,
210734,,,,,,,,,,,,,,,,,,,,,,1191,,,,,,,
210945,,,,,,,,,,,,,,,,,,,,,,,1188,,,,,,
210992,53600,54400,53200,52600,53200,70000,1.2e+06,1.2e+06,1.2e+06,1.2e+06,1.596e+06,1.596e+06,24.622,176175.505,,,,,,,,,,1,10.8911,5.05051,0,100,100
211264,,,,,,,,,,,,,,,,,,,,,,1194,,,,,,,
211477,,,,,,,,,,,,,,,,,,,,,,,1191,,,,,,
211793,,,,,,,,,,,,,,,,,,,,,,1197,,,,,,,
211992,53400,54600,53200,52500,53000,70000,1.2e+06,1.2e+06,1.2e+06,1.2e+06,1.596e+06,1.596e+06,,176181.864,,,,,,,,,,0,9.09091,2,0,100,100
212008,,,,,,,,,,,,,,,,,,,,,,,1194,,,,,,
212322,,,,,,,,,,,,,,,,,,,,,,1200,,,,,,,
212540,,,,,,,,,,,,,,,,,,,,,,,1197,,,,,,
212852,,,,,,,,,,,,,,,,,,,,,,1203,,,,,,,
212992,53800,54800,53600,52500,53000,70000,1.2e+06,1.2e+06,1.2e+06,1.2e+06,1.596e+06,1.596e+06,,176190.256,,,,,,,,,,2,12.2449,1,1,100,100
213071,,,,,,,,,,,,,,,,,,,,,,,1200,,,,,,
213381,,,,,,,,,,,,,,,,,,,,,,1206,,,,,,,
213602,,,,,,,,,,,,,,,,,,,,,,,1203,,,,,,
213910,,,,,,,,,,,,,,,,,,,,,,1209,,,,,,,
213992,53800,54800,53400,52500,53200,70000,1.2e+06,1.2e+06,1.2e+06,1.2e+06,1.596e+06,1.596e+06,,176198.721,,,,,,,,,,1,16,0,0,100,100
214134,,,,,,,,,,,,,,,,,,,,,,,1206,,,,,,
214439,,,,,,,,,,,,,,,,,,,,,,1212,,,,,,,
214665,,,,,,,,,,,,,,,,,,,,,,,1209,,,,,,
214968,,,,,,,,,,,,,,,,,,,,,,1215,,,,,,,
214992,53800,54600,53400,52500,53000,70000,1.2e+06,1.2e+06,1.2e+06,1.2e+06,1.596e+06,1.596e+06,,176207.105,,,,,,,,,,1,11.1111,0,0,100,100
215196,,,,,,,,,,,,,,,,,,,,,,,1212,,,,,,
215497,,,,,,,,,,,,,,,,,,,,,,1218,,,,,,,
215728,,,,,,,,,,,,,,,,,,,,,,,1215,,,,,,
215992,53800,54600,53400,52600,53000,70000,1.2e+06,1.2e+06,1.2e+06,1.2e+06,1.596e+06,1.596e+06,,176215.606,,,,,,,,,,1,6.93069,9.09091,0,100,100
216026,,,,,,,,,,,,,,,,,,,,,,1221,,,,,,,
216259,,,,,,,,,,,,,,,,,,,,,,,1218,,,,,,
216555,,,,,,,,,,,,,,,,,,,,,,1224,,,,,,,
216790,,,,,,,,,,,,,,,,,,,,,,,1221,,,,,,
216992,53600,54400,53200,52600,53000,70000,1.2e+06,1.2e+06,1.2e+06,1.2e+06,1.596e+06,1.596e+06,,176223.998,,,,,,,,,,1,11.1111,2,0,100,99.0099
217084,,,,,,,,,,,,,,,,,,,,,,1227,,,,,,,
217321,,,,,,,,,,,,,,,,,,,,,,,1224,,,,,,
217614,,,,,,,,,,,,,,,,,,,,,,1230,,,,,,,
217853,,,,,,,,,,,,,,,,,,,,,,,1227,,,,,,
217992,53800,54600,53200,52500,53200,70000,1.2e+06,1.2e+06,1.2e+06,1.2e+06,1.596e+06,1.596e+06,,176232.475,,,,,,,,,,2,12.8713,1.9802,0,100,100
218143,,,,,,,,,,,,,,,,,,,,,,1233,,,,,,,
218384,,,,,,,,,,,,,,,,,,,,,,,1230,,,,,,
218672,,,,,,,,,,,,,,,,,,,,,,1236,,,,,,,
218915,,,,,,,,,,,,,,,,,,,,,,,1233,,,,,,
218992,53400,54400,53400,52600,53200,70000,1.2e+06,1.2e+06,1.2e+06,1.2e+06,1.596e+06,1.596e+06,,176240.962,,,,,,,,,,1,11.1111,5.05051,0,100,100
219201,,,,,,,,,,,,,,,,,,,,,,1239,,,,,,,
219447,,,,,,,,,,,,,,,,,,,,,,,1236,,,,,,
219730,,,,,,,,,,,,,,,,,,,,,,1242,,,,,,,
219978,,,,,,,,,,,,,,,,,,,,,,,1239,,,,,,
219992,53800,54600,53200,52500,53200,70000,1.2e+06,1.2e+06,1.2e+06,1.2e+06,1.596e+06,1.596e+06,,176249.468,,,,,,,,,,1,6.06061,6,0,100,100
220260,,,,,,,,,,,,,,,,,,,,,,1245,,,,,,,
220510,,,,,,,,,,,,,,,,,,,,,,,1242,,,,,,
220789,,,,,,,,,,,,,,,,,,,,,,1248,,,,,,,
220992,53600,54600,53200,52600,53200,70000,1.2e+06,1.2e+06,1.2e+06,1.2e+06,1.596e+06,1.596e+06,24.675,176257.936,,,,,,,,,,0,13.8614,0,0.990099,100,100
221041,,,,,,,,,,,,,,,,,,,,,,,1245,,,,,,
221318,,,,,,,,,,,,,,,,,,,,,,1251,,,,,,,
221573,,,,,,,,,,,,,,,,,,,,,,,1248,,,,,,
221847,,,,,,,,,,,,,,,,,,,,,,1254,,,,,,,
221992,53400,54600,53200,52300,53000,70000,1.2e+06,1.2e+06,1.2e+06,1.2e+06,1.596e+06,1.596e+06,,176266.333,,,,,,,,,,1,8.16327,7,0,100,100
222104,,,,,,,,,,,,,,,,,,,,,,,1251,,,,,,
222376,,,,,,,,,,,,,,,,,,,,,,1257,,,,,,,
222636,,,,,,,,,,,,,,,,,,,,,,,1254,,,,,,
222905,,,,,,,,,,,,,,,,,,,,,,1260,,,,,,,
222992,53400,54400,53400,52600,53200,70000,1.2e+06,1.2e+06,1.2e+06,1.2e+06,1.596e+06,1.596e+06,,176274.808,,,,,,,,,,1,12,0,0,100,100
223167,,,,,,,,,,,,,,,,,,,,,,,1257,,,,,,
223433,,,,,,,,,,,,,,,,,,,,,,1263,,,,,,,
223699,,,,,,,,,,,,,,,,,,,,,,,1260,,,,,,
223963,,,,,,,,,,,,,,,,,,,,,,1266,,,,,,,
223992,53600,54400,53200,52500,53000,70000,1.2e+06,1.2e+06,1.2e+06,1.2e+06,1.596e+06,1.596e+06,,176283.199,,,,,,,,,,2.94118,15.1515,0,0,100,100
224229,,,,,,,,,,,,,,,,,,,,,,,1263,,,,,,
224492,,,,,,,,,,,,,,,,,,,,,,1269,,,,,,,
224761,,,,,,,,,,,,,,,,,,,,,,,1266,,,,,,
224992,53600,54600,53200,52600,53000,70000,1.2e+06,1.2e+06,1.2e+06,1.2e+06,1.596e+06,1.596e+06,,176291.656,,,,,,,,,,0,10.8911,3.0303,0,100,100
225023,,,,,,,,,,,,,,,,,,,,,,1272,,,,,,,
225292,,,,,,,,,,,,,,,,,,,,,,,1269,,,,,,
225552,,,,,,,,,,,,,,,,,,,,,,1275,,,,,,,
225822,,,,,,,,,,,,,,,,,,,,,,,1272,,,,,,
225992,53400,54400,53200,52500,53000,70000,1.2e+06,1.2e+06,1.2e+06,1.2e+06,1.596e+06,1.596e+06,,176300.127,,,,,,,,,,1,10.3093,0,0,100,100
226081,,,,,,,,,,,,,,,,,,,,,,1278,,,,,,,
226353,,,,,,,,,,,,,,,,,,,,,,,1275,,,,,,
226610,,,,,,,,,,,,,,,,,,,,,,1281,,,,,,,
226884,,,,,,,,,,,,,,,,,,,,,,,1278,,,,,,
226992,53800,54600,53200,52500,52800,70000,1.2e+06,1.2e+06,1.2e+06,1.2e+06,1.596e+06,1.596e+06,,176308.506,,,,,,,,,,1.0101,17,0,0,100,100
227139,,,,,,,,,,,,,,,,,,,,,,1284,,,,,,,
227416,,,,,,,,,,,,,,,,,,,,,,,1281,,,,,,
227668,,,,,,,,,,,,,,,,,,,,,,1287,,,,,,,
227947,,,,,,,,,,,,,,,,,,,,,,,1284,,,,,,
227992,53600,54400,53200,52300,52800,70000,1.2e+06,1.2e+06,1.2e+06,1.2e+06,1.596e+06,1.596e+06,,176316.908,,,,,,,,,,1.9802,5.10204,5.05051,0,100,100
228198,,,,,,,,,,,,,,,,,,,,,,1290,,,,,,,
228478,,,,,,,,,,,,,,,,,,,,,,,1287,,,,,,
228727,,,,,,,,,,,,,,,,,,,,,,1293,,,,,,,
228992,53400,54200,53200,52500,52800,70000,1.2e+06,1.2e+06,1.2e+06,1.2e+06,1.596e+06,1.596e+06,,176325.372,,,,,,,,,,0,11.3402,1,0,100,100
229009,,,,,,,,,,,,,,,,,,,,,,,1290,,,,,,
229256,,,,,,,,,,,,,,,,,,,,,,1296,,,,,,,
229541,,,,,,,,,,,,,,,,,,,,,,,1293,,,,,,
229785,,,,,,,,,,,,,,,,,,,,,,1299,,,,,,,
229992,53800,54400,53200,52800,53000,70000,1.2e+06,1.2e+06,1.2e+06,1.2e+06,1.596e+06,1.596e+06,,176333.827,,,,,,,,,,1,16.6667,0,0.990099,100,100
230072,,,,,,,,,,,,,,,,,,,,,,,1296,,,,,,
230315,,,,,,,,,,,,,,,,,,,,,,1302,,,,,,,
230603,,,,,,,,,,,,,,,,,,,,,,,1299,,,,,,
230844,,,,,,,,,,,,,,,,,,,,,,1305,,,,,,,
230992,53800,54600,53200,52600,53200,70000,1.2e+06,1.2e+06,1.2e+06,1.2e+06,1.596e+06,1.596e+06,24.664,176342.207,,,,,,,,,,1,11.2245,0,0,100,100
231134,,,,,,,,,,,,,,,,,,,,,,,1302,,,,,,
231373,,,,,,,,,,,,,,,,,,,,,,1308,,,,,,,
231665,,,,,,,,,,,,,,,,,,,,,,,1305,,,,,,
231902,,,,,,,,,,,,,,,,,,,,,,1311,,,,,,,
231992,53400,54600,53400,52500,53000,70000,1.2e+06,1.2e+06,1.2e+06,1.2e+06,1.596e+06,1.596e+06,,176350.666,,,,,,,,,,1.9802,9.80392,6.06061,0,100,100
232196,,,,,,,,,,,,,,,,,,,,,,,1308,,,,,,
232431,,,,,,,,,,,,,,,,,,,,,,1314,,,,,,,
232727,,,,,,,,,,,,,,,,,,,,,,,1311,,,,,,
232960,,,,,,,,,,,,,,,,,,,,,,1317,,,,,,,
232992,53800,54600,53400,52500,53000,70000,1.2e+06,1.2e+06,1.2e+06,1.2e+06,1.596e+06,1.596e+06,,176359.163,,,,,,,,,,1,16,0,0.990099,100,100
233259,,,,,,,,,,,,,,,,,,,,,,,1314,,,,,,
233490,,,,,,,,,,,,,,,,,,,,,,1320,,,,,,,
233790,,,,,,,,,,,,,,,,,,,,,,,1317,,,,,,
233992,53800,54400,53200,52500,53200,70000,1.2e+06,1.2e+06,1.2e+06,1.2e+06,1.596e+06,1.596e+06,,176367.568,,,,,,,,,,0,12.8713,0,0,100,100
234019,,,,,,,,,,,,,,,,,,,,,,1323,,,,,,,
234321,,,,,,,,,,,,,,,,,,,,,,,1320,,,,,,
234549,,,,,,,,,,,,,,,,,,,,,,1326,,,,,,,
234853,,,,,,,,,,,,,,,,,,,,,,,1323,,,,,,
234992,53800,54800,53400,52500,53200,70000,1.2e+06,1.2e+06,1.2e+06,1.2e+06,1.596e+06,1.596e+06,,176376.105,,,,,,,,,,1,13,0,0,100,100
235078,,,,,,,,,,,,,,,,,,,,,,1329,,,,,,,
235384,,,,,,,,,,,,,,,,,,,,,,,1326,,,,,,
235607,,,,,,,,,,,,,,,,,,,,,,1332,,,,,,,
235916,,,,,,,,,,,,,,,,,,,,,,,1329,,,,,,
235992,53600,54600,53200,52500,53200,70000,1.2e+06,1.2e+06,1.2e+06,1.2e+06,1.596e+06,1.596e+06,,176384.483,,,,,,,,,,1.9802,11,6.86275,0,100,100
236137,,,,,,,,,,,,,,,,,,,,,,1335,,,,,,,
236447,,,,,,,,,,,,,,,,,,,,,,,1332,,,,,,
236666,,,,,,,,,,,,,,,,,,,,,,1338,,,,,,,
236979,,,,,,,,,,,,,,,,,,,,,,,1335,,,,,,
236992,53800,54600,53600,52500,53200,70000,1.2e+06,1.2e+06,1.2e+06,1.2e+06,1.596e+06,1.596e+06,,176392.994,,,,,,,,,,0,6.93069,6,1.96078,100,100
237196,,,,,,,,,,,,,,,,,,,,,,1341,,,,,,,
237510,,,,,,,,,,,,,,,,,,,,,,,1338,,,,,,
237725,,,,,,,,,,,,,,,,,,,,,,1344,,,,,,,
237991,53400,54600,53200,52500,53200,70000,1.2e+06,1.2e+06,1.2e+06,1.2e+06,1.596e+06,1.596e+06,,176401.359,,,,,,,,,,1.0101,8,6.06061,0,100,100
238041,,,,,,,,,,,,,,,,,,,,,,,1341,,,,,,
238254,,,,,,,,,,,,,,,,,,,,,,1347,,,,,,,
238572,,,,,,,,,,,,,,,,,,,,,,,1344,,,,,,
238784,,,,,,,,,,,,,,,,,,,,,,1350,,,,,,,
238992,53800,54400,53200,52500,53000,70000,1.2e+06,1.2e+06,1.2e+06,1.2e+06,1.596e+06,1.596e+06,,176409.834,,,,,,,,,,1,16,0,0,100,100
239104,,,,,,,,,,,,,,,,,,,,,,,1347,,,,,,
239313,,,,,,,,,,,,,,,,,,,,,,1353,,,,,,,
239635,,,,,,,,,,,,,,,,,,,,,,,1350,,,,,,
239842,,,,,,,,,,,,,,,,,,,,,,1356,,,,,,,
239992,53600,54600,53600,52500,53000,70000,1.2e+06,1.2e+06,1.2e+06,1.2e+06,1.596e+06,1.596e+06,,176418.309,,,,,,,,,,1,11.1111,0,0,100,100
240166,,,,,,,,,,,,,,,,,,,,,,,1353,,,,,,
240371,,,,,,,,,,,,,,,,,,,,,,1359,,,,,,,
240697,,,,,,,,,,,,,,,,,,,,,,,1356,,,,,,
240900,,,,,,,,,,,,,,,,,,,,,,1362,,,,,,,
240992,53800,54600,53400,52500,53200,70000,1.2e+06,1.2e+06,1.2e+06,1.2e+06,1.596e+06,1.596e+06,24.686,176426.706,,,,,,,,,,2.94118,17.6471,0,0,100,100
241227,,,,,,,,,,,,,,,,,,,,,,,1359,,,,,,
241429,,,,,,,,,,,,,,,,,,,,,,1365,,,,,,,
241759,,,,,,,,,,,,,,,,,,,,,,,1362,,,,,,
241959,,,,,,,,,,,,,,,,,,,,,,1368,,,,,,,
241992,53600,54800,53200,52600,53200,70000,1.2e+06,1.2e+06,1.2e+06,1.2e+06,1.596e+06,1.596e+06,,176435.197,,,,,,,,,,0,9.09091,4.9505,0.990099,100,100
242290,,,,,,,,,,,,,,,,,,,,,,,1365,,,,,,
242488,,,,,,,,,,,,,,,,,,,,,,1371,,,,,,,
242821,,,,,,,,,,,,,,,,,,,,,,,1368,,,,,,
242992,53600,54400,53200,52500,53200,70000,1.2e+06,1.2e+06,1.2e+06,1.2e+06,1.596e+06,1.596e+06,,176443.681,,,,,,,,,,8.82353,7.07071,0,1,100,100
243017,,,,,,,,,,,,,,,,,,,,,,1374,,,,,,,
243352,,,,,,,,,,,,,,,,,,,,,,,1371,,,,,,
243547,,,,,,,,,,,,,,,,,,,,,,1377,,,,,,,
243883,,,,,,,,,,,,,,,,,,,,,,,1374,,,,,,
243992,53800,54800,53600,52500,52800,70000,1.2e+06,1.2e+06,1.2e+06,1.2e+06,1.596e+06,1.596e+06,,176452.072,,,,,,,,,,0,11,5,0.990099,100,100
244075,,,,,,,,,,,,,,,,,,,,,,1380,,,,,,,
244414,,,,,,,,,,,,,,,,,,,,,,,1377,,,,,,
244605,,,,,,,,,,,,,,,,,,,,,,1383,,,,,,,
244945,,,,,,,,,,,,,,,,,,,,,,,1380,,,,,,
244992,53800,54600,53200,52500,53200,70000,1.2e+06,1.2e+06,1.2e+06,1.2e+06,1.596e+06,1.596e+06,,176460.527,,,,,,,,,,1,11,1,0,100,100
245134,,,,,,,,,,,,,,,,,,,,,,1386,,,,,,,
245476,,,,,,,,,,,,,,,,,,,,,,,1383,,,,,,
245663,,,,,,,,,,,,,,,,,,,,,,1389,,,,,,,
245992,53800,54600,53200,52500,53200,70000,1.2e+06,1.2e+06,1.2e+06,1.2e+06,1.596e+06,1.596e+06,,176468.908,,,,,,,,,,1.9802,13,0,1,100,100
246008,,,,,,,,,,,,,,,,,,,,,,,1386,,,,,,
246193,,,,,,,,,,,,,,,,,,,,,,1392,,,,,,,
246539,,,,,,,,,,,,,,,,,,,,,,,1389,,,,,,
246722,,,,,,,,,,,,,,,,,,,,,,1395,,,,,,,
246992,53800,54400,53200,52500,52800,70000,1.2e+06,1.2e+06,1.2e+06,1.2e+06,1.596e+06,1.596e+06,,176477.376,,,,,,,,,,2,15.1515,0,0,100,100
247071,,,,,,,,,,,,,,,,,,,,,,,1392,,,,,,
247252,,,,,,,,,,,,,,,,,,,,,,1398,,,,,,,
247603,,,,,,,,,,,,,,,,,,,,,,,1395,,,,,,
247783,,,,,,,,,,,,,,,,,,,,,,1401,,,,,,,
247992,53800,54200,53200,52600,53000,70000,1.2e+06,1.2e+06,1.2e+06,1.2e+06,1.596e+06,1.596e+06,,176485.843,,,,,,,,,,1,7,6.93069,0,100,100
248136,,,,,,,,,,,,,,,,,,,,,,,1398,,,,,,
248316,,,,,,,,,,,,,,,,,,,,,,1404,,,,,,,
248670,,,,,,,,,,,,,,,,,,,,,,,1401,,,,,,
248848,,,,,,,,,,,,,,,,,,,,,,1407,,,,,,,
248992,53600,54400,53200,52500,53200,70000,1.2e+06,1.2e+06,1.2e+06,1.2e+06,1.596e+06,1.596e+06,,176494.208,,,,,,,,,,7,0.990099,5.05051,4,100,100
249205,,,,,,,,,,,,,,,,,,,,,,,1404,,,,,,
249379,,,,,,,,,,,,,,,,,,,,,,1410,,,,,,,
249737,,,,,,,,,,,,,,,,,,,,,,,1407,,,,,,
249909,,,,,,,,,,,,,,,,,,,,,,1413,,,,,,,
249992,53800,54600,53600,52600,53200,70000,1.2e+06,1.2e+06,1.2e+06,1.2e+06,1.596e+06,1.596e+06,,176502.608,,,,,,,,,,6.06061,1,0,8,100,100
250269,,,,,,,,,,,,,,,,,,,,,,,1410,,,,,,
250439,,,,,,,,,,,,,,,,,,,,,,1416,,,,,,,
250800,,,,,,,,,,,,,,,,,,,,,,,1413,,,,,,
250968,,,,,,,,,,,,,,,,,,,,,,1419,,,,,,,
250992,53600,54600,53400,52500,53200,70000,1.2e+06,1.2e+06,1.2e+06,1.2e+06,1.596e+06,1.596e+06,24.643,176511.092,,,,,,,,,,6.06061,0.990099,0.990099,8.08081,100,100
251331,,,,,,,,,,,,,,,,,,,,,,,1416,,,,,,
251496,,,,,,,,,,,,,,,,,,,,,,1422,,,,,,,
251862,,,,,,,,,,,,,,,,,,,,,,,1419,,,,,,
251991,53600,54600,53400,52500,53200,70000,1.2e+06,1.2e+06,1.2e+06,1.2e+06,1.596e+06,1.596e+06,,176517.461,,,,,,,,,,0,0,0,15,100,100
252025,,,,,,,,,,,,,,,,,,,,,,1425,,,,,,,
252393,,,,,,,,,,,,,,,,,,,,,,,1422,,,,,,
252553,,,,,,,,,,,,,,,,,,,,,,1428,,,,,,,
252924,,,,,,,,,,,,,,,,,,,,,,,1425,,,,,,
252992,53800,54600,53200,52500,53200,70000,1.2e+06,1.2e+06,1.2e+06,1.2e+06,1.596e+06,1.596e+06,,176525.851,,,,,,,,,,1,0,0,11.1111,100,100
253082,,,,,,,,,,,,,,,,,,,,,,1431,,,,,,,
253455,,,,,,,,,,,,,,,,,,,,,,,1428,,,,,,
253611,,,,,,,,,,,,,,,,,,,,,,1434,,,,,,,
253986,,,,,,,,,,,,,,,,,,,,,,,1431,,,,,,
253992,53800,54600,53200,52600,53200,70000,1.2e+06,1.2e+06,1.2e+06,1.2e+06,1.596e+06,1.596e+06,,176534.310,,,,,,,,,,1,0,0,13.2653,99,100
254140,,,,,,,,,,,,,,,,,,,,,,1437,,,,,,,
254518,,,,,,,,,,,,,,,,,,,,,,,1434,,,,,,
254669,,,,,,,,,,,,,,,,,,,,,,1440,,,,,,,
254992,53800,54400,53600,52500,53000,70000,1.2e+06,1.2e+06,1.2e+06,1.2e+06,1.596e+06,1.596e+06,,176542.723,,,,,,,,,,7,0.990099,0,8.08081,100,100
255049,,,,,,,,,,,,,,,,,,,,,,,1437,,,,,,
255198,,,,,,,,,,,,,,,,,,,,,,1443,,,,,,,
255580,,,,,,,,,,,,,,,,,,,,,,,1440,,,,,,
255727,,,,,,,,,,,,,,,,,,,,,,1446,,,,,,,
255992,53800,54400,53200,52300,52800,70000,1.2e+06,1.2e+06,1.2e+06,1.2e+06,1.596e+06,1.596e+06,,176551.210,,,,,,,,,,6.93069,4.08163,0.990099,2,100,100
256112,,,,,,,,,,,,,,,,,,,,,,,1443,,,,,,
256256,,,,,,,,,,,,,,,,,,,,,,1449,,,,,,,
256643,,,,,,,,,,,,,,,,,,,,,,,1446,,,,,,
256785,,,,,,,,,,,,,,,,,,,,,,1452,,,,,,,
256992,53600,54800,53200,52500,53200,70000,1.2e+06,1.2e+06,1.2e+06,1.2e+06,1.596e+06,1.596e+06,,176559.649,,,,,,,,,,1.0101,10.101,6.06061,0,100,100
257174,,,,,,,,,,,,,,,,,,,,,,,1449,,,,,,
257315,,,,,,,,,,,,,,,,,,,,,,1455,,,,,,,
257706,,,,,,,,,,,,,,,,,,,,,,,1452,,,,,,
257844,,,,,,,,,,,,,,,,,,,,,,1458,,,,,,,
257992,53400,54400,53200,52500,53000,70000,1.2e+06,1.2e+06,1.2e+06,1.2e+06,1.596e+06,1.596e+06,,176568.108,,,,,,,,,,1,7,6.93069,0,100,100
258237,,,,,,,,,,,,,,,,,,,,,,,1455,,,,,,
258373,,,,,,,,,,,,,,,,,,,,,,1461,,,,,,,
258769,,,,,,,,,,,,,,,,,,,,,,,1458,,,,,,
258903,,,,,,,,,,,,,,,,,,,,,,1464,,,,,,,
258992,53600,54400,53400,52300,53000,70000,1.2e+06,1.2e+06,1.2e+06,1.2e+06,1.596e+06,1.596e+06,,176576.501,,,,,,,,,,1.0101,6.93069,8,0,100,100
259300,,,,,,,,,,,,,,,,,,,,,,,1461,,,,,,
259432,,,,,,,,,,,,,,,,,,,,,,1467,,,,,,,
259832,,,,,,,,,,,,,,,,,,,,,,,1464,,,,,,
259961,,,,,,,,,,,,,,,,,,,,,,1470,,,,,,,
259992,53600,54600,53200,52600,53200,70000,1.2e+06,1.2e+06,1.2e+06,1.2e+06,1.596e+06,1.596e+06,,176584.987,,,,,,,,,,1,7.07071,8,0,100,100
260363,,,,,,,,,,,,,,,,,,,,,,,1467,,,,,,
260490,,,,,,,,,,,,,,,,,,,,,,1473,,,,,,,
260894,,,,,,,,,,,,,,,,,,,,,,,1470,,,,,,
260992,53800,54600,53200,52500,53200,70000,1.2e+06,1.2e+06,1.2e+06,1.2e+06,1.596e+06,1.596e+06,24.611,176593.388,,,,,,,,,,0,10.2041,0,0,100,100
261019,,,,,,,,,,,,,,,,,,,,,,1476,,,,,,,
261426,,,,,,,,,,,,,,,,,,,,,,,1473,,,,,,
261549,,,,,,,,,,,,,,,,,,,,,,1479,,,,,,,
261957,,,,,,,,,,,,,,,,,,,,,,,1476,,,,,,
261992,53600,54600,53200,52500,53200,70000,1.2e+06,1.2e+06,1.2e+06,1.2e+06,1.596e+06,1.596e+06,,176601.843,,,,,,,,,,1.0101,0,14.2857,1,100,100
262078,,,,,,,,,,,,,,,,,,,,,,1482,,,,,,,
262489,,,,,,,,,,,,,,,,,,,,,,,1479,,,,,,
262607,,,,,,,,,,,,,,,,,,,,,,1485,,,,,,,
262992,53400,54600,53200,52600,53000,70000,1.2e+06,1.2e+06,1.2e+06,1.2e+06,1.596e+06,1.596e+06,,176610.237,,,,,,,,,,1,0,14,0,100,100
263020,,,,,,,,,,,,,,,,,,,,,,,1482,,,,,,
263136,,,,,,,,,,,,,,,,,,,,,,1488,,,,,,,
263552,,,,,,,,,,,,,,,,,,,,,,,1485,,,,,,
263665,,,,,,,,,,,,,,,,,,,,,,1491,,,,,,,
263992,53600,54600,53200,52500,53200,70000,1.2e+06,1.2e+06,1.2e+06,1.2e+06,1.596e+06,1.596e+06,,176618.706,,,,,,,,,,1,0,12,0,100,100
264083,,,,,,,,,,,,,,,,,,,,,,,1488,,,,,,
264195,,,,,,,,,,,,,,,,,,,,,,1494,,,,,,,
264614,,,,,,,,,,,,,,,,,,,,,,,1491,,,,,,
264724,,,,,,,,,,,,,,,,,,,,,,1497,,,,,,,
264992,53400,54400,53400,52500,52800,70000,1.2e+06,1.2e+06,1.2e+06,1.2e+06,1.596e+06,1.596e+06,,176627.086,,,,,,,,,,1.9802,1,13.1313,0,100,100
265146,,,,,,,,,,,,,,,,,,,,,,,1494,,,,,,
265253,,,,,,,,,,,,,,,,,,,,,,1500,,,,,,,
265678,,,,,,,,,,,,,,,,,,,,,,,1497,,,,,,
265782,,,,,,,,,,,,,,,,,,,,,,1503,,,,,,,
265992,53400,54400,53200,52500,52800,70000,1.2e+06,1.2e+06,1.2e+06,1.2e+06,1.596e+06,1.596e+06,,176635.476,,,,,,,,,,5.10204,0,10,0,100,100
266209,,,,,,,,,,,,,,,,,,,,,,,1500,,,,,,
266311,,,,,,,,,,,,,,,,,,,,,,1506,,,,,,,
266741,,,,,,,,,,,,,,,,,,,,,,,1503,,,,,,
266840,,,,,,,,,,,,,,,,,,,,,,1509,,,,,,,
266992,53600,54400,53200,52500,52800,70000,1.2e+06,1.2e+06,1.2e+06,1.2e+06,1.596e+06,1.596e+06,,176644.044,,,,,,,,,,1,0,13.7255,0,100,100
267272,,,,,,,,,,,,,,,,,,,,,,,1506,,,,,,
267369,,,,,,,,,,,,,,,,,,,,,,1512,,,,,,,
267802,,,,,,,,,,,,,,,,,,,,,,,1509,,,,,,
267898,,,,,,,,,,,,,,,,,,,,,,1515,,,,,,,
267992,53600,54400,53000,52500,53000,70000,1.2e+06,1.2e+06,1.2e+06,1.2e+06,1.596e+06,1.596e+06,,176652.400,,,,,,,,,,1.0101,0,8.08081,6.93069,100,100
268334,,,,,,,,,,,,,,,,,,,,,,,1512,,,,,,
268427,,,,,,,,,,,,,,,,,,,,,,1518,,,,,,,
268865,,,,,,,,,,,,,,,,,,,,,,,1515,,,,,,
268956,,,,,,,,,,,,,,,,,,,,,,1521,,,,,,,
268992,53800,54400,53200,52500,52800,70000,1.2e+06,1.2e+06,1.2e+06,1.2e+06,1.596e+06,1.596e+06,,176660.874,,,,,,,,,,0,1,15,0,100,100
269397,,,,,,,,,,,,,,,,,,,,,,,1518,,,,,,
269486,,,,,,,,,,,,,,,,,,,,,,1524,,,,,,,
269928,,,,,,,,,,,,,,,,,,,,,,,1521,,,,,,
269992,53600,54400,53200,52500,53000,70000,1.2e+06,1.2e+06,1.2e+06,1.2e+06,1.596e+06,1.596e+06,,176669.373,,,,,,,,,,1,0,12.8713,0,100,100
270015,,,,,,,,,,,,,,,,,,,,,,1527,,,,,,,
270460,,,,,,,,,,,,,,,,,,,,,,,1524,,,,,,
270545,,,,,,,,,,,,,,,,,,,,,,1530,,,,,,,
270991,53800,54400,53200,52600,53200,70000,1.2e+06,1.2e+06,1.2e+06,1.2e+06,1.596e+06,1.596e+06,24.6,176677.781,,,,,,,,,,1,1.9802,6,8.08081,100,100
270993,,,,,,,,,,,,,,,,,,,,,,,1527,,,,,,
271074,,,,,,,,,,,,,,,,,,,,,,1533,,,,,,,
271523,,,,,,,,,,,,,,,,,,,,,,,1530,,,,,,
271603,,,,,,,,,,,,,,,,,,,,,,1536,,,,,,,
271992,53800,54400,53200,52500,53000,70000,1.2e+06,1.2e+06,1.2e+06,1.2e+06,1.596e+06,1.596e+06,,176686.258,,,,,,,,,,1,0,11.1111,2.0202,100,100
272054,,,,,,,,,,,,,,,,,,,,,,,1533,,,,,,
272132,,,,,,,,,,,,,,,,,,,,,,1539,,,,,,,
272585,,,,,,,,,,,,,,,,,,,,,,,1536,,,,,,
272661,,,,,,,,,,,,,,,,,,,,,,1542,,,,,,,
272992,53400,54200,53200,52500,53000,70000,1.2e+06,1.2e+06,1.2e+06,1.2e+06,1.596e+06,1.596e+06,,176694.658,,,,,,,,,,1,5.05051,1,6.86275,100,100
273116,,,,,,,,,,,,,,,,,,,,,,,1539,,,,,,
273190,,,,,,,,,,,,,,,,,,,,,,1545,,,,,,,
273647,,,,,,,,,,,,,,,,,,,,,,,1542,,,,,,
273720,,,,,,,,,,,,,,,,,,,,,,1548,,,,,,,
273991,53600,54600,53200,52600,53200,70000,1.2e+06,1.2e+06,1.2e+06,1.2e+06,1.596e+06,1.596e+06,,176703.147,,,,,,,,,,1,10,0,6,100,100
274179,,,,,,,,,,,,,,,,,,,,,,,1545,,,,,,
274249,,,,,,,,,,,,,,,,,,,,,,1551,,,,,,,
274710,,,,,,,,,,,,,,,,,,,,,,,1548,,,,,,
274778,,,,,,,,,,,,,,,,,,,,,,1554,,,,,,,
274992,53600,54600,53200,52500,53200,70000,1.2e+06,1.2e+06,1.2e+06,1.2e+06,1.596e+06,1.596e+06,,176711.614,,,,,,,,,,1.9802,14.8515,1,0,100,100
275241,,,,,,,,,,,,,,,,,,,,,,,1551,,,,,,
275308,,,,,,,,,,,,,,,,,,,,,,1557,,,,,,,
275772,,,,,,,,,,,,,,,,,,,,,,,1554,,,,,,
275836,,,,,,,,,,,,,,,,,,,,,,1560,,,,,,,
275992,53600,54600,53600,52600,53200,70000,1.2e+06,1.2e+06,1.2e+06,1.2e+06,1.596e+06,1.596e+06,,176720.002,,,,,,,,,,1,10.2041,0,0,100,100
276303,,,,,,,,,,,,,,,,,,,,,,,1557,,,,,,
276366,,,,,,,,,,,,,,,,,,,,,,1563,,,,,,,
276834,,,,,,,,,,,,,,,,,,,,,,,1560,,,,,,
276895,,,,,,,,,,,,,,,,,,,,,,1566,,,,,,,
276992,53800,54800,53200,52600,53200,70000,1.2e+06,1.2e+06,1.2e+06,1.2e+06,1.596e+06,1.596e+06,,176728.444,,,,,,,,,,1.0101,16,0,0,100,100
277365,,,,,,,,,,,,,,,,,,,,,,,1563,,,,,,
277424,,,,,,,,,,,,,,,,,,,,,,1569,,,,,,,
277897,,,,,,,,,,,,,,,,,,,,,,,1566,,,,,,
277954,,,,,,,,,,,,,,,,,,,,,,1572,,,,,,,
277992,53600,54600,53400,52500,53200,70000,1.2e+06,1.2e+06,1.2e+06,1.2e+06,1.596e+06,1.596e+06,,176736.913,,,,,,,,,,0,14,1,0,100,100
278429,,,,,,,,,,,,,,,,,,,,,,,1569,,,,,,
278483,,,,,,,,,,,,,,,,,,,,,,1575,,,,,,,
278960,,,,,,,,,,,,,,,,,,,,,,,1572,,,,,,
278992,53800,54600,53200,52600,53200,70000,1.2e+06,1.2e+06,1.2e+06,1.2e+06,1.596e+06,1.596e+06,,176745.336,,,,,,,,,,1.9802,10.2041,0,0,100,100
279012,,,,,,,,,,,,,,,,,,,,,,1578,,,,,,,
279491,,,,,,,,,,,,,,,,,,,,,,,1575,,,,,,
279542,,,,,,,,,,,,,,,,,,,,,,1581,,,,,,,
279991,53800,54800,53600,52600,53200,70000,1.2e+06,1.2e+06,1.2e+06,1.2e+06,1.596e+06,1.596e+06,,176753.778,,,,,,,,,,1.0101,9.90099,0,5.05051,100,100
280022,,,,,,,,,,,,,,,,,,,,,,,1578,,,,,,
280071,,,,,,,,,,,,,,,,,,,,,,1584,,,,,,,
280554,,,,,,,,,,,,,,,,,,,,,,,1581,,,,,,
280600,,,,,,,,,,,,,,,,,,,,,,1587,,,,,,,
280992,53800,54800,53400,52600,53200,70000,1.2e+06,1.2e+06,1.2e+06,1.2e+06,1.596e+06,1.596e+06,24.622,176762.180,,,,,,,,,,1.9802,15.8416,0,0,100,100
281085,,,,,,,,,,,,,,,,,,,,,,,1584,,,,,,
281129,,,,,,,,,,,,,,,,,,,,,,1590,,,,,,,
281616,,,,,,,,,,,,,,,,,,,,,,,1587,,,,,,
281659,,,,,,,,,,,,,,,,,,,,,,1593,,,,,,,
281992,53800,54400,53600,52800,53200,70000,1.2e+06,1.2e+06,1.2e+06,1.2e+06,1.596e+06,1.596e+06,,176770.674,,,,,,,,,,0,7,0,5.05051,100,100
282148,,,,,,,,,,,,,,,,,,,,,,,1590,,,,,,
282188,,,,,,,,,,,,,,,,,,,,,,1596,,,,,,,
282679,,,,,,,,,,,,,,,,,,,,,,,1593,,,,,,
282717,,,,,,,,,,,,,,,,,,,,,,1599,,,,,,,
282992,53800,54600,53400,52500,52800,70000,1.2e+06,1.2e+06,1.2e+06,1.2e+06,1.596e+06,1.596e+06,,176779.172,,,,,,,,,,1.0101,16,0,0.990099,100,100
283210,,,,,,,,,,,,,,,,,,,,,,,1596,,,,,,
283246,,,,,,,,,,,,,,,,,,,,,,1602,,,,,,,
283742,,,,,,,,,,,,,,,,,,,,,,,1599,,,,,,
283776,,,,,,,,,,,,,,,,,,,,,,1605,,,,,,,
283992,53800,54600,53200,52500,53200,70000,1.2e+06,1.2e+06,1.2e+06,1.2e+06,1.596e+06,1.596e+06,,176787.629,,,,,,,,,,1,7.07071,0,5.05051,100,100
284273,,,,,,,,,,,,,,,,,,,,,,,1602,,,,,,
284305,,,,,,,,,,,,,,,,,,,,,,1608,,,,,,,
284804,,,,,,,,,,,,,,,,,,,,,,,1605,,,,,,
284834,,,,,,,,,,,,,,,,,,,,,,1611,,,,,,,
284992,53800,54800,53200,52800,53400,70000,1.2e+06,1.2e+06,1.2e+06,1.2e+06,1.596e+06,1.596e+06,,176796.015,,,,,,,,,,1,12.2449,0.990099,0,100,100
285336,,,,,,,,,,,,,,,,,,,,,,,1608,,,,,,
285363,,,,,,,,,,,,,,,,,,,,,,1614,,,,,,,
285867,,,,,,,,,,,,,,,,,,,,,,,1611,,,,,,
285892,,,,,,,,,,,,,,,,,,,,,,1617,,,,,,,
285992,53800,54800,53400,52800,53200,70000,1.2e+06,1.2e+06,1.2e+06,1.2e+06,1.596e+06,1.596e+06,,176804.479,,,,,,,,,,0,15,1,0,100,100
286398,,,,,,,,,,,,,,,,,,,,,,,1614,,,,,,
286421,,,,,,,,,,,,,,,,,,,,,,1620,,,,,,,
286929,,,,,,,,,,,,,,,,,,,,,,,1617,,,,,,
286951,,,,,,,,,,,,,,,,,,,,,,1623,,,,,,,
286992,53600,54600,53600,52600,53200,70000,1.2e+06,1.2e+06,1.2e+06,1.2e+06,1.596e+06,1.596e+06,,176812.975,,,,,,,,,,1.0101,0,11,0,100,100
287460,,,,,,,,,,,,,,,,,,,,,,,1620,,,,,,
287480,,,,,,,,,,,,,,,,,,,,,,1626,,,,,,,
287991,,,,,,,,,,,,,,,,,,,,,,,1623,,,,,,
287992,53800,54600,53400,52600,53000,70000,1.2e+06,1.2e+06,1.2e+06,1.2e+06,1.596e+06,1.596e+06,,176821.354,,,,,,,,,,1,0,13.1313,0,100,100
288009,,,,,,,,,,,,,,,,,,,,,,1629,,,,,,,
288521,,,,,,,,,,,,,,,,,,,,,,,1626,,,,,,
288538,,,,,,,,,,,,,,,,,,,,,,1632,,,,,,,
288992,53800,54800,53400,52600,53200,70000,1.2e+06,1.2e+06,1.2e+06,1.2e+06,1.596e+06,1.596e+06,,176829.847,,,,,,,,,,2.94118,0.990099,9.09091,5.05051,100,100
289052,,,,,,,,,,,,,,,,,,,,,,,1629,,,,,,
289067,,,,,,,,,,,,,,,,,,,,,,1635,,,,,,,
289584,,,,,,,,,,,,,,,,,,,,,,,1632,,,,,,
289596,,,,,,,,,,,,,,,,,,,,,,1638,,,,,,,
289992,53800,54600,53400,52500,53000,70000,1.2e+06,1.2e+06,1.2e+06,1.2e+06,1.596e+06,1.596e+06,,176838.224,,,,,,,,,,0,0,12,0.990099,100,100
290115,,,,,,,,,,,,,,,,,,,,,,,1635,,,,,,
290126,,,,,,,,,,,,,,,,,,,,,,1641,,,,,,,
290647,,,,,,,,,,,,,,,,,,,,,,,1638,,,,,,
290656,,,,,,,,,,,,,,,,,,,,,,1644,,,,,,,
290991,53800,54600,53200,52500,53000,70000,1.2e+06,1.2e+06,1.2e+06,1.2e+06,1.596e+06,1.596e+06,24.643,176846.692,,,,,,,,,,5.05051,0,10.8911,0,100,100
291179,,,,,,,,,,,,,,,,,,,,,,,1641,,,,,,
291185,,,,,,,,,,,,,,,,,,,,,,1647,,,,,,,
291710,,,,,,,,,,,,,,,,,,,,,,,1644,,,,,,
291714,,,,,,,,,,,,,,,,,,,,,,1650,,,,,,,
291992,53800,54800,53600,52800,53400,70000,1.2e+06,1.2e+06,1.2e+06,1.2e+06,1.596e+06,1.596e+06,,176855.098,,,,,,,,,,1,0,19.2308,0,100,100
292242,,,,,,,,,,,,,,,,,,,,,,,1647,,,,,,
292245,,,,,,,,,,,,,,,,,,,,,,1653,,,,,,,
292775,,,,,,,,,,,,,,,,,,,,,,,1650,,,,,,
292777,,,,,,,,,,,,,,,,,,,,,,1656,,,,,,,
292992,53400,54600,53200,52600,53200,70000,1.2e+06,1.2e+06,1.2e+06,1.2e+06,1.596e+06,1.596e+06,,176861.388,,,,,,,,,,1,0,5.05051,6,100,100
293308,,,,,,,,,,,,,,,,,,,,,,,1653,,,,,,
293310,,,,,,,,,,,,,,,,,,,,,,1659,,,,,,,
293841,,,,,,,,,,,,,,,,,,,,,,1662,,,,,,,
293844,,,,,,,,,,,,,,,,,,,,,,,1656,,,,,,
293992,53800,54600,53400,52600,53000,70000,1.2e+06,1.2e+06,1.2e+06,1.2e+06,1.596e+06,1.596e+06,,176869.848,,,,,,,,,,5.10204,1,8.08081,0,100,100
294372,,,,,,,,,,,,,,,,,,,,,,1665,,,,,,,
294376,,,,,,,,,,,,,,,,,,,,,,,1659,,,,,,
294902,,,,,,,,,,,,,,,,,,,,,,1668,,,,,,,
294908,,,,,,,,,,,,,,,,,,,,,,,1662,,,,,,
294992,53800,54400,53400,52500,53000,70000,1.2e+06,1.2e+06,1.2e+06,1.2e+06,1.596e+06,1.596e+06,,176878.326,,,,,,,,,,0,0,0,13.4021,100,100
295431,,,,,,,,,,,,,,,,,,,,,,1671,,,,,,,
295439,,,,,,,,,,,,,,,,,,,,,,,1665,,,,,,
295960,,,,,,,,,,,,,,,,,,,,,,1674,,,,,,,
295970,,,,,,,,,,,,,,,,,,,,,,,1668,,,,,,
295991,53800,54600,53200,52500,53000,70000,1.2e+06,1.2e+06,1.2e+06,1.2e+06,1.596e+06,1.596e+06,,176886.724,,,,,,,,,,1.9802,0.990099,0,12.8713,100,100
296489,,,,,,,,,,,,,,,,,,,,,,1677,,,,,,,
296502,,,,,,,,,,,,,,,,,,,,,,,1671,,,,,,
296992,53800,54600,53200,52500,53000,70000,1.2e+06,1.2e+06,1.2e+06,1.2e+06,1.596e+06,1.596e+06,,176895.207,,,,,,,,,,1.0101,5,0.990099,11.1111,100,100
297018,,,,,,,,,,,,,,,,,,,,,,1680,,,,,,,
297033,,,,,,,,,,,,,,,,,,,,,,,1674,,,,,,
297547,,,,,,,,,,,,,,,,,,,,,,1683,,,,,,,
297564,,,,,,,,,,,,,,,,,,,,,,,1677,,,,,,
297992,53600,54600,53200,52600,53200,70000,1.2e+06,1.2e+06,1.2e+06,1.2e+06,1.596e+06,1.596e+06,,176903.602,,,,,,,,,,1,7.07071,0,6,100,100
298076,,,,,,,,,,,,,,,,,,,,,,1686,,,,,,,
298095,,,,,,,,,,,,,,,,,,,,,,,1680,,,,,,
298605,,,,,,,,,,,,,,,,,,,,,,1689,,,,,,,
298627,,,,,,,,,,,,,,,,,,,,,,,1683,,,,,,
298992,53800,54400,53400,52600,53000,70000,1.2e+06,1.2e+06,1.2e+06,1.2e+06,1.596e+06,1.596e+06,,176911.986,,,,,,,,,,1.9802,6.06061,0,6,100,100
299134,,,,,,,,,,,,,,,,,,,,,,1692,,,,,,,
299158,,,,,,,,,,,,,,,,,,,,,,,1686,,,,,,
299663,,,,,,,,,,,,,,,,,,,,,,1695,,,,,,,
299689,,,,,,,,,,,,,,,,,,,,,,,1689,,,,,,
299991,53800,54800,53400,52500,53000,70000,1.2e+06,1.2e+06,1.2e+06,1.2e+06,1.596e+06,1.596e+06,,176920.444,,,,,,,,,,0,10.101,0,5.05051,100,100
